age,annual_income,employment_years,existing_debt,loan_amount,credit_history_years,num_delinquencies,debt_to_income,loan_to_income,home_ownership,purpose,default
24,41000.0,6.9,17600.0,27600.0,6.1,0,0.51,0.673,RENT,home_improvement,0
55,40000.0,11.6,21200.0,10300.0,6.2,2,0.561,0.258,RENT,home_improvement,1
49,69000.0,11.1,7100.0,60900.0,8.9,2,0.209,0.883,MORTGAGE,debt_consolidation,0
40,71000.0,6.0,8800.0,17200.0,9.5,0,0.153,0.242,MORTGAGE,other,0
40,39000.0,0.0,13600.0,41700.0,9.3,0,0.477,1.069,MORTGAGE,medical,0
58,41000.0,1.0,20800.0,23500.0,14.0,0,0.576,0.573,RENT,debt_consolidation,0
24,63000.0,9.4,3000.0,49100.0,2.0,2,0.141,0.779,OWN,debt_consolidation,0
51,34000.0,0.0,17400.0,37700.0,0.0,2,0.645,1.109,RENT,home_improvement,1
29,41000.0,4.5,8400.0,36800.0,13.1,0,0.313,0.898,MORTGAGE,education,0
25,51000.0,7.5,12400.0,34300.0,3.3,2,0.324,0.673,OWN,debt_consolidation,0
44,77000.0,12.6,15700.0,39500.0,6.1,0,0.265,0.513,OWN,education,0
63,37000.0,3.4,20200.0,21500.0,4.9,2,0.616,0.581,MORTGAGE,home_improvement,1
53,21000.0,3.1,1600.0,9300.0,4.8,1,0.129,0.443,RENT,other,0
54,21000.0,5.8,7200.0,23900.0,0.7,2,0.479,1.138,OWN,education,0
52,28000.0,7.6,2500.0,9500.0,5.2,2,0.13,0.339,MORTGAGE,debt_consolidation,0
55,27000.0,5.3,15000.0,14100.0,11.2,0,0.618,0.522,MORTGAGE,home_improvement,1
43,46000.0,10.7,22000.0,43500.0,8.0,0,0.592,0.946,RENT,business,1
26,29000.0,2.4,4100.0,13600.0,10.5,0,0.198,0.469,OWN,debt_consolidation,0
57,36000.0,6.5,6400.0,38500.0,5.5,0,0.306,1.069,OWN,debt_consolidation,0
40,35000.0,8.0,8000.0,11500.0,12.5,0,0.268,0.329,MORTGAGE,debt_consolidation,0
43,40000.0,4.2,9700.0,3400.0,5.5,0,0.253,0.085,OWN,debt_consolidation,0
37,89000.0,9.8,43600.0,68800.0,0.0,0,0.583,0.773,MORTGAGE,other,0
29,66000.0,6.7,22400.0,41900.0,9.6,1,0.416,0.635,RENT,other,0
61,49000.0,9.5,12600.0,55000.0,11.8,0,0.392,1.122,MORTGAGE,business,1
55,40000.0,6.9,17300.0,21500.0,5.2,0,0.497,0.538,MORTGAGE,debt_consolidation,0
49,40000.0,7.7,11000.0,8200.0,14.0,0,0.3,0.205,MORTGAGE,business,0
38,57000.0,3.2,4400.0,24500.0,3.7,0,0.129,0.43,RENT,business,0
57,64000.0,3.2,4100.0,32100.0,11.4,1,0.124,0.502,MORTGAGE,business,0
44,33000.0,11.5,6500.0,23800.0,16.7,0,0.284,0.721,RENT,business,0
40,50000.0,8.9,18100.0,18300.0,8.2,1,0.406,0.366,MORTGAGE,business,0
40,20000.0,1.4,1600.0,13700.0,6.9,0,0.162,0.685,OWN,education,1
30,54000.0,6.8,17800.0,59100.0,7.5,0,0.461,1.094,RENT,debt_consolidation,1
25,69000.0,0.0,11200.0,37100.0,16.1,0,0.227,0.538,OWN,business,1
45,43000.0,3.4,17900.0,34400.0,10.0,0,0.512,0.8,RENT,other,0
60,111000.0,10.3,1900.0,34800.0,18.7,0,0.055,0.314,MORTGAGE,medical,0
23,33000.0,5.4,9300.0,32100.0,9.4,1,0.399,0.973,OWN,education,0
58,54000.0,6.5,1700.0,19400.0,4.7,0,0.075,0.359,RENT,other,0
57,48000.0,0.0,9500.0,34400.0,5.1,0,0.284,0.717,RENT,education,0
33,47000.0,4.2,400.0,18600.0,8.3,1,0.056,0.396,OWN,education,0
48,47000.0,7.5,13200.0,6000.0,0.0,0,0.296,0.128,RENT,other,0
28,51000.0,8.1,23500.0,21300.0,5.6,0,0.511,0.418,RENT,other,0
54,72000.0,10.3,4300.0,21200.0,5.7,0,0.095,0.294,MORTGAGE,home_improvement,0
51,91000.0,5.1,40100.0,98000.0,9.2,0,0.57,1.077,RENT,home_improvement,0
36,49000.0,5.3,17200.0,17400.0,17.7,0,0.394,0.355,RENT,home_improvement,0
23,71000.0,0.0,21500.0,83100.0,8.3,0,0.443,1.17,OWN,debt_consolidation,0
63,36000.0,5.1,12900.0,22200.0,0.0,0,0.432,0.617,MORTGAGE,other,0
40,69000.0,0.3,13900.0,21000.0,3.4,1,0.238,0.304,RENT,other,0
60,35000.0,0.0,14900.0,17500.0,9.3,1,0.486,0.5,MORTGAGE,medical,0
50,80000.0,1.1,37400.0,20900.0,8.5,0,0.499,0.261,RENT,business,0
55,133000.0,12.8,62100.0,134200.0,16.1,0,0.588,1.009,MORTGAGE,education,0
54,46000.0,4.8,7400.0,8600.0,12.8,0,0.183,0.187,OWN,other,0
29,18000.0,7.0,7100.0,19000.0,12.7,0,0.521,1.056,MORTGAGE,other,0
37,38000.0,3.7,3400.0,3900.0,6.9,0,0.102,0.103,MORTGAGE,business,0
41,85000.0,0.0,25300.0,33500.0,13.5,0,0.345,0.394,MORTGAGE,other,0
42,63000.0,10.2,100.0,13300.0,3.5,1,0.027,0.211,OWN,debt_consolidation,0
22,55000.0,0.0,6400.0,46100.0,12.8,0,0.217,0.838,MORTGAGE,other,0
45,77000.0,3.5,29200.0,49200.0,6.6,0,0.456,0.639,RENT,education,0
27,61000.0,5.8,32000.0,68900.0,0.8,0,0.66,1.13,MORTGAGE,home_improvement,0
53,85000.0,7.0,2500.0,40000.0,11.0,0,0.086,0.471,RENT,other,0
51,74000.0,2.7,24800.0,7200.0,15.0,1,0.347,0.097,OWN,other,0
61,97000.0,0.0,37100.0,89800.0,6.0,2,0.494,0.926,MORTGAGE,debt_consolidation,0
53,58000.0,2.4,32400.0,41600.0,15.8,0,0.645,0.717,RENT,medical,0
37,74000.0,2.6,29100.0,74100.0,0.0,0,0.513,1.001,RENT,other,0
63,43000.0,2.5,2700.0,23200.0,2.0,2,0.128,0.54,OWN,business,0
39,37000.0,10.4,3300.0,33300.0,7.3,0,0.197,0.9,RENT,education,0
35,106000.0,0.5,40400.0,26200.0,6.1,0,0.411,0.247,MORTGAGE,debt_consolidation,0
60,54000.0,7.4,7000.0,64800.0,4.7,0,0.274,1.2,OWN,education,0
37,70000.0,6.7,39000.0,17500.0,8.7,0,0.587,0.25,OWN,medical,0
24,52000.0,10.3,28700.0,52200.0,5.4,0,0.672,1.004,RENT,other,1
41,38000.0,5.4,21600.0,11200.0,6.2,0,0.604,0.295,MORTGAGE,home_improvement,0
56,49000.0,9.6,8600.0,46500.0,9.4,1,0.289,0.949,RENT,home_improvement,0
29,94000.0,5.2,40400.0,97800.0,4.7,0,0.555,1.04,OWN,other,0
41,63000.0,8.0,25100.0,66700.0,7.5,0,0.525,1.059,RENT,other,0
26,23000.0,0.0,500.0,13700.0,4.8,1,0.093,0.596,MORTGAGE,medical,0
51,44000.0,0.0,7000.0,23900.0,2.0,0,0.224,0.543,MORTGAGE,education,0
41,109000.0,7.7,13500.0,110000.0,11.8,0,0.245,1.009,OWN,medical,0
35,45000.0,7.9,10000.0,32200.0,16.5,0,0.308,0.716,RENT,debt_consolidation,0
30,22000.0,8.1,12600.0,16800.0,13.3,0,0.664,0.764,RENT,home_improvement,1
45,115000.0,3.6,58300.0,37000.0,9.7,1,0.546,0.322,OWN,medical,1
50,67000.0,12.7,11800.0,37700.0,4.8,0,0.244,0.563,RENT,education,0
62,48000.0,3.9,15300.0,22800.0,6.6,0,0.376,0.475,RENT,home_improvement,0
40,41000.0,7.9,4700.0,33400.0,13.3,0,0.212,0.815,RENT,medical,0
28,80000.0,8.7,13300.0,22100.0,0.0,2,0.199,0.276,OWN,medical,0
57,38000.0,13.7,1500.0,19600.0,6.2,1,0.101,0.516,MORTGAGE,business,0
48,82000.0,4.6,31600.0,84100.0,11.7,0,0.508,1.026,MORTGAGE,medical,0
51,63000.0,3.1,24800.0,42700.0,2.3,0,0.475,0.678,OWN,medical,0
25,55000.0,0.0,27700.0,59400.0,10.1,1,0.633,1.08,OWN,medical,0
34,52000.0,13.0,27200.0,16500.0,9.9,1,0.561,0.317,MORTGAGE,debt_consolidation,0
54,45000.0,7.9,4300.0,25000.0,0.7,0,0.162,0.556,RENT,education,0
57,78000.0,8.0,34800.0,48800.0,8.4,0,0.521,0.626,MORTGAGE,education,0
40,33000.0,20.0,2700.0,16900.0,4.9,0,0.143,0.512,MORTGAGE,medical,0
56,24000.0,7.5,5400.0,20100.0,10.1,0,0.326,0.838,RENT,home_improvement,0
58,65000.0,0.1,20100.0,14400.0,11.3,0,0.336,0.222,OWN,business,0
38,65000.0,5.1,1900.0,42100.0,10.0,0,0.107,0.648,RENT,medical,0
60,61000.0,1.6,5700.0,12800.0,8.4,0,0.119,0.21,MORTGAGE,home_improvement,0
33,59000.0,4.2,9600.0,45600.0,9.4,0,0.255,0.773,MORTGAGE,education,0
31,42000.0,4.2,3200.0,42200.0,2.1,0,0.197,1.005,OWN,business,0
51,70000.0,3.4,39200.0,5100.0,7.8,0,0.569,0.073,RENT,debt_consolidation,0
49,48000.0,0.0,8300.0,27600.0,4.0,0,0.242,0.575,RENT,education,0
27,39000.0,13.2,11700.0,24000.0,13.2,0,0.374,0.615,MORTGAGE,home_improvement,0
57,43000.0,7.3,25700.0,37800.0,11.4,0,0.703,0.879,OWN,home_improvement,0
29,122000.0,5.0,41500.0,16600.0,11.4,1,0.356,0.136,MORTGAGE,medical,0
56,22000.0,9.4,5400.0,11400.0,16.6,0,0.308,0.518,RENT,home_improvement,0
21,61000.0,8.1,34000.0,58200.0,6.4,1,0.672,0.954,OWN,medical,0
56,23000.0,7.2,3100.0,15200.0,5.3,0,0.214,0.661,MORTGAGE,education,0
55,47000.0,9.1,5100.0,42900.0,6.2,1,0.218,0.913,RENT,debt_consolidation,0
55,40000.0,6.6,12800.0,18700.0,0.0,0,0.376,0.468,RENT,other,0
50,19000.0,9.0,4900.0,21100.0,0.4,2,0.391,1.111,MORTGAGE,medical,0
41,58000.0,9.4,27700.0,8100.0,11.1,1,0.494,0.14,MORTGAGE,home_improvement,0
52,41000.0,6.7,1000.0,6300.0,1.0,2,0.043,0.154,RENT,medical,0
33,19000.0,5.0,7000.0,12500.0,2.6,1,0.447,0.658,MORTGAGE,other,0
55,72000.0,12.9,30700.0,42600.0,7.5,2,0.497,0.592,OWN,debt_consolidation,0
45,94000.0,3.8,54800.0,73700.0,5.9,0,0.677,0.784,MORTGAGE,other,0
41,96000.0,7.8,8400.0,30100.0,12.4,0,0.125,0.314,MORTGAGE,debt_consolidation,0
43,58000.0,7.9,8600.0,18000.0,8.3,0,0.186,0.31,RENT,other,0
46,50000.0,3.3,28000.0,45600.0,4.0,0,0.669,0.912,RENT,education,1
22,89000.0,2.4,33700.0,34300.0,12.9,1,0.425,0.385,OWN,home_improvement,0
27,105000.0,4.4,2400.0,93100.0,11.6,0,0.129,0.887,MORTGAGE,business,0
31,82000.0,3.8,3800.0,64500.0,0.9,3,0.141,0.787,RENT,debt_consolidation,0
26,32000.0,0.0,15100.0,4700.0,9.3,1,0.49,0.147,MORTGAGE,debt_consolidation,0
40,54000.0,3.1,18400.0,46900.0,4.4,0,0.445,0.869,RENT,education,0
50,60000.0,7.2,20400.0,63700.0,4.3,1,0.467,1.062,RENT,other,0
49,22000.0,11.7,11600.0,21800.0,17.3,0,0.646,0.991,RENT,home_improvement,0
41,61000.0,8.5,8800.0,3700.0,8.6,2,0.152,0.061,OWN,medical,0
58,136000.0,0.0,13100.0,91200.0,6.9,0,0.177,0.671,MORTGAGE,education,0
45,65000.0,8.9,23900.0,71500.0,8.4,0,0.5,1.1,MORTGAGE,business,0
24,95000.0,3.5,50300.0,70200.0,12.4,0,0.618,0.739,MORTGAGE,other,0
54,53000.0,8.0,8400.0,20300.0,4.5,0,0.204,0.383,OWN,other,0
46,47000.0,5.9,19200.0,12900.0,5.3,0,0.441,0.274,RENT,home_improvement,0
48,58000.0,5.1,5300.0,48600.0,11.3,0,0.192,0.838,RENT,home_improvement,0
45,34000.0,5.5,3500.0,31900.0,0.4,0,0.216,0.938,OWN,other,1
45,32000.0,5.9,17300.0,35200.0,13.0,0,0.673,1.1,OWN,medical,1
24,87000.0,12.0,6200.0,95000.0,0.0,0,0.202,1.092,RENT,home_improvement,0
45,91000.0,5.9,1300.0,40100.0,6.8,0,0.067,0.441,RENT,education,0
55,31000.0,10.9,14400.0,23100.0,0.0,1,0.554,0.745,MORTGAGE,home_improvement,1
34,76000.0,10.2,16500.0,12700.0,2.7,0,0.237,0.167,RENT,debt_consolidation,0
47,47000.0,9.0,11200.0,7500.0,14.5,0,0.257,0.16,MORTGAGE,education,0
22,57000.0,0.0,27400.0,7500.0,13.2,0,0.496,0.132,MORTGAGE,business,0
36,60000.0,11.0,6500.0,67000.0,13.8,0,0.242,1.117,MORTGAGE,medical,0
40,77000.0,3.9,30000.0,17300.0,0.8,1,0.417,0.225,MORTGAGE,debt_consolidation,0
64,51000.0,9.2,9600.0,30800.0,2.7,2,0.261,0.604,OWN,debt_consolidation,0
30,92000.0,1.6,5800.0,50400.0,9.7,2,0.129,0.548,OWN,other,0
33,56000.0,0.7,23100.0,23700.0,11.6,0,0.463,0.423,MORTGAGE,business,0
38,65000.0,14.9,12400.0,43400.0,4.0,2,0.271,0.668,MORTGAGE,business,0
64,34000.0,1.7,17700.0,1800.0,5.1,0,0.527,0.053,OWN,other,0
58,129000.0,11.2,71100.0,62800.0,2.3,1,0.61,0.487,MORTGAGE,medical,0
22,61000.0,6.5,31100.0,36700.0,16.3,0,0.582,0.602,RENT,education,0
31,68000.0,4.1,13200.0,66200.0,5.6,0,0.311,0.974,RENT,medical,0
57,24000.0,5.8,3400.0,20500.0,8.2,1,0.244,0.854,RENT,medical,1
23,34000.0,0.1,18200.0,34900.0,8.4,0,0.658,1.026,RENT,other,0
58,86000.0,5.9,23400.0,41500.0,13.5,0,0.33,0.483,MORTGAGE,medical,0
33,56000.0,1.1,23800.0,11900.0,3.2,1,0.45,0.212,RENT,debt_consolidation,1
61,21000.0,4.2,10400.0,10700.0,13.8,0,0.556,0.51,MORTGAGE,medical,0
33,78000.0,10.2,13000.0,90300.0,1.6,0,0.306,1.158,OWN,business,0
40,38000.0,7.1,2700.0,11300.0,13.8,0,0.107,0.297,RENT,other,0
50,93000.0,0.0,34900.0,23300.0,0.0,0,0.405,0.251,MORTGAGE,home_improvement,0
26,47000.0,9.8,16600.0,53400.0,7.5,2,0.49,1.136,OWN,other,1
45,54000.0,6.0,8800.0,61700.0,16.1,1,0.3,1.143,RENT,debt_consolidation,0
43,83000.0,3.6,29100.0,18400.0,11.5,1,0.377,0.222,RENT,business,0
55,33000.0,9.4,15600.0,30900.0,10.1,0,0.585,0.936,RENT,home_improvement,0
64,31000.0,5.2,6500.0,16900.0,2.8,0,0.275,0.545,MORTGAGE,debt_consolidation,1
50,45000.0,0.8,6500.0,27700.0,4.3,0,0.218,0.616,MORTGAGE,home_improvement,0
39,71000.0,14.3,30900.0,44300.0,14.7,0,0.51,0.624,OWN,medical,0
38,27000.0,5.9,12700.0,31400.0,10.4,1,0.61,1.163,MORTGAGE,home_improvement,1
39,23000.0,5.6,13200.0,6000.0,12.5,0,0.605,0.261,MORTGAGE,medical,0
56,71000.0,4.2,6300.0,66700.0,8.4,1,0.201,0.939,OWN,business,0
35,37000.0,11.3,19700.0,2100.0,6.6,0,0.539,0.057,RENT,other,0
28,41000.0,3.6,18800.0,31700.0,11.8,0,0.551,0.773,MORTGAGE,medical,0
35,21000.0,0.0,8800.0,16800.0,9.3,0,0.515,0.8,MORTGAGE,medical,0
21,36000.0,2.9,6800.0,33000.0,7.2,0,0.299,0.917,MORTGAGE,other,1
25,49000.0,12.0,700.0,54600.0,0.9,0,0.148,1.114,MORTGAGE,debt_consolidation,1
24,75000.0,9.7,22800.0,68800.0,12.8,0,0.414,0.917,RENT,business,0
54,35000.0,4.9,6000.0,31200.0,10.2,0,0.278,0.891,OWN,other,0
52,103000.0,12.2,17900.0,35200.0,5.0,0,0.215,0.342,MORTGAGE,business,0
51,36000.0,9.4,20000.0,42900.0,13.9,0,0.699,1.192,MORTGAGE,other,1
41,36000.0,4.8,3300.0,21200.0,9.2,0,0.162,0.589,OWN,other,0
52,98000.0,5.3,54900.0,51900.0,9.3,0,0.624,0.53,MORTGAGE,medical,1
28,54000.0,7.5,16300.0,33900.0,12.4,0,0.377,0.628,OWN,business,1
60,38000.0,2.3,19100.0,19100.0,11.3,1,0.563,0.503,RENT,education,0
43,46000.0,6.0,7800.0,33700.0,9.5,2,0.257,0.733,RENT,debt_consolidation,0
62,90000.0,7.4,34200.0,40700.0,7.1,0,0.434,0.452,RENT,debt_consolidation,0
27,95000.0,0.0,31700.0,31000.0,17.9,0,0.373,0.326,RENT,home_improvement,0
42,34000.0,5.1,18900.0,38000.0,4.3,0,0.69,1.118,MORTGAGE,business,0
51,48000.0,4.6,5200.0,53600.0,11.7,0,0.242,1.117,RENT,education,0
42,51000.0,10.6,6300.0,31700.0,7.6,1,0.198,0.622,MORTGAGE,business,0
40,31000.0,0.0,17700.0,35900.0,10.3,0,0.71,1.158,OWN,home_improvement,0
28,48000.0,4.3,2800.0,25300.0,14.2,0,0.122,0.527,MORTGAGE,business,0
37,49000.0,3.8,18700.0,24300.0,6.4,0,0.441,0.496,MORTGAGE,other,0
31,82000.0,10.3,3000.0,90600.0,11.0,0,0.169,1.105,OWN,home_improvement,0
34,84000.0,5.8,3900.0,65300.0,9.3,0,0.14,0.777,MORTGAGE,medical,0
51,42000.0,14.1,15000.0,38900.0,4.8,0,0.468,0.926,OWN,medical,0
48,45000.0,9.0,14900.0,23600.0,14.3,0,0.394,0.524,RENT,other,0
47,66000.0,4.2,22700.0,34200.0,11.6,0,0.406,0.518,MORTGAGE,education,0
36,38000.0,7.1,10800.0,5500.0,5.8,1,0.302,0.145,RENT,education,1
63,64000.0,4.4,28500.0,74400.0,13.5,0,0.585,1.162,RENT,business,1
24,47000.0,9.9,28000.0,14700.0,3.8,0,0.633,0.313,RENT,other,0
36,32000.0,0.0,5300.0,19800.0,7.9,1,0.24,0.619,MORTGAGE,debt_consolidation,1
26,32000.0,2.3,6200.0,5800.0,5.9,2,0.216,0.181,RENT,debt_consolidation,0
35,94000.0,8.1,18200.0,74600.0,11.8,0,0.289,0.794,MORTGAGE,other,0
63,46000.0,11.5,21100.0,23000.0,5.6,1,0.519,0.5,MORTGAGE,education,1
37,103000.0,0.0,21500.0,96100.0,11.8,0,0.321,0.933,RENT,medical,0
60,39000.0,12.2,15800.0,25600.0,11.0,0,0.484,0.656,RENT,other,0
42,56000.0,5.4,15000.0,11100.0,6.1,2,0.292,0.198,OWN,education,0
51,144000.0,0.0,52500.0,9000.0,17.1,0,0.372,0.062,OWN,education,0
41,30000.0,0.0,14900.0,8800.0,4.3,0,0.532,0.293,OWN,other,0
32,21000.0,0.0,6500.0,18500.0,1.0,1,0.415,0.881,MORTGAGE,business,0
54,87000.0,5.9,24800.0,87200.0,12.3,0,0.405,1.002,RENT,business,0
63,34000.0,5.7,5400.0,15000.0,0.0,1,0.212,0.441,RENT,education,0
32,49000.0,8.8,15200.0,32600.0,15.5,0,0.39,0.665,MORTGAGE,business,0
55,38000.0,3.5,6000.0,12400.0,8.5,1,0.197,0.326,OWN,business,0
32,55000.0,1.0,27800.0,58400.0,0.9,1,0.633,1.062,RENT,other,1
52,32000.0,4.1,7500.0,37100.0,3.3,0,0.374,1.159,RENT,medical,0
55,45000.0,6.2,3500.0,41200.0,0.0,0,0.188,0.916,MORTGAGE,other,0
40,60000.0,7.0,8600.0,9100.0,9.9,0,0.162,0.152,MORTGAGE,business,0
53,31000.0,2.4,9900.0,17100.0,1.4,1,0.386,0.552,MORTGAGE,business,0
32,36000.0,10.1,19800.0,42800.0,10.5,0,0.693,1.189,OWN,medical,0
24,42000.0,3.2,7600.0,13200.0,6.5,1,0.219,0.314,MORTGAGE,education,1
25,26000.0,2.1,4100.0,21300.0,5.6,1,0.256,0.819,OWN,medical,0
40,41000.0,3.6,10000.0,46300.0,10.5,0,0.379,1.129,RENT,other,0
60,52000.0,10.8,30200.0,48800.0,11.1,0,0.693,0.938,MORTGAGE,medical,0
26,41000.0,5.4,20800.0,30800.0,13.7,0,0.597,0.751,RENT,business,0
41,43000.0,2.9,3900.0,27200.0,4.8,2,0.167,0.633,RENT,medical,0
51,49000.0,10.2,18000.0,54800.0,7.9,0,0.502,1.118,RENT,medical,1
29,36000.0,15.6,17100.0,18100.0,4.8,0,0.535,0.503,RENT,business,0
52,67000.0,6.9,30900.0,72800.0,8.8,0,0.592,1.087,RENT,debt_consolidation,0
34,94000.0,11.6,27600.0,51300.0,4.1,0,0.359,0.546,MORTGAGE,debt_consolidation,0
56,40000.0,10.7,17600.0,36800.0,5.9,0,0.55,0.92,RENT,debt_consolidation,0
46,61000.0,3.3,21400.0,67300.0,5.9,0,0.483,1.103,RENT,business,0
45,44000.0,6.1,5300.0,30100.0,9.5,0,0.203,0.684,MORTGAGE,other,0
28,58000.0,0.2,2000.0,23600.0,8.0,1,0.083,0.407,RENT,education,0
41,99000.0,5.1,21900.0,10800.0,10.5,0,0.234,0.109,RENT,debt_consolidation,0
58,62000.0,3.2,2300.0,60800.0,7.5,0,0.155,0.981,OWN,debt_consolidation,0
21,22000.0,4.2,5200.0,16800.0,5.1,1,0.328,0.764,MORTGAGE,education,0
54,60000.0,2.6,29800.0,21200.0,9.0,0,0.539,0.353,OWN,medical,0
42,85000.0,4.7,43100.0,90000.0,3.4,2,0.634,1.059,RENT,home_improvement,1
52,44000.0,8.4,900.0,48800.0,10.8,0,0.154,1.109,MORTGAGE,medical,0
50,77000.0,5.5,3200.0,82400.0,6.6,1,0.17,1.07,RENT,debt_consolidation,0
40,36000.0,0.0,14500.0,26700.0,9.0,0,0.492,0.742,MORTGAGE,business,0
34,25000.0,2.6,7500.0,29300.0,9.1,0,0.441,1.172,OWN,home_improvement,0
48,52000.0,0.0,4700.0,54900.0,16.0,0,0.217,1.056,OWN,other,0
27,22000.0,7.1,10600.0,3700.0,9.9,2,0.502,0.168,MORTGAGE,business,0
46,44000.0,8.3,5700.0,51800.0,8.4,1,0.271,1.177,RENT,education,0
25,87000.0,7.2,4100.0,59300.0,4.5,0,0.129,0.682,MORTGAGE,other,0
49,21000.0,2.5,9400.0,23300.0,12.0,0,0.581,1.11,MORTGAGE,other,0
48,28000.0,7.1,10200.0,25900.0,6.6,0,0.475,0.925,MORTGAGE,home_improvement,0
24,31000.0,3.9,7300.0,24600.0,0.4,2,0.331,0.794,MORTGAGE,medical,0
54,48000.0,0.9,20000.0,20400.0,7.0,0,0.468,0.425,MORTGAGE,medical,1
39,42000.0,9.3,23000.0,3400.0,9.0,0,0.557,0.081,RENT,education,0
55,92000.0,9.7,1900.0,33900.0,3.9,1,0.065,0.368,MORTGAGE,other,0
22,75000.0,10.3,28200.0,62900.0,7.4,0,0.477,0.839,RENT,business,0
28,61000.0,3.3,8000.0,63600.0,7.6,0,0.256,1.043,MORTGAGE,business,0
42,52000.0,11.3,14800.0,2700.0,7.7,4,0.291,0.052,MORTGAGE,home_improvement,0
29,59000.0,3.8,15000.0,17100.0,14.2,0,0.289,0.29,MORTGAGE,other,0
35,33000.0,8.9,7700.0,27200.0,1.4,0,0.332,0.824,RENT,other,0
50,72000.0,3.7,8200.0,27100.0,18.2,0,0.159,0.376,MORTGAGE,other,0
27,30000.0,5.0,14400.0,6400.0,7.8,1,0.506,0.213,MORTGAGE,education,0
50,71000.0,0.0,16200.0,10200.0,10.9,0,0.245,0.144,RENT,other,0
25,84000.0,4.6,44700.0,65800.0,8.6,0,0.626,0.783,RENT,debt_consolidation,0
28,54000.0,6.4,11500.0,39600.0,0.0,1,0.301,0.733,RENT,home_improvement,0
46,45000.0,4.2,22700.0,46700.0,2.7,0,0.629,1.038,RENT,medical,0
55,59000.0,13.9,19300.0,24300.0,5.4,1,0.377,0.412,MORTGAGE,business,0
28,15000.0,0.8,3500.0,3100.0,13.0,0,0.258,0.207,RENT,debt_consolidation,0
34,56000.0,3.5,23700.0,54300.0,1.1,0,0.54,0.97,RENT,home_improvement,0
61,47000.0,1.9,22200.0,55800.0,3.7,1,0.615,1.187,RENT,debt_consolidation,1
64,48000.0,3.5,13900.0,22300.0,8.8,0,0.345,0.465,RENT,debt_consolidation,0
46,67000.0,10.6,17100.0,70000.0,10.4,0,0.381,1.045,RENT,debt_consolidation,0
40,47000.0,12.7,16300.0,43600.0,10.2,0,0.458,0.928,OWN,other,0
36,29000.0,2.8,10200.0,31900.0,3.1,1,0.484,1.1,MORTGAGE,other,0
47,46000.0,2.7,11700.0,24700.0,0.0,2,0.319,0.537,MORTGAGE,medical,1
47,51000.0,0.8,23200.0,8500.0,10.7,2,0.475,0.167,RENT,debt_consolidation,1
33,52000.0,11.9,12500.0,9700.0,15.2,0,0.263,0.187,OWN,business,0
22,53000.0,11.0,14400.0,49200.0,6.3,0,0.383,0.928,MORTGAGE,medical,1
27,78000.0,5.5,28300.0,81300.0,2.3,0,0.488,1.042,MORTGAGE,business,1
63,30000.0,0.0,17800.0,17300.0,5.9,1,0.663,0.577,MORTGAGE,education,1
39,53000.0,0.1,8300.0,6300.0,10.0,2,0.171,0.119,RENT,debt_consolidation,0
42,88000.0,6.8,12200.0,11200.0,6.8,1,0.154,0.127,OWN,other,0
41,22000.0,8.5,2300.0,16200.0,15.0,0,0.193,0.736,RENT,other,0
55,53000.0,0.0,21900.0,58600.0,12.6,0,0.546,1.106,OWN,other,0
23,38000.0,4.6,10200.0,19400.0,8.9,0,0.33,0.511,OWN,medical,0
24,41000.0,13.3,9600.0,32700.0,0.0,3,0.33,0.798,MORTGAGE,other,0
33,33000.0,5.0,4000.0,22200.0,4.5,0,0.202,0.673,OWN,debt_consolidation,0
42,45000.0,12.7,24100.0,48300.0,5.3,0,0.664,1.073,RENT,education,0
50,112000.0,8.9,29800.0,112800.0,4.3,0,0.387,1.007,MORTGAGE,home_improvement,0
42,28000.0,1.1,10200.0,7800.0,9.0,1,0.398,0.279,RENT,education,0
40,29000.0,4.7,2000.0,24000.0,9.1,1,0.168,0.828,RENT,debt_consolidation,0
62,27000.0,5.4,1700.0,27700.0,0.0,0,0.186,1.026,MORTGAGE,business,0
28,107000.0,1.7,4300.0,119800.0,12.0,0,0.175,1.12,MORTGAGE,home_improvement,0
46,40000.0,1.6,8800.0,29100.0,8.1,0,0.307,0.728,MORTGAGE,debt_consolidation,0
44,48000.0,12.8,13600.0,12100.0,9.8,0,0.314,0.252,RENT,home_improvement,0
41,41000.0,1.6,6000.0,28400.0,11.7,1,0.229,0.693,RENT,debt_consolidation,1
56,32000.0,10.9,6700.0,26100.0,4.2,0,0.307,0.816,RENT,business,0
32,44000.0,4.0,200.0,16000.0,14.3,0,0.048,0.364,MORTGAGE,other,0
62,148000.0,5.9,31200.0,173000.0,7.3,0,0.351,1.169,RENT,debt_consolidation,1
35,92000.0,8.5,6600.0,28900.0,15.6,3,0.109,0.314,MORTGAGE,debt_consolidation,0
44,33000.0,3.3,2500.0,36200.0,3.5,0,0.207,1.097,OWN,other,0
43,66000.0,8.6,200.0,35600.0,15.2,0,0.068,0.539,OWN,education,0
58,34000.0,0.0,14200.0,1700.0,3.5,0,0.424,0.05,MORTGAGE,debt_consolidation,0
40,22000.0,8.0,12300.0,14800.0,20.7,0,0.64,0.673,RENT,home_improvement,0
33,78000.0,0.0,29100.0,60300.0,3.2,0,0.466,0.773,MORTGAGE,business,1
21,83000.0,5.0,4800.0,87100.0,13.3,0,0.184,1.049,MORTGAGE,debt_consolidation,0
37,78000.0,9.8,46300.0,52400.0,6.2,2,0.674,0.672,RENT,education,1
57,40000.0,8.8,23400.0,6300.0,11.6,0,0.604,0.158,OWN,other,0
21,45000.0,0.2,12600.0,50200.0,7.8,1,0.414,1.116,RENT,education,1
60,69000.0,0.7,4500.0,48300.0,2.5,0,0.149,0.7,RENT,debt_consolidation,0
44,58000.0,2.9,25100.0,21000.0,0.0,1,0.476,0.362,MORTGAGE,business,0
27,41000.0,6.8,23700.0,44400.0,20.5,0,0.708,1.083,OWN,education,0
34,24000.0,0.0,11200.0,4500.0,8.4,0,0.489,0.188,MORTGAGE,education,0
45,52000.0,5.9,19500.0,8400.0,0.0,1,0.394,0.162,RENT,home_improvement,0
34,80000.0,7.4,29300.0,53200.0,9.5,0,0.446,0.665,MORTGAGE,business,0
25,29000.0,4.7,17000.0,22300.0,11.4,0,0.678,0.769,OWN,education,1
50,65000.0,8.4,2900.0,41400.0,4.4,1,0.121,0.637,MORTGAGE,education,0
50,57000.0,7.0,5100.0,63700.0,4.5,2,0.224,1.118,RENT,business,0
26,69000.0,3.6,34400.0,24300.0,7.9,1,0.541,0.352,MORTGAGE,education,0
33,73000.0,0.0,6400.0,86800.0,14.0,0,0.23,1.189,OWN,medical,0
31,36000.0,6.6,8300.0,2600.0,8.5,2,0.239,0.072,RENT,home_improvement,0
50,24000.0,1.7,4100.0,4500.0,15.3,0,0.193,0.188,MORTGAGE,medical,0
53,39000.0,3.4,5700.0,10300.0,13.7,0,0.178,0.264,MORTGAGE,education,0
52,73000.0,8.2,1100.0,10300.0,6.9,0,0.032,0.141,MORTGAGE,medical,0
62,38000.0,12.4,12900.0,21100.0,0.1,0,0.406,0.555,RENT,education,0
54,36000.0,5.8,8700.0,37600.0,6.9,1,0.367,1.044,RENT,debt_consolidation,0
35,22000.0,8.5,7300.0,21900.0,10.6,0,0.451,0.995,MORTGAGE,other,0
25,108000.0,0.0,19700.0,97900.0,8.3,1,0.291,0.906,RENT,education,0
48,71000.0,7.1,40100.0,4200.0,11.2,0,0.572,0.059,RENT,business,0
61,69000.0,5.7,24500.0,72100.0,12.3,2,0.48,1.045,MORTGAGE,other,1
63,76000.0,11.5,43800.0,38500.0,10.7,0,0.637,0.507,RENT,education,0
31,64000.0,3.6,13400.0,57000.0,6.6,0,0.316,0.891,MORTGAGE,business,0
31,44000.0,4.9,100.0,39000.0,10.6,2,0.109,0.886,OWN,education,1
22,46000.0,10.8,21600.0,11700.0,19.2,0,0.5,0.254,MORTGAGE,debt_consolidation,0
27,40000.0,5.6,19900.0,25700.0,0.6,1,0.575,0.642,RENT,other,0
45,160000.0,1.0,5600.0,178400.0,10.4,0,0.169,1.115,RENT,other,0
45,63000.0,17.5,23600.0,22200.0,17.2,0,0.417,0.352,MORTGAGE,medical,0
37,40000.0,1.1,15900.0,34900.0,2.1,0,0.502,0.872,MORTGAGE,business,0
34,60000.0,5.7,5200.0,69100.0,13.0,0,0.225,1.152,OWN,business,0
57,31000.0,7.6,10300.0,14400.0,13.7,0,0.388,0.465,MORTGAGE,business,0
41,96000.0,7.2,14000.0,47600.0,0.6,0,0.205,0.496,RENT,debt_consolidation,0
56,36000.0,5.1,400.0,20500.0,11.6,0,0.079,0.569,RENT,business,0
63,61000.0,5.2,31700.0,59800.0,6.6,0,0.637,0.98,MORTGAGE,home_improvement,1
34,79000.0,4.9,23300.0,43900.0,7.7,0,0.362,0.556,RENT,other,1
29,58000.0,1.0,27200.0,35300.0,6.4,0,0.542,0.609,MORTGAGE,other,0
62,51000.0,15.7,22100.0,15600.0,14.6,0,0.47,0.306,RENT,debt_consolidation,0
48,49000.0,5.0,29200.0,58100.0,7.4,0,0.738,1.186,MORTGAGE,medical,0
33,48000.0,8.7,12600.0,51700.0,5.7,1,0.392,1.077,MORTGAGE,education,0
48,38000.0,4.5,9700.0,28100.0,5.8,0,0.344,0.739,OWN,home_improvement,0
43,40000.0,4.4,6800.0,46200.0,6.3,0,0.309,1.155,RENT,other,0
60,95000.0,4.0,35600.0,79800.0,2.6,0,0.476,0.84,OWN,education,0
32,47000.0,0.0,13700.0,54200.0,5.6,1,0.43,1.153,MORTGAGE,medical,1
64,34000.0,5.3,14900.0,8000.0,8.6,0,0.466,0.235,MORTGAGE,home_improvement,0
62,39000.0,4.2,8300.0,12100.0,10.0,0,0.25,0.31,MORTGAGE,business,0
28,80000.0,11.3,6300.0,85400.0,14.0,0,0.207,1.068,OWN,home_improvement,0
28,66000.0,0.6,34200.0,35200.0,9.2,0,0.582,0.533,MORTGAGE,education,0
44,63000.0,3.4,31300.0,30000.0,5.6,1,0.554,0.476,RENT,business,0
22,44000.0,2.0,9300.0,40400.0,2.9,2,0.322,0.918,RENT,home_improvement,1
34,63000.0,12.5,26100.0,48800.0,9.5,0,0.507,0.775,OWN,business,0
40,37000.0,2.1,10900.0,16500.0,7.4,1,0.348,0.446,MORTGAGE,other,0
63,44000.0,8.5,20100.0,22300.0,7.6,0,0.518,0.507,OWN,business,1
64,76000.0,10.4,17800.0,39500.0,9.3,1,0.297,0.52,OWN,education,0
27,73000.0,5.3,23500.0,14300.0,10.6,0,0.345,0.196,RENT,home_improvement,0
60,32000.0,0.0,1100.0,10000.0,9.3,1,0.072,0.312,OWN,medical,0
25,33000.0,0.0,3500.0,22000.0,7.1,0,0.186,0.667,RENT,education,0
53,51000.0,9.9,23900.0,48400.0,4.0,0,0.583,0.949,RENT,home_improvement,0
58,107000.0,0.3,24500.0,56900.0,4.9,1,0.293,0.532,MORTGAGE,education,0
60,21000.0,7.8,400.0,10300.0,12.2,0,0.078,0.49,OWN,other,0
30,56000.0,6.5,5600.0,44700.0,5.9,0,0.196,0.798,MORTGAGE,home_improvement,1
60,26000.0,7.7,6400.0,6000.0,1.3,1,0.274,0.231,RENT,home_improvement,0
26,37000.0,8.1,15900.0,18100.0,13.8,0,0.488,0.489,MORTGAGE,education,0
43,42000.0,1.8,9200.0,12200.0,3.3,1,0.254,0.29,MORTGAGE,other,0
41,41000.0,1.6,18300.0,32800.0,8.2,1,0.542,0.8,MORTGAGE,education,1
34,39000.0,9.2,20100.0,7000.0,10.5,0,0.537,0.179,RENT,home_improvement,0
21,49000.0,3.2,10000.0,27700.0,8.0,1,0.272,0.565,RENT,home_improvement,1
54,39000.0,0.0,18700.0,28700.0,0.0,0,0.568,0.736,MORTGAGE,other,0
35,25000.0,8.9,1900.0,25200.0,10.0,2,0.197,1.008,RENT,education,1
50,70000.0,1.3,17400.0,61800.0,14.6,0,0.355,0.883,OWN,education,0
39,69000.0,8.1,4000.0,78300.0,11.9,0,0.194,1.135,RENT,education,0
37,72000.0,12.3,2300.0,59900.0,0.0,1,0.132,0.832,MORTGAGE,other,0
59,25000.0,6.1,1000.0,11300.0,18.6,2,0.094,0.452,OWN,business,0
25,56000.0,10.5,3500.0,17700.0,1.4,1,0.1,0.316,MORTGAGE,medical,0
53,66000.0,6.7,33100.0,7600.0,2.6,0,0.515,0.115,MORTGAGE,home_improvement,0
53,31000.0,13.1,10100.0,11400.0,11.9,0,0.37,0.368,RENT,debt_consolidation,0
37,49000.0,1.2,27900.0,10200.0,10.3,0,0.594,0.208,MORTGAGE,debt_consolidation,0
32,47000.0,6.0,15200.0,22300.0,8.4,1,0.38,0.474,MORTGAGE,home_improvement,0
21,112000.0,9.0,42200.0,96100.0,5.2,1,0.48,0.858,OWN,business,0
62,117000.0,5.1,13000.0,99000.0,14.7,0,0.213,0.846,MORTGAGE,business,1
62,23000.0,11.2,7500.0,9600.0,7.8,0,0.376,0.417,RENT,business,0
31,151000.0,4.1,34900.0,95900.0,0.2,1,0.307,0.635,RENT,business,0
22,32000.0,15.3,17900.0,9600.0,14.2,0,0.595,0.3,OWN,medical,0
26,76000.0,15.5,42600.0,47800.0,9.1,2,0.636,0.629,MORTGAGE,education,0
23,76000.0,7.3,9100.0,48400.0,13.6,0,0.196,0.637,RENT,business,0
57,31000.0,8.5,11500.0,12300.0,10.9,0,0.419,0.397,MORTGAGE,home_improvement,0
60,61000.0,11.4,23400.0,21300.0,20.0,0,0.426,0.349,RENT,debt_consolidation,0
27,47000.0,0.7,15900.0,55300.0,6.5,1,0.479,1.177,RENT,business,0
53,63000.0,0.1,4700.0,42100.0,8.1,0,0.155,0.668,OWN,education,0
28,54000.0,11.7,21200.0,37600.0,11.6,0,0.476,0.696,MORTGAGE,medical,0
37,84000.0,7.2,40300.0,5000.0,6.5,1,0.487,0.06,RENT,other,1
47,51000.0,5.0,10600.0,13200.0,12.0,0,0.239,0.259,OWN,business,0
52,45000.0,6.1,13900.0,20700.0,0.0,2,0.364,0.46,OWN,business,0
59,80000.0,0.0,5600.0,92900.0,7.6,1,0.209,1.161,OWN,education,1
22,64000.0,5.1,35700.0,16100.0,7.5,0,0.588,0.252,MORTGAGE,home_improvement,0
29,68000.0,2.6,4500.0,27100.0,7.3,1,0.114,0.399,OWN,education,0
33,36000.0,10.1,4500.0,42800.0,3.6,0,0.268,1.189,RENT,other,0
34,31000.0,10.5,5600.0,18700.0,12.5,0,0.253,0.603,OWN,education,0
64,38000.0,8.6,18800.0,15800.0,5.5,0,0.545,0.416,RENT,other,0
55,37000.0,7.8,15600.0,28800.0,9.0,0,0.515,0.778,RENT,debt_consolidation,0
35,70000.0,0.0,300.0,43500.0,7.8,0,0.079,0.621,RENT,home_improvement,1
63,76000.0,8.7,8400.0,87500.0,10.5,0,0.249,1.151,RENT,other,1
42,46000.0,8.8,20700.0,6700.0,15.2,0,0.467,0.146,MORTGAGE,medical,0
43,93000.0,11.6,22500.0,89200.0,9.0,1,0.357,0.959,OWN,education,0
40,91000.0,15.5,1400.0,33800.0,12.2,0,0.06,0.371,RENT,home_improvement,0
27,55000.0,0.0,31800.0,53800.0,8.7,0,0.696,0.978,OWN,education,0
62,34000.0,4.3,3100.0,34800.0,5.5,0,0.214,1.024,MORTGAGE,other,0
21,100000.0,2.7,30600.0,102700.0,7.3,1,0.429,1.027,RENT,education,0
28,48000.0,6.8,7200.0,50200.0,6.6,0,0.276,1.046,MORTGAGE,education,0
31,52000.0,6.1,23000.0,45500.0,10.8,0,0.547,0.875,RENT,education,1
33,42000.0,4.9,19600.0,9000.0,8.5,1,0.492,0.214,RENT,other,0
26,33000.0,10.6,7900.0,3600.0,4.0,0,0.252,0.109,MORTGAGE,business,0
21,25000.0,1.0,9900.0,11000.0,6.9,0,0.449,0.44,OWN,medical,0
50,65000.0,1.3,35500.0,40300.0,0.4,2,0.621,0.62,RENT,business,1
63,34000.0,1.4,16600.0,13500.0,7.1,0,0.536,0.397,RENT,education,0
26,194000.0,4.4,48300.0,175300.0,8.0,0,0.357,0.904,MORTGAGE,business,0
34,30000.0,0.5,7900.0,26400.0,17.0,0,0.369,0.88,MORTGAGE,medical,1
43,28000.0,5.8,14900.0,32700.0,14.7,1,0.672,1.168,OWN,debt_consolidation,1
61,62000.0,5.3,1300.0,31700.0,2.8,1,0.082,0.511,MORTGAGE,education,0
51,98000.0,2.5,1300.0,93500.0,9.0,0,0.128,0.954,OWN,other,0
54,50000.0,9.9,6200.0,45100.0,9.1,0,0.232,0.902,MORTGAGE,home_improvement,0
46,63000.0,5.7,31300.0,74800.0,6.8,0,0.639,1.187,RENT,other,0
39,21000.0,10.8,1900.0,19700.0,7.2,0,0.203,0.938,MORTGAGE,business,0
29,36000.0,5.1,6200.0,13500.0,6.2,1,0.217,0.375,RENT,other,0
59,30000.0,5.9,11300.0,2000.0,17.4,0,0.385,0.067,MORTGAGE,business,0
56,21000.0,3.5,2300.0,24400.0,5.9,0,0.249,1.162,RENT,debt_consolidation,1
22,52000.0,6.0,9500.0,45400.0,9.7,0,0.287,0.873,RENT,home_improvement,0
52,18000.0,9.2,5000.0,17700.0,0.0,1,0.396,0.983,OWN,education,1
24,27000.0,4.1,3700.0,26000.0,12.1,0,0.253,0.963,OWN,education,0
53,38000.0,8.3,22600.0,34100.0,13.9,0,0.702,0.897,MORTGAGE,other,0
57,34000.0,2.3,3300.0,31100.0,2.7,0,0.207,0.915,MORTGAGE,other,0
26,59000.0,9.4,30100.0,66000.0,5.4,1,0.644,1.119,OWN,business,0
40,56000.0,3.4,15800.0,61700.0,10.3,1,0.414,1.102,RENT,other,0
26,73000.0,9.8,5700.0,35500.0,8.1,0,0.136,0.486,MORTGAGE,debt_consolidation,0
45,69000.0,6.3,4900.0,5900.0,10.3,0,0.081,0.086,RENT,business,0
61,82000.0,12.8,24600.0,7700.0,6.6,0,0.311,0.094,OWN,other,0
24,49000.0,0.8,10400.0,27600.0,17.3,0,0.28,0.563,RENT,other,0
38,56000.0,0.0,7900.0,56600.0,4.7,1,0.262,1.011,MORTGAGE,other,0
63,62000.0,3.2,35700.0,63500.0,21.5,0,0.699,1.024,RENT,business,0
34,52000.0,0.0,14500.0,26800.0,14.2,0,0.341,0.515,MORTGAGE,business,0
26,41000.0,0.0,22800.0,16300.0,12.2,0,0.604,0.398,OWN,debt_consolidation,0
42,42000.0,8.8,4100.0,26600.0,2.8,2,0.174,0.633,RENT,education,0
43,34000.0,6.0,3700.0,34300.0,12.5,0,0.23,1.009,OWN,other,0
50,59000.0,3.8,21100.0,46100.0,11.0,0,0.451,0.781,RENT,medical,0
34,47000.0,4.3,7600.0,9900.0,0.0,0,0.187,0.211,MORTGAGE,home_improvement,0
63,36000.0,3.3,4000.0,16800.0,1.0,0,0.167,0.467,MORTGAGE,business,0
43,36000.0,13.4,2000.0,24800.0,9.8,0,0.138,0.689,RENT,debt_consolidation,0
33,28000.0,2.7,1300.0,18700.0,7.3,1,0.127,0.668,MORTGAGE,education,0
63,76000.0,0.1,34300.0,76400.0,5.4,0,0.572,1.005,MORTGAGE,business,1
61,51000.0,9.6,8600.0,57200.0,13.4,0,0.303,1.122,MORTGAGE,business,0
42,33000.0,5.0,19400.0,5500.0,3.6,0,0.608,0.167,MORTGAGE,medical,0
22,71000.0,15.2,7800.0,21900.0,5.7,1,0.147,0.308,MORTGAGE,home_improvement,0
47,38000.0,3.6,8100.0,19000.0,4.8,0,0.273,0.5,RENT,education,0
45,26000.0,9.8,5800.0,10200.0,10.6,1,0.27,0.392,RENT,home_improvement,0
27,78000.0,10.9,23400.0,40500.0,0.0,0,0.362,0.519,OWN,other,0
48,38000.0,3.7,19900.0,3700.0,5.5,1,0.535,0.097,MORTGAGE,other,0
57,41000.0,2.7,20500.0,5200.0,0.0,0,0.515,0.127,RENT,business,0
25,50000.0,9.3,300.0,50700.0,6.4,0,0.128,1.014,RENT,education,0
52,82000.0,8.6,20100.0,13800.0,11.6,0,0.265,0.168,MORTGAGE,debt_consolidation,0
27,49000.0,0.0,24300.0,48900.0,11.7,1,0.616,0.998,MORTGAGE,debt_consolidation,0
53,29000.0,0.9,0.0,11700.0,4.4,2,0.048,0.403,RENT,education,0
39,63000.0,0.0,20200.0,25600.0,10.7,1,0.369,0.406,OWN,business,0
21,39000.0,8.7,6100.0,6500.0,7.1,0,0.176,0.167,OWN,education,0
63,115000.0,4.8,28500.0,7500.0,14.8,0,0.256,0.065,OWN,business,0
28,49000.0,5.3,12400.0,22500.0,7.4,0,0.308,0.459,MORTGAGE,home_improvement,0
47,18000.0,0.0,4200.0,18200.0,0.0,0,0.355,1.011,RENT,business,1
28,58000.0,1.1,31000.0,64300.0,12.5,0,0.668,1.109,RENT,debt_consolidation,1
62,118000.0,3.8,38000.0,14300.0,5.7,2,0.337,0.121,RENT,education,0
53,100000.0,3.0,54200.0,8600.0,6.6,1,0.552,0.086,MORTGAGE,debt_consolidation,0
56,112000.0,6.5,48800.0,26100.0,9.7,0,0.464,0.233,RENT,medical,0
40,31000.0,8.6,6500.0,28900.0,0.9,0,0.322,0.932,MORTGAGE,home_improvement,0
41,74000.0,16.2,21900.0,21100.0,8.4,0,0.33,0.285,MORTGAGE,debt_consolidation,0
48,35000.0,5.9,8200.0,11000.0,10.7,1,0.272,0.314,MORTGAGE,home_improvement,0
55,54000.0,11.0,26800.0,57900.0,9.8,1,0.625,1.072,RENT,debt_consolidation,1
58,28000.0,2.3,3200.0,29600.0,5.0,0,0.241,1.057,OWN,education,0
21,37000.0,0.0,20800.0,30400.0,13.0,0,0.661,0.822,MORTGAGE,home_improvement,0
50,36000.0,4.4,12500.0,8600.0,3.0,1,0.376,0.239,MORTGAGE,other,0
25,73000.0,0.0,26800.0,35600.0,4.9,1,0.426,0.488,OWN,medical,0
33,70000.0,6.1,21700.0,22500.0,7.3,1,0.349,0.321,RENT,education,0
57,56000.0,2.5,18600.0,46100.0,9.5,0,0.431,0.823,OWN,medical,0
32,27000.0,0.0,10800.0,25600.0,6.4,1,0.514,0.948,OWN,debt_consolidation,0
56,43000.0,13.8,16900.0,9200.0,14.1,0,0.419,0.214,OWN,debt_consolidation,0
41,35000.0,3.6,4500.0,37900.0,9.5,0,0.259,1.083,RENT,debt_consolidation,1
31,73000.0,0.0,25500.0,42500.0,8.4,1,0.419,0.582,RENT,other,1
35,83000.0,10.0,17700.0,80000.0,9.3,1,0.329,0.964,RENT,business,0
44,79000.0,2.7,30200.0,8600.0,11.7,0,0.395,0.109,MORTGAGE,other,0
54,35000.0,10.9,11500.0,16300.0,9.2,0,0.384,0.466,RENT,business,0
47,15000.0,2.7,1600.0,1000.0,0.0,1,0.115,0.067,RENT,debt_consolidation,0
62,22000.0,3.6,9700.0,19300.0,13.4,0,0.546,0.877,OWN,debt_consolidation,0
59,93000.0,7.6,25500.0,13100.0,8.6,1,0.291,0.141,MORTGAGE,business,0
54,41000.0,8.7,13600.0,18000.0,11.4,0,0.384,0.439,RENT,medical,1
47,35000.0,9.5,14100.0,33200.0,6.0,0,0.517,0.949,MORTGAGE,medical,0
33,103000.0,5.6,40300.0,93900.0,0.0,0,0.501,0.912,RENT,home_improvement,1
39,87000.0,8.4,39100.0,68400.0,0.0,0,0.544,0.786,MORTGAGE,medical,0
26,50000.0,9.4,6200.0,42400.0,3.3,1,0.226,0.848,RENT,other,0
37,43000.0,6.9,2800.0,34400.0,10.6,0,0.161,0.8,MORTGAGE,education,0
61,46000.0,5.4,18500.0,36200.0,14.5,0,0.497,0.787,RENT,business,0
39,54000.0,0.0,7600.0,24400.0,9.5,1,0.195,0.452,MORTGAGE,business,0
26,101000.0,8.7,6900.0,8300.0,2.7,1,0.078,0.082,RENT,other,1
49,59000.0,6.2,4600.0,32900.0,4.1,1,0.145,0.558,RENT,home_improvement,0
63,68000.0,4.1,12800.0,7000.0,14.8,0,0.201,0.103,OWN,other,0
59,83000.0,11.7,49400.0,48900.0,1.4,0,0.666,0.589,OWN,medical,0
33,29000.0,0.0,2700.0,16900.0,18.5,1,0.163,0.583,MORTGAGE,business,0
40,69000.0,13.4,12400.0,17600.0,17.4,0,0.21,0.255,OWN,home_improvement,0
44,43000.0,5.9,23800.0,40900.0,18.7,0,0.668,0.951,RENT,debt_consolidation,0
31,16000.0,7.4,9200.0,13800.0,9.9,1,0.678,0.862,MORTGAGE,debt_consolidation,0
32,19000.0,4.2,2600.0,13200.0,6.3,0,0.22,0.695,OWN,education,0
31,31000.0,0.0,16400.0,34600.0,9.8,0,0.663,1.116,MORTGAGE,medical,0
64,62000.0,5.4,5200.0,23600.0,12.5,0,0.13,0.381,RENT,home_improvement,0
53,52000.0,7.5,23800.0,18300.0,4.7,0,0.5,0.352,OWN,home_improvement,0
57,53000.0,9.0,400.0,13800.0,2.5,0,0.039,0.26,RENT,business,0
56,118000.0,5.1,28800.0,79800.0,6.6,1,0.325,0.676,RENT,business,1
63,28000.0,0.0,4200.0,8000.0,4.1,1,0.184,0.286,MORTGAGE,medical,0
25,48000.0,0.0,20300.0,50400.0,14.2,0,0.549,1.05,RENT,medical,0
59,56000.0,15.2,500.0,22400.0,4.9,1,0.057,0.4,RENT,other,0
23,35000.0,1.1,9800.0,21500.0,8.5,2,0.354,0.614,RENT,home_improvement,1
41,50000.0,12.4,20900.0,32900.0,12.9,0,0.497,0.658,RENT,other,0
47,24000.0,1.8,700.0,9700.0,14.4,0,0.078,0.404,MORTGAGE,other,0
36,92000.0,5.2,49500.0,82700.0,9.0,1,0.646,0.899,MORTGAGE,education,1
27,36000.0,8.8,7800.0,30500.0,9.9,2,0.318,0.847,MORTGAGE,education,0
29,122000.0,2.3,12100.0,112800.0,2.9,0,0.21,0.925,MORTGAGE,home_improvement,0
57,48000.0,13.2,6500.0,35800.0,13.1,0,0.225,0.746,RENT,business,0
35,78000.0,6.3,15900.0,45200.0,14.3,0,0.273,0.579,RENT,home_improvement,0
34,48000.0,8.1,5700.0,27200.0,0.0,0,0.187,0.567,OWN,home_improvement,1
61,48000.0,4.8,14700.0,42000.0,16.8,0,0.411,0.875,MORTGAGE,business,0
27,38000.0,9.0,14400.0,18400.0,4.5,2,0.437,0.484,RENT,home_improvement,0
61,52000.0,13.1,13500.0,28700.0,11.0,0,0.326,0.552,OWN,debt_consolidation,0
61,57000.0,5.4,14600.0,13600.0,8.4,1,0.285,0.239,MORTGAGE,other,0
47,34000.0,13.8,15900.0,28300.0,7.7,1,0.568,0.832,MORTGAGE,debt_consolidation,1
28,46000.0,3.2,8300.0,6400.0,7.0,3,0.197,0.139,RENT,other,0
27,37000.0,9.4,13800.0,44000.0,3.0,1,0.516,1.189,MORTGAGE,business,1
33,138000.0,8.2,73900.0,29700.0,10.6,0,0.561,0.215,RENT,education,1
46,47000.0,1.2,6200.0,23000.0,6.6,0,0.191,0.489,MORTGAGE,medical,0
27,98000.0,7.0,36500.0,31700.0,1.5,1,0.411,0.323,MORTGAGE,home_improvement,0
41,45000.0,6.0,25600.0,17300.0,2.8,0,0.615,0.384,MORTGAGE,education,0
26,55000.0,2.2,17500.0,23100.0,1.5,0,0.369,0.42,RENT,business,0
44,27000.0,7.6,15800.0,23700.0,5.4,0,0.691,0.878,RENT,other,0
21,40000.0,6.7,7400.0,10100.0,10.4,0,0.215,0.252,OWN,home_improvement,0
52,54000.0,5.7,18300.0,19100.0,4.4,1,0.381,0.354,OWN,medical,0
23,100000.0,5.7,18700.0,16600.0,12.9,1,0.207,0.166,RENT,other,0
29,54000.0,5.6,100.0,23300.0,7.4,1,0.054,0.431,RENT,debt_consolidation,0
28,91000.0,4.3,54500.0,103100.0,6.6,1,0.735,1.133,MORTGAGE,debt_consolidation,1
57,65000.0,6.6,9400.0,31700.0,8.1,0,0.203,0.488,OWN,medical,0
23,102000.0,3.1,59600.0,96300.0,15.0,0,0.698,0.944,OWN,debt_consolidation,0
39,48000.0,18.0,18800.0,27900.0,1.1,1,0.461,0.581,MORTGAGE,other,1
47,144000.0,0.0,78100.0,81700.0,16.3,0,0.61,0.567,RENT,debt_consolidation,0
43,39000.0,3.4,22600.0,38900.0,12.8,0,0.699,0.997,MORTGAGE,business,0
50,35000.0,3.7,11900.0,2800.0,7.9,1,0.35,0.08,OWN,home_improvement,0
56,28000.0,15.2,16800.0,29200.0,13.9,0,0.725,1.043,RENT,other,1
38,140000.0,0.1,64500.0,85100.0,6.4,0,0.534,0.608,MORTGAGE,other,0
57,71000.0,7.9,22300.0,32200.0,9.4,0,0.369,0.454,RENT,business,0
34,42000.0,7.1,16500.0,45900.0,5.3,2,0.524,1.093,RENT,medical,1
64,86000.0,7.5,10000.0,37900.0,12.8,0,0.169,0.441,OWN,home_improvement,0
43,67000.0,11.6,400.0,78700.0,4.5,0,0.147,1.175,RENT,debt_consolidation,0
53,119000.0,11.5,18300.0,134100.0,7.7,0,0.289,1.127,MORTGAGE,home_improvement,0
59,24000.0,4.0,6300.0,8600.0,11.4,0,0.306,0.358,RENT,debt_consolidation,0
55,44000.0,6.9,6000.0,19400.0,13.2,0,0.189,0.441,RENT,business,0
58,40000.0,0.0,12300.0,39400.0,3.9,2,0.426,0.985,MORTGAGE,home_improvement,0
44,20000.0,6.4,7900.0,5500.0,11.8,0,0.428,0.275,RENT,education,0
22,79000.0,2.4,31100.0,70400.0,3.1,1,0.501,0.891,MORTGAGE,medical,1
42,43000.0,5.2,23100.0,8500.0,0.0,0,0.561,0.198,RENT,business,0
28,68000.0,0.0,39400.0,19500.0,4.3,1,0.614,0.287,MORTGAGE,medical,0
60,142000.0,7.8,75900.0,88800.0,12.2,0,0.61,0.625,OWN,business,0
31,42000.0,0.0,15600.0,38100.0,7.9,0,0.48,0.907,MORTGAGE,debt_consolidation,0
31,41000.0,6.7,5100.0,36900.0,5.3,1,0.232,0.9,RENT,home_improvement,1
31,52000.0,0.5,29400.0,39000.0,8.3,0,0.655,0.75,OWN,business,1
49,76000.0,2.2,8000.0,27600.0,8.1,0,0.149,0.363,RENT,business,0
46,38000.0,11.2,3500.0,20100.0,11.1,0,0.156,0.529,RENT,medical,0
62,37000.0,8.6,7100.0,12300.0,0.0,0,0.232,0.332,OWN,other,0
39,79000.0,11.2,27200.0,29100.0,7.5,1,0.389,0.368,RENT,other,1
33,58000.0,13.0,23700.0,24500.0,8.6,1,0.459,0.422,MORTGAGE,debt_consolidation,0
23,20000.0,2.5,200.0,14800.0,1.2,0,0.099,0.74,RENT,medical,0
21,28000.0,12.7,13100.0,8100.0,1.1,1,0.503,0.289,MORTGAGE,other,0
37,96000.0,0.0,10100.0,9500.0,6.2,0,0.117,0.099,MORTGAGE,home_improvement,0
61,59000.0,9.4,10500.0,49900.0,8.0,0,0.279,0.846,MORTGAGE,debt_consolidation,0
44,35000.0,3.8,6800.0,2600.0,8.1,0,0.203,0.074,MORTGAGE,debt_consolidation,0
60,45000.0,1.8,9000.0,52500.0,5.2,0,0.34,1.167,RENT,business,0
25,49000.0,8.8,22400.0,22200.0,5.0,1,0.512,0.453,RENT,other,1
25,68000.0,10.3,1700.0,3900.0,6.0,0,0.032,0.057,OWN,business,0
57,27000.0,10.1,3200.0,28800.0,9.5,0,0.247,1.067,OWN,debt_consolidation,1
25,34000.0,7.0,500.0,25200.0,14.2,0,0.104,0.741,MORTGAGE,education,0
23,55000.0,6.6,25700.0,54500.0,0.0,1,0.586,0.991,MORTGAGE,education,1
38,47000.0,8.4,27700.0,25900.0,11.1,0,0.655,0.551,MORTGAGE,other,0
61,63000.0,7.4,24900.0,28800.0,7.4,0,0.45,0.457,MORTGAGE,medical,0
51,28000.0,8.4,9900.0,22500.0,10.6,0,0.45,0.804,MORTGAGE,home_improvement,0
25,58000.0,6.9,31600.0,30000.0,13.9,0,0.607,0.517,RENT,medical,1
57,80000.0,9.8,12200.0,55200.0,4.2,1,0.235,0.69,MORTGAGE,business,1
58,61000.0,0.0,2400.0,22500.0,12.7,0,0.084,0.369,RENT,medical,0
56,52000.0,5.4,15900.0,22500.0,1.7,1,0.358,0.433,RENT,education,1
60,47000.0,0.0,7300.0,6800.0,8.6,0,0.173,0.145,MORTGAGE,business,1
31,34000.0,7.2,9200.0,32300.0,6.8,1,0.385,0.95,RENT,home_improvement,1
64,47000.0,13.4,12900.0,21200.0,8.2,1,0.329,0.451,MORTGAGE,debt_consolidation,0
35,86000.0,3.9,16500.0,100700.0,3.1,1,0.332,1.171,OWN,other,0
56,46000.0,6.6,13400.0,16000.0,10.2,0,0.333,0.348,OWN,business,0
46,33000.0,9.4,7500.0,19700.0,15.9,1,0.299,0.597,OWN,business,0
55,39000.0,0.0,2600.0,15700.0,3.1,0,0.115,0.403,OWN,other,0
48,54000.0,3.7,28100.0,45800.0,8.9,0,0.622,0.848,RENT,business,0
49,41000.0,7.6,17300.0,40200.0,12.3,0,0.54,0.98,MORTGAGE,debt_consolidation,0
48,61000.0,0.0,1500.0,37200.0,6.5,1,0.098,0.61,MORTGAGE,other,0
55,62000.0,1.6,4300.0,29300.0,14.8,0,0.126,0.473,OWN,debt_consolidation,0
53,73000.0,11.0,4200.0,66200.0,5.9,2,0.166,0.907,MORTGAGE,business,1
26,93000.0,10.5,3400.0,25100.0,7.4,0,0.069,0.27,MORTGAGE,other,0
57,77000.0,7.7,2700.0,56900.0,3.0,0,0.124,0.739,OWN,education,0
44,32000.0,10.0,3000.0,28600.0,8.6,0,0.201,0.894,MORTGAGE,home_improvement,0
35,33000.0,7.0,16800.0,11900.0,8.0,0,0.552,0.361,RENT,other,0
43,47000.0,8.5,23400.0,37800.0,11.2,0,0.594,0.804,MORTGAGE,education,0
63,40000.0,4.6,18800.0,35800.0,4.8,1,0.577,0.895,MORTGAGE,other,0
58,29000.0,6.5,10700.0,5400.0,4.6,0,0.391,0.186,MORTGAGE,home_improvement,0
57,40000.0,3.2,17400.0,16900.0,10.3,0,0.486,0.422,OWN,home_improvement,0
41,40000.0,11.7,17700.0,20700.0,15.0,0,0.505,0.518,MORTGAGE,medical,0
55,36000.0,12.8,19200.0,33900.0,11.1,0,0.646,0.942,OWN,education,0
37,43000.0,12.2,18900.0,30200.0,17.2,0,0.524,0.702,RENT,business,0
51,83000.0,4.2,36700.0,47100.0,10.8,0,0.51,0.567,RENT,home_improvement,0
49,54000.0,1.7,26100.0,22500.0,10.6,0,0.533,0.417,RENT,business,1
31,149000.0,11.7,49700.0,8100.0,11.4,0,0.34,0.054,MORTGAGE,education,0
32,53000.0,8.4,6800.0,3900.0,15.4,1,0.137,0.074,OWN,education,0
23,43000.0,7.5,2200.0,14000.0,14.2,0,0.09,0.326,MORTGAGE,business,0
27,49000.0,3.1,12300.0,9000.0,2.6,0,0.273,0.184,MORTGAGE,home_improvement,1
40,55000.0,7.9,3000.0,10300.0,12.0,0,0.077,0.187,MORTGAGE,home_improvement,0
42,60000.0,1.1,6100.0,44600.0,9.3,0,0.191,0.743,OWN,medical,0
28,125000.0,8.9,1800.0,93300.0,7.0,0,0.104,0.746,RENT,home_improvement,0
39,34000.0,12.2,6100.0,3500.0,0.0,1,0.192,0.103,RENT,education,0
47,72000.0,13.3,41900.0,52800.0,0.3,0,0.67,0.733,MORTGAGE,education,0
31,54000.0,9.2,12300.0,11800.0,6.2,0,0.254,0.219,MORTGAGE,medical,0
35,24000.0,0.0,3500.0,11600.0,0.7,1,0.204,0.483,RENT,education,0
37,69000.0,6.9,16700.0,82000.0,6.3,1,0.385,1.188,RENT,medical,0
43,87000.0,15.6,15700.0,56600.0,11.6,0,0.259,0.651,MORTGAGE,home_improvement,0
37,33000.0,2.1,13300.0,2900.0,5.1,0,0.414,0.088,RENT,other,0
53,49000.0,5.7,18700.0,22000.0,8.4,0,0.436,0.449,RENT,other,1
35,23000.0,12.4,400.0,18900.0,2.7,0,0.116,0.822,RENT,debt_consolidation,1
40,28000.0,8.8,8600.0,8600.0,9.5,0,0.344,0.307,RENT,debt_consolidation,0
37,79000.0,17.2,1700.0,91600.0,10.5,0,0.161,1.159,MORTGAGE,debt_consolidation,1
29,40000.0,2.7,16300.0,21600.0,0.9,1,0.472,0.54,MORTGAGE,home_improvement,1
51,30000.0,1.5,16800.0,2200.0,4.2,0,0.569,0.073,RENT,business,0
31,54000.0,11.5,29400.0,36300.0,1.7,1,0.625,0.672,MORTGAGE,home_improvement,0
34,39000.0,0.6,4800.0,32300.0,10.5,0,0.222,0.828,MORTGAGE,medical,0
55,40000.0,5.1,17800.0,23000.0,8.8,0,0.514,0.575,RENT,home_improvement,0
62,68000.0,5.7,32400.0,76000.0,7.8,3,0.611,1.118,MORTGAGE,debt_consolidation,1
50,29000.0,10.7,15000.0,31500.0,7.4,2,0.648,1.086,RENT,debt_consolidation,1
61,33000.0,8.8,5100.0,6900.0,9.6,0,0.18,0.209,OWN,other,0
58,53000.0,8.1,14300.0,7500.0,9.7,2,0.287,0.142,MORTGAGE,medical,1
42,76000.0,4.2,10100.0,31100.0,5.5,0,0.182,0.409,RENT,medical,0
54,86000.0,11.5,1300.0,64400.0,4.8,1,0.105,0.749,OWN,home_improvement,1
35,36000.0,24.1,14200.0,26700.0,7.7,1,0.483,0.742,MORTGAGE,education,0
41,75000.0,9.1,19400.0,27200.0,7.1,0,0.302,0.363,RENT,medical,0
44,34000.0,6.4,5100.0,38900.0,18.3,1,0.287,1.144,RENT,business,0
63,112000.0,0.2,56900.0,45200.0,6.1,0,0.556,0.404,MORTGAGE,medical,0
58,29000.0,3.1,8600.0,28300.0,9.4,0,0.414,0.976,MORTGAGE,medical,1
42,89000.0,5.0,53100.0,89600.0,10.3,0,0.717,1.007,MORTGAGE,medical,1
49,36000.0,3.6,17100.0,5900.0,15.0,0,0.495,0.164,OWN,education,0
29,121000.0,5.9,63100.0,38400.0,3.9,2,0.56,0.317,OWN,business,0
56,64000.0,14.0,29700.0,19000.0,14.7,0,0.5,0.297,RENT,home_improvement,0
45,31000.0,11.6,2000.0,34300.0,7.3,1,0.197,1.106,OWN,business,0
44,39000.0,5.3,1500.0,17700.0,20.5,0,0.093,0.454,RENT,education,0
54,70000.0,0.6,38400.0,70800.0,9.8,0,0.67,1.011,OWN,medical,1
48,79000.0,12.0,6600.0,47400.0,1.9,0,0.156,0.6,RENT,education,0
24,47000.0,5.8,11000.0,27100.0,7.0,0,0.303,0.577,RENT,medical,0
33,50000.0,0.0,18300.0,54400.0,14.7,0,0.497,1.088,MORTGAGE,business,0
28,69000.0,9.2,8800.0,38400.0,8.4,0,0.194,0.557,RENT,home_improvement,0
53,52000.0,10.6,7000.0,47100.0,7.7,0,0.243,0.906,OWN,education,1
22,27000.0,0.0,7600.0,14500.0,11.6,0,0.346,0.537,RENT,education,1
29,34000.0,2.3,7400.0,5700.0,6.3,2,0.238,0.168,MORTGAGE,debt_consolidation,0
47,54000.0,5.5,21900.0,6000.0,6.9,1,0.419,0.111,OWN,other,0
51,85000.0,9.3,3800.0,24600.0,3.3,0,0.079,0.289,MORTGAGE,business,0
43,101000.0,3.7,29600.0,88900.0,16.6,0,0.399,0.88,MORTGAGE,debt_consolidation,0
58,70000.0,2.3,7300.0,33600.0,1.9,1,0.162,0.48,OWN,debt_consolidation,0
61,56000.0,9.3,20400.0,32000.0,8.8,1,0.433,0.571,RENT,other,1
26,69000.0,3.9,4800.0,11500.0,10.4,0,0.09,0.167,RENT,other,0
62,36000.0,8.4,4300.0,27600.0,7.9,0,0.211,0.767,RENT,business,0
48,46000.0,1.0,22200.0,44800.0,1.7,1,0.599,0.974,RENT,business,1
48,34000.0,0.0,4800.0,26100.0,3.0,1,0.233,0.768,RENT,other,0
25,28000.0,9.4,12400.0,33100.0,10.6,0,0.585,1.182,MORTGAGE,medical,1
48,57000.0,7.1,9300.0,3900.0,4.1,1,0.171,0.068,RENT,debt_consolidation,0
52,53000.0,10.2,7500.0,3600.0,0.0,1,0.15,0.068,MORTGAGE,education,0
46,67000.0,3.6,12000.0,41900.0,9.9,1,0.254,0.625,MORTGAGE,home_improvement,0
24,63000.0,2.4,33300.0,22500.0,3.6,0,0.571,0.357,MORTGAGE,home_improvement,0
44,55000.0,12.1,13100.0,46200.0,11.2,0,0.339,0.84,MORTGAGE,other,0
62,63000.0,0.0,9200.0,60600.0,7.0,1,0.261,0.962,RENT,medical,0
52,48000.0,11.6,15500.0,8100.0,6.8,0,0.343,0.169,MORTGAGE,other,0
27,59000.0,11.9,13700.0,65200.0,8.3,0,0.365,1.105,MORTGAGE,debt_consolidation,0
63,35000.0,9.9,16600.0,3000.0,2.3,1,0.485,0.086,OWN,other,0
63,58000.0,2.9,34500.0,48800.0,3.9,0,0.696,0.841,MORTGAGE,medical,1
28,66000.0,2.3,20900.0,32500.0,6.7,0,0.376,0.492,MORTGAGE,medical,0
56,36000.0,5.1,9800.0,29400.0,2.3,0,0.37,0.817,RENT,home_improvement,0
38,50000.0,0.2,10300.0,8100.0,11.6,1,0.225,0.162,RENT,medical,0
47,37000.0,1.7,21600.0,41700.0,6.5,0,0.719,1.127,MORTGAGE,medical,1
40,39000.0,8.9,11300.0,44000.0,0.8,0,0.425,1.128,MORTGAGE,business,1
55,30000.0,8.9,3200.0,19400.0,5.2,1,0.184,0.647,MORTGAGE,debt_consolidation,0
64,87000.0,1.3,50600.0,55300.0,8.5,0,0.658,0.636,OWN,medical,1
55,79000.0,9.0,45500.0,61600.0,5.8,1,0.67,0.78,RENT,debt_consolidation,1
61,62000.0,8.0,16200.0,44500.0,10.0,0,0.347,0.718,OWN,debt_consolidation,1
62,119000.0,12.8,24900.0,80300.0,10.9,0,0.29,0.675,OWN,education,0
24,45000.0,8.6,18400.0,32700.0,20.0,0,0.496,0.727,RENT,debt_consolidation,0
32,192000.0,10.8,95500.0,199200.0,13.8,0,0.622,1.038,RENT,business,0
52,44000.0,8.1,13200.0,33100.0,0.0,0,0.39,0.752,MORTGAGE,education,0
46,55000.0,10.4,10900.0,15100.0,6.2,0,0.231,0.275,RENT,home_improvement,1
23,41000.0,0.2,7400.0,45100.0,6.7,0,0.312,1.1,RENT,home_improvement,0
25,58000.0,5.5,11400.0,17300.0,10.9,0,0.232,0.298,MORTGAGE,education,0
43,71000.0,5.8,5000.0,17000.0,3.3,0,0.099,0.239,MORTGAGE,medical,0
48,47000.0,4.9,22000.0,56200.0,5.3,1,0.612,1.196,RENT,business,1
28,109000.0,8.0,6900.0,32200.0,1.8,0,0.099,0.295,OWN,medical,0
28,55000.0,8.9,13100.0,9100.0,5.0,0,0.258,0.165,RENT,medical,0
26,55000.0,7.8,27600.0,38300.0,5.2,0,0.585,0.696,RENT,medical,0
45,33000.0,5.2,8000.0,33000.0,6.4,0,0.362,1.0,RENT,medical,0
21,59000.0,2.7,10400.0,7100.0,2.1,0,0.191,0.12,OWN,education,0
46,46000.0,10.9,26200.0,28200.0,12.9,0,0.643,0.613,OWN,home_improvement,0
41,37000.0,7.6,2800.0,4800.0,10.4,0,0.091,0.13,RENT,medical,0
41,35000.0,1.4,18600.0,19000.0,0.8,1,0.597,0.543,MORTGAGE,debt_consolidation,0
50,163000.0,5.1,6100.0,72600.0,8.1,0,0.091,0.445,RENT,home_improvement,0
43,44000.0,0.0,10900.0,9100.0,0.2,0,0.273,0.207,RENT,debt_consolidation,0
53,25000.0,6.2,9500.0,28000.0,14.7,1,0.514,1.12,RENT,education,0
54,36000.0,5.1,8000.0,28100.0,16.1,0,0.316,0.781,OWN,other,0
61,48000.0,3.4,15400.0,48900.0,7.7,0,0.443,1.019,MORTGAGE,other,0
56,63000.0,13.1,7700.0,68800.0,3.7,1,0.253,1.092,MORTGAGE,debt_consolidation,0
43,63000.0,0.8,21500.0,70500.0,4.7,1,0.476,1.119,RENT,business,1
42,66000.0,9.2,5300.0,60100.0,5.7,0,0.19,0.911,OWN,debt_consolidation,0
31,37000.0,15.8,17700.0,14900.0,7.5,0,0.527,0.403,OWN,other,1
47,57000.0,10.8,20000.0,57200.0,14.9,0,0.471,1.004,RENT,home_improvement,0
27,33000.0,5.9,9500.0,21400.0,12.8,0,0.366,0.648,MORTGAGE,debt_consolidation,0
61,37000.0,0.9,1200.0,13400.0,12.9,0,0.076,0.362,MORTGAGE,business,0
58,32000.0,0.0,9600.0,15800.0,8.9,0,0.359,0.494,OWN,business,0
26,29000.0,4.1,9800.0,11500.0,2.2,2,0.386,0.397,MORTGAGE,education,0
55,79000.0,2.9,12600.0,46300.0,4.1,0,0.23,0.586,RENT,medical,0
26,67000.0,2.8,27200.0,63600.0,8.3,0,0.52,0.949,RENT,business,0
52,76000.0,4.5,3500.0,46200.0,2.0,0,0.119,0.608,MORTGAGE,other,0
24,50000.0,5.5,6300.0,17900.0,9.5,0,0.169,0.358,MORTGAGE,education,0
42,70000.0,8.2,31000.0,10500.0,12.0,0,0.461,0.15,RENT,business,0
49,22000.0,0.4,1900.0,22800.0,10.7,0,0.211,1.036,OWN,business,0
53,72000.0,2.9,10600.0,38200.0,10.5,0,0.211,0.531,OWN,business,0
39,53000.0,5.3,20700.0,29600.0,0.0,0,0.458,0.558,MORTGAGE,other,0
61,65000.0,5.1,28400.0,60300.0,14.7,0,0.548,0.928,MORTGAGE,other,0
55,58000.0,14.3,1800.0,59600.0,0.2,0,0.154,1.028,MORTGAGE,education,0
30,31000.0,7.0,2400.0,19800.0,7.2,1,0.154,0.639,MORTGAGE,home_improvement,0
50,25000.0,0.0,6700.0,19400.0,11.1,1,0.361,0.776,RENT,other,0
53,36000.0,7.9,12800.0,11700.0,9.8,2,0.395,0.325,MORTGAGE,education,0
35,63000.0,8.5,17200.0,70900.0,1.6,2,0.408,1.125,MORTGAGE,other,0
53,67000.0,5.4,26000.0,47100.0,2.5,0,0.472,0.703,OWN,other,0
60,26000.0,0.5,11800.0,22800.0,9.4,0,0.559,0.877,RENT,debt_consolidation,0
56,32000.0,13.9,18200.0,5800.0,10.6,1,0.59,0.181,RENT,debt_consolidation,0
54,35000.0,1.2,7300.0,27400.0,2.5,0,0.303,0.783,MORTGAGE,medical,0
48,42000.0,9.0,4100.0,19900.0,10.0,0,0.154,0.474,OWN,debt_consolidation,0
32,27000.0,6.9,4300.0,15300.0,0.4,0,0.227,0.567,MORTGAGE,medical,0
55,26000.0,8.7,2300.0,21700.0,11.1,0,0.189,0.835,RENT,debt_consolidation,0
37,34000.0,13.7,8000.0,32800.0,3.6,0,0.351,0.965,MORTGAGE,other,0
44,51000.0,8.5,26700.0,23000.0,8.4,1,0.578,0.451,RENT,education,0
34,29000.0,3.5,6000.0,30600.0,7.6,1,0.334,1.055,MORTGAGE,business,0
34,47000.0,11.0,4200.0,14200.0,13.8,0,0.126,0.302,MORTGAGE,education,0
27,79000.0,3.2,24800.0,55100.0,9.2,1,0.398,0.697,MORTGAGE,business,1
63,27000.0,6.7,16100.0,6000.0,5.0,0,0.623,0.222,MORTGAGE,business,0
27,45000.0,0.2,5100.0,17200.0,9.8,0,0.159,0.382,RENT,home_improvement,0
24,78000.0,1.4,36400.0,84200.0,18.7,0,0.596,1.079,MORTGAGE,business,0
62,41000.0,6.2,20300.0,2600.0,11.7,0,0.503,0.063,OWN,business,0
45,38000.0,7.7,9200.0,41900.0,7.7,0,0.374,1.103,MORTGAGE,home_improvement,0
40,83000.0,0.0,30900.0,35500.0,3.8,1,0.424,0.428,OWN,debt_consolidation,0
53,43000.0,8.2,11200.0,36600.0,4.9,2,0.363,0.851,MORTGAGE,education,1
37,81000.0,2.3,12700.0,12600.0,11.4,0,0.175,0.156,MORTGAGE,medical,0
26,59000.0,11.8,15100.0,46500.0,3.6,0,0.351,0.788,RENT,business,0
53,42000.0,4.4,2400.0,46000.0,8.0,4,0.189,1.095,OWN,home_improvement,1
28,61000.0,0.9,25900.0,42000.0,15.2,0,0.507,0.689,RENT,education,1
45,57000.0,6.3,28400.0,26600.0,8.8,1,0.554,0.467,RENT,business,0
62,78000.0,1.9,14400.0,75100.0,2.6,2,0.3,0.963,RENT,medical,0
62,38000.0,11.7,12900.0,33000.0,18.9,0,0.444,0.868,MORTGAGE,business,0
36,50000.0,6.0,7000.0,9300.0,16.8,1,0.162,0.186,MORTGAGE,business,0
55,48000.0,5.3,3700.0,39100.0,10.5,0,0.175,0.815,MORTGAGE,home_improvement,0
47,67000.0,8.7,26700.0,54600.0,14.4,1,0.496,0.815,RENT,home_improvement,0
42,31000.0,1.5,2500.0,28400.0,6.7,1,0.191,0.916,MORTGAGE,business,0
27,77000.0,0.2,36100.0,31900.0,11.6,0,0.519,0.414,RENT,business,0
37,60000.0,7.8,9800.0,30700.0,5.9,1,0.225,0.512,MORTGAGE,other,0
49,27000.0,1.1,13300.0,31200.0,1.2,0,0.631,1.156,RENT,home_improvement,0
64,84000.0,1.0,18600.0,59600.0,21.0,0,0.307,0.71,MORTGAGE,debt_consolidation,0
21,134000.0,9.8,29700.0,85100.0,1.0,0,0.298,0.635,RENT,home_improvement,0
52,77000.0,8.4,34700.0,91200.0,9.5,0,0.593,1.184,RENT,education,0
58,93000.0,0.4,28500.0,29200.0,9.4,1,0.344,0.314,MORTGAGE,debt_consolidation,0
62,51000.0,3.2,6100.0,25900.0,10.6,0,0.181,0.508,OWN,home_improvement,0
39,23000.0,1.9,11700.0,21200.0,7.6,1,0.619,0.922,MORTGAGE,debt_consolidation,0
26,21000.0,14.0,4300.0,18300.0,7.6,0,0.309,0.871,MORTGAGE,debt_consolidation,0
32,55000.0,10.1,3400.0,63900.0,8.7,0,0.201,1.162,RENT,education,0
58,38000.0,4.1,9500.0,30500.0,10.4,1,0.346,0.803,MORTGAGE,business,0
59,32000.0,8.6,11000.0,13100.0,8.0,0,0.393,0.409,MORTGAGE,education,1
49,48000.0,0.0,17600.0,24400.0,7.7,0,0.428,0.508,MORTGAGE,home_improvement,0
26,65000.0,3.0,32600.0,10000.0,1.4,1,0.52,0.154,MORTGAGE,medical,0
26,25000.0,6.5,8100.0,27800.0,18.1,1,0.457,1.112,MORTGAGE,medical,0
42,40000.0,8.0,5400.0,7900.0,10.7,0,0.159,0.198,OWN,education,0
46,97000.0,5.6,15200.0,65700.0,9.0,0,0.238,0.677,RENT,debt_consolidation,0
22,30000.0,7.1,1800.0,15300.0,4.9,0,0.121,0.51,MORTGAGE,home_improvement,0
51,73000.0,6.4,32200.0,14900.0,3.0,2,0.466,0.204,MORTGAGE,debt_consolidation,0
44,39000.0,5.3,2500.0,15100.0,12.3,0,0.111,0.387,RENT,debt_consolidation,0
21,63000.0,4.7,22900.0,49100.0,7.2,0,0.457,0.779,RENT,medical,0
25,80000.0,4.1,28700.0,6900.0,11.1,0,0.369,0.086,MORTGAGE,home_improvement,0
40,68000.0,7.0,32000.0,78900.0,1.2,1,0.61,1.16,RENT,education,1
52,74000.0,7.8,3300.0,81100.0,15.7,0,0.176,1.096,OWN,education,0
57,29000.0,6.9,3500.0,4300.0,12.5,0,0.138,0.148,RENT,other,0
39,81000.0,0.7,44200.0,84900.0,7.6,0,0.671,1.048,RENT,debt_consolidation,0
33,33000.0,1.5,11300.0,14100.0,10.3,0,0.394,0.427,MORTGAGE,debt_consolidation,0
63,55000.0,7.8,15100.0,7000.0,11.7,0,0.29,0.127,RENT,medical,0
41,55000.0,12.6,24700.0,22100.0,1.3,2,0.497,0.402,RENT,medical,0
34,61000.0,6.7,33000.0,59800.0,16.4,2,0.659,0.98,MORTGAGE,medical,1
40,57000.0,4.1,9000.0,46500.0,10.4,0,0.256,0.816,MORTGAGE,business,0
21,34000.0,7.0,18400.0,11000.0,4.5,0,0.58,0.324,MORTGAGE,other,0
34,27000.0,0.9,1800.0,23700.0,2.5,1,0.172,0.878,MORTGAGE,medical,0
43,73000.0,11.9,42800.0,63100.0,12.9,0,0.69,0.864,MORTGAGE,medical,1
61,53000.0,6.8,5200.0,47900.0,9.1,0,0.207,0.904,OWN,business,0
53,82000.0,3.0,13100.0,55100.0,10.4,0,0.24,0.672,RENT,home_improvement,1
55,48000.0,5.2,2800.0,47600.0,8.1,1,0.177,0.992,MORTGAGE,home_improvement,0
44,26000.0,3.6,12500.0,20500.0,3.0,2,0.575,0.788,RENT,education,0
25,76000.0,11.9,44900.0,14800.0,10.5,0,0.614,0.195,MORTGAGE,business,0
38,41000.0,5.1,7300.0,40300.0,7.0,2,0.296,0.983,RENT,other,1
64,57000.0,6.7,11100.0,24100.0,7.9,0,0.245,0.423,MORTGAGE,medical,0
22,37000.0,8.6,6200.0,31800.0,19.9,0,0.271,0.859,RENT,medical,0
59,103000.0,2.7,9600.0,85100.0,12.3,0,0.192,0.826,RENT,business,0
51,33000.0,6.9,15600.0,14400.0,12.6,0,0.525,0.436,RENT,home_improvement,0
33,42000.0,7.2,1500.0,9900.0,21.6,0,0.064,0.236,RENT,debt_consolidation,0
55,51000.0,0.0,29600.0,43300.0,9.9,1,0.682,0.849,RENT,business,0
57,30000.0,7.1,16700.0,30800.0,8.6,1,0.68,1.027,MORTGAGE,debt_consolidation,0
22,57000.0,5.8,4100.0,57800.0,4.6,1,0.194,1.014,RENT,debt_consolidation,0
25,101000.0,6.6,32100.0,77800.0,5.7,2,0.41,0.77,MORTGAGE,education,0
50,39000.0,6.2,23200.0,12100.0,0.0,0,0.632,0.31,RENT,business,1
64,59000.0,7.2,30200.0,24400.0,12.0,0,0.561,0.414,RENT,education,0
22,15000.0,12.0,6400.0,13800.0,1.7,0,0.537,0.92,RENT,debt_consolidation,0
50,48000.0,0.7,600.0,25100.0,12.5,0,0.075,0.523,MORTGAGE,debt_consolidation,0
27,43000.0,4.5,1800.0,38400.0,7.8,1,0.149,0.893,MORTGAGE,home_improvement,1
49,34000.0,9.0,16200.0,13800.0,8.6,2,0.525,0.406,MORTGAGE,debt_consolidation,1
48,80000.0,8.2,18100.0,4600.0,7.8,0,0.233,0.058,RENT,home_improvement,0
24,42000.0,8.1,16800.0,31200.0,14.9,1,0.489,0.743,MORTGAGE,debt_consolidation,0
50,45000.0,18.4,20000.0,33300.0,14.0,1,0.533,0.74,MORTGAGE,other,1
60,41000.0,8.8,10400.0,31600.0,7.9,0,0.346,0.771,OWN,debt_consolidation,0
58,21000.0,11.1,1800.0,7500.0,3.5,0,0.129,0.357,MORTGAGE,home_improvement,0
22,29000.0,4.6,6700.0,28500.0,12.6,0,0.349,0.983,RENT,debt_consolidation,0
31,76000.0,1.5,39700.0,46400.0,3.1,2,0.596,0.611,OWN,home_improvement,1
31,19000.0,4.6,3800.0,17600.0,0.2,1,0.311,0.926,RENT,business,1
40,35000.0,9.2,1300.0,26300.0,10.5,0,0.127,0.751,OWN,medical,0
27,41000.0,7.8,23600.0,21700.0,14.1,0,0.639,0.529,RENT,other,0
58,107000.0,7.8,43700.0,89000.0,6.0,0,0.508,0.832,MORTGAGE,medical,1
55,69000.0,5.0,22400.0,49100.0,10.0,0,0.41,0.712,MORTGAGE,education,0
56,38000.0,4.3,18900.0,24200.0,5.9,1,0.574,0.637,RENT,other,0
29,88000.0,5.2,21700.0,70000.0,11.6,0,0.342,0.795,MORTGAGE,home_improvement,0
21,35000.0,9.3,20700.0,5200.0,13.5,2,0.609,0.149,RENT,debt_consolidation,0
61,77000.0,9.8,39600.0,84500.0,6.7,1,0.646,1.097,RENT,home_improvement,0
33,27000.0,1.5,4500.0,11800.0,2.9,0,0.219,0.437,RENT,other,0
49,79000.0,9.4,17600.0,24400.0,0.7,0,0.26,0.309,OWN,business,1
61,41000.0,3.1,6800.0,38400.0,12.6,0,0.278,0.937,OWN,medical,0
22,31000.0,8.1,12300.0,9800.0,2.3,0,0.435,0.316,MORTGAGE,other,0
21,44000.0,5.1,16900.0,52600.0,9.9,2,0.528,1.195,MORTGAGE,medical,1
21,56000.0,13.0,17600.0,29900.0,11.9,0,0.378,0.534,RENT,home_improvement,0
27,39000.0,4.1,22600.0,15300.0,5.5,0,0.627,0.392,MORTGAGE,debt_consolidation,1
23,63000.0,6.8,17900.0,7600.0,7.2,0,0.299,0.121,OWN,debt_consolidation,0
57,38000.0,8.7,17900.0,3700.0,13.0,0,0.483,0.097,MORTGAGE,other,0
47,65000.0,2.1,25700.0,10400.0,4.0,3,0.415,0.16,MORTGAGE,home_improvement,1
64,60000.0,5.7,18700.0,3300.0,3.5,2,0.318,0.055,RENT,education,0
56,48000.0,4.8,1200.0,20500.0,6.8,0,0.076,0.427,MORTGAGE,education,0
63,40000.0,3.7,15800.0,16300.0,14.4,0,0.444,0.408,OWN,debt_consolidation,0
31,52000.0,4.0,20000.0,28300.0,16.1,0,0.45,0.544,OWN,debt_consolidation,0
33,63000.0,11.0,4700.0,20000.0,7.5,3,0.113,0.317,MORTGAGE,business,0
58,124000.0,3.3,59200.0,15100.0,4.4,0,0.492,0.122,RENT,business,0
31,75000.0,8.5,21000.0,9900.0,13.3,0,0.296,0.132,OWN,home_improvement,0
23,76000.0,7.4,14800.0,19700.0,0.0,0,0.226,0.259,MORTGAGE,debt_consolidation,1
50,197000.0,0.0,97400.0,81600.0,9.2,1,0.544,0.414,RENT,medical,0
56,62000.0,8.3,12800.0,13700.0,7.8,0,0.233,0.221,RENT,debt_consolidation,0
63,61000.0,0.0,22800.0,28700.0,14.5,0,0.43,0.47,MORTGAGE,home_improvement,0
61,67000.0,8.8,24800.0,74400.0,15.0,0,0.503,1.11,OWN,business,1
26,31000.0,3.7,1000.0,10900.0,3.3,0,0.074,0.352,OWN,home_improvement,0
54,40000.0,6.0,10100.0,9700.0,8.8,1,0.282,0.242,OWN,business,0
58,39000.0,0.2,5200.0,31800.0,5.1,1,0.231,0.815,MORTGAGE,other,1
51,66000.0,6.6,7900.0,40600.0,6.5,0,0.194,0.615,OWN,home_improvement,0
57,45000.0,10.2,17700.0,4700.0,11.1,0,0.406,0.104,RENT,medical,0
57,52000.0,2.4,400.0,49700.0,6.3,0,0.122,0.956,RENT,business,0
40,80000.0,3.3,46500.0,69800.0,9.0,0,0.686,0.872,RENT,medical,0
22,72000.0,8.0,17100.0,84500.0,12.8,0,0.378,1.174,MORTGAGE,home_improvement,0
41,46000.0,8.2,8200.0,51900.0,15.6,0,0.314,1.128,OWN,other,0
29,36000.0,0.0,19900.0,26000.0,9.4,1,0.639,0.722,OWN,home_improvement,1
26,82000.0,15.1,23900.0,68800.0,8.6,2,0.392,0.839,OWN,home_improvement,0
26,69000.0,8.4,25400.0,35900.0,2.5,0,0.431,0.52,MORTGAGE,debt_consolidation,0
51,24000.0,9.1,10000.0,25700.0,15.9,0,0.545,1.071,MORTGAGE,other,0
43,43000.0,5.4,22500.0,29500.0,10.5,0,0.606,0.686,RENT,home_improvement,0
44,53000.0,0.0,4100.0,22500.0,8.7,2,0.128,0.425,MORTGAGE,debt_consolidation,0
53,70000.0,9.0,3400.0,4300.0,8.4,1,0.056,0.061,MORTGAGE,debt_consolidation,0
45,74000.0,3.5,44100.0,53600.0,9.8,1,0.683,0.724,MORTGAGE,home_improvement,0
48,56000.0,8.4,300.0,36600.0,11.9,0,0.084,0.654,RENT,business,0
24,64000.0,5.0,27200.0,63000.0,12.5,0,0.543,0.984,RENT,business,0
58,50000.0,7.1,18300.0,13300.0,16.1,0,0.398,0.266,OWN,other,1
40,36000.0,2.5,11900.0,35600.0,9.2,0,0.449,0.989,MORTGAGE,business,1
27,44000.0,9.9,20700.0,3000.0,16.8,0,0.479,0.068,MORTGAGE,debt_consolidation,0
56,49000.0,0.7,29200.0,35500.0,13.3,1,0.683,0.724,OWN,other,0
53,48000.0,16.1,1400.0,24300.0,7.7,2,0.09,0.506,RENT,home_improvement,0
23,21000.0,16.1,7700.0,9100.0,0.0,1,0.419,0.433,RENT,other,0
29,41000.0,13.3,17600.0,22500.0,8.4,1,0.495,0.549,MORTGAGE,education,1
21,50000.0,11.7,9200.0,15400.0,15.8,0,0.221,0.308,RENT,debt_consolidation,0
32,43000.0,5.6,23000.0,11200.0,4.1,0,0.566,0.26,MORTGAGE,education,0
25,44000.0,11.2,12100.0,42900.0,8.4,2,0.392,0.975,MORTGAGE,education,0
52,61000.0,5.6,6000.0,19000.0,8.8,1,0.136,0.311,MORTGAGE,business,0
43,30000.0,0.0,15400.0,26900.0,12.7,0,0.621,0.897,RENT,medical,1
64,24000.0,12.8,13600.0,20800.0,6.1,0,0.671,0.867,RENT,debt_consolidation,0
53,42000.0,11.1,2500.0,3700.0,3.7,0,0.07,0.088,OWN,debt_consolidation,0
47,69000.0,5.9,31100.0,73400.0,10.9,0,0.578,1.064,MORTGAGE,medical,0
43,105000.0,0.5,13500.0,100600.0,4.3,1,0.244,0.958,OWN,debt_consolidation,0
23,70000.0,3.4,300.0,67600.0,0.0,0,0.12,0.966,MORTGAGE,medical,0
24,25000.0,0.0,3900.0,24500.0,17.2,0,0.274,0.98,RENT,other,0
48,44000.0,10.3,22600.0,31700.0,12.6,0,0.6,0.72,RENT,other,1
21,55000.0,0.0,4700.0,65600.0,17.4,0,0.229,1.193,MORTGAGE,medical,0
22,53000.0,7.3,4200.0,13600.0,12.4,0,0.11,0.257,MORTGAGE,home_improvement,0
30,62000.0,2.2,27500.0,8300.0,11.4,0,0.46,0.134,MORTGAGE,medical,0
59,32000.0,0.0,7800.0,27500.0,9.8,1,0.347,0.859,MORTGAGE,debt_consolidation,0
41,50000.0,7.1,4500.0,19400.0,7.1,0,0.137,0.388,MORTGAGE,business,0
52,59000.0,4.5,8100.0,44200.0,10.6,0,0.227,0.749,RENT,debt_consolidation,0
39,71000.0,9.8,33900.0,35500.0,5.2,1,0.537,0.5,OWN,debt_consolidation,0
28,34000.0,0.3,12700.0,14700.0,2.7,0,0.425,0.432,MORTGAGE,medical,0
37,42000.0,2.6,19200.0,45200.0,6.3,1,0.586,1.076,MORTGAGE,medical,1
25,15000.0,0.0,900.0,3200.0,14.5,1,0.086,0.213,RENT,medical,0
54,37000.0,0.0,10200.0,9900.0,1.8,0,0.308,0.268,RENT,education,0
29,39000.0,14.1,18700.0,31900.0,1.9,2,0.578,0.818,MORTGAGE,medical,0
37,31000.0,15.4,4900.0,29400.0,11.0,0,0.272,0.948,RENT,education,0
64,53000.0,6.4,5400.0,53400.0,5.9,1,0.223,1.008,OWN,debt_consolidation,0
47,48000.0,2.3,11000.0,15200.0,10.4,4,0.267,0.317,MORTGAGE,medical,0
41,18000.0,4.7,3600.0,19200.0,12.9,0,0.328,1.067,MORTGAGE,debt_consolidation,0
44,54000.0,9.9,6000.0,40600.0,10.3,0,0.201,0.752,RENT,debt_consolidation,0
55,32000.0,3.7,18300.0,31900.0,4.8,0,0.692,0.997,OWN,medical,1
32,61000.0,7.1,17700.0,7900.0,14.4,0,0.306,0.13,OWN,business,0
49,28000.0,5.9,10200.0,12900.0,11.7,0,0.42,0.461,RENT,debt_consolidation,0
59,50000.0,3.4,3600.0,32700.0,8.1,0,0.15,0.654,MORTGAGE,education,0
46,43000.0,3.6,15700.0,30700.0,7.9,0,0.451,0.714,OWN,other,0
40,56000.0,7.3,18700.0,9200.0,9.9,0,0.354,0.164,RENT,business,0
27,52000.0,1.6,29100.0,34800.0,6.4,0,0.64,0.669,RENT,business,0
31,44000.0,8.0,10900.0,35900.0,0.0,1,0.346,0.816,OWN,medical,1
62,25000.0,3.9,11700.0,11600.0,11.8,1,0.524,0.464,MORTGAGE,home_improvement,0
44,25000.0,6.6,4600.0,15600.0,11.5,0,0.259,0.624,OWN,education,0
34,38000.0,12.2,13200.0,14700.0,0.0,0,0.394,0.387,RENT,medical,0
39,49000.0,5.2,27300.0,51500.0,10.6,0,0.683,1.051,MORTGAGE,medical,0
46,37000.0,10.1,13900.0,27300.0,16.8,0,0.464,0.738,MORTGAGE,debt_consolidation,0
44,65000.0,0.0,27700.0,44500.0,2.4,1,0.508,0.685,MORTGAGE,other,0
51,43000.0,3.9,22600.0,48800.0,7.6,1,0.662,1.135,OWN,other,0
32,32000.0,6.1,17800.0,26100.0,7.1,1,0.654,0.816,MORTGAGE,debt_consolidation,1
49,43000.0,14.7,5400.0,16000.0,16.3,1,0.17,0.372,OWN,medical,0
40,54000.0,0.0,6300.0,42600.0,13.6,0,0.211,0.789,RENT,debt_consolidation,0
62,57000.0,5.6,18800.0,65900.0,3.6,1,0.469,1.156,OWN,home_improvement,1
27,114000.0,12.6,68100.0,8800.0,9.7,0,0.607,0.077,MORTGAGE,other,0
27,36000.0,2.5,10600.0,27700.0,19.5,1,0.387,0.769,RENT,business,0
41,47000.0,5.0,9300.0,10800.0,4.9,0,0.225,0.23,MORTGAGE,education,0
43,59000.0,7.5,19000.0,58300.0,7.9,0,0.441,0.988,RENT,debt_consolidation,0
51,49000.0,6.8,1900.0,38600.0,10.6,0,0.133,0.788,RENT,other,0
38,39000.0,13.0,4100.0,44000.0,4.9,0,0.241,1.128,OWN,home_improvement,0
61,24000.0,8.0,2100.0,19700.0,16.8,0,0.186,0.821,OWN,medical,0
41,39000.0,12.0,700.0,2700.0,5.6,1,0.026,0.069,RENT,home_improvement,0
26,30000.0,4.4,13000.0,19100.0,1.1,1,0.51,0.637,RENT,business,1
26,23000.0,2.7,4500.0,25100.0,5.4,1,0.327,1.091,RENT,education,0
63,34000.0,5.0,3400.0,10800.0,11.3,1,0.138,0.318,OWN,business,0
26,31000.0,0.8,9500.0,4500.0,4.0,0,0.324,0.145,MORTGAGE,debt_consolidation,0
62,64000.0,8.2,12400.0,56200.0,9.5,1,0.299,0.878,MORTGAGE,medical,1
33,64000.0,4.3,15100.0,40200.0,10.8,1,0.311,0.628,MORTGAGE,other,0
25,33000.0,3.0,6200.0,3500.0,2.0,0,0.201,0.106,OWN,education,0
34,44000.0,8.2,100.0,16400.0,5.2,0,0.047,0.373,RENT,education,0
48,21000.0,0.9,8700.0,8900.0,9.7,1,0.465,0.424,RENT,business,0
39,39000.0,9.5,2600.0,31900.0,11.5,0,0.165,0.818,MORTGAGE,other,0
55,59000.0,3.8,7800.0,34900.0,5.3,1,0.203,0.592,OWN,business,0
47,71000.0,11.2,8100.0,43300.0,8.8,0,0.187,0.61,MORTGAGE,debt_consolidation,0
38,36000.0,4.2,7200.0,35200.0,6.6,0,0.317,0.978,OWN,home_improvement,0
48,79000.0,8.8,7600.0,29200.0,11.6,0,0.141,0.37,OWN,other,0
63,25000.0,6.8,5200.0,20600.0,10.6,0,0.307,0.824,RENT,other,0
39,28000.0,9.3,4100.0,13200.0,6.1,1,0.203,0.471,MORTGAGE,medical,0
27,67000.0,6.5,2500.0,35600.0,10.4,0,0.101,0.531,OWN,debt_consolidation,0
38,104000.0,0.0,54300.0,71700.0,5.9,1,0.605,0.689,RENT,business,1
57,61000.0,10.5,11200.0,51800.0,10.3,0,0.286,0.849,MORTGAGE,other,0
30,48000.0,5.6,2700.0,54600.0,10.4,0,0.193,1.138,RENT,business,0
62,18000.0,9.6,5600.0,6500.0,19.9,0,0.354,0.361,OWN,business,0
46,20000.0,9.1,1500.0,3400.0,6.3,0,0.095,0.17,RENT,medical,0
47,52000.0,2.5,24100.0,28200.0,7.3,0,0.529,0.542,RENT,other,0
34,42000.0,1.9,1600.0,28500.0,4.8,0,0.12,0.679,MORTGAGE,medical,0
61,30000.0,8.9,8400.0,9400.0,2.8,2,0.318,0.313,MORTGAGE,medical,0
22,50000.0,4.6,28300.0,53700.0,5.7,0,0.695,1.074,RENT,other,0
34,52000.0,10.2,5000.0,50400.0,11.3,0,0.212,0.969,RENT,debt_consolidation,0
39,75000.0,5.2,9100.0,46300.0,11.7,1,0.195,0.617,OWN,debt_consolidation,0
42,52000.0,10.6,18700.0,29500.0,9.5,1,0.428,0.567,OWN,other,0
41,85000.0,7.9,50000.0,8200.0,6.5,2,0.6,0.096,MORTGAGE,debt_consolidation,0
27,49000.0,7.3,11300.0,32700.0,5.5,1,0.311,0.667,RENT,other,0
30,47000.0,4.3,18300.0,34600.0,3.4,0,0.478,0.736,MORTGAGE,other,0
25,79000.0,7.0,7200.0,85000.0,5.2,0,0.22,1.076,MORTGAGE,home_improvement,0
46,32000.0,11.4,12300.0,20000.0,1.5,1,0.459,0.625,MORTGAGE,other,0
36,174000.0,5.8,26400.0,40200.0,14.8,0,0.179,0.231,RENT,medical,0
45,58000.0,8.4,21300.0,14900.0,17.2,0,0.398,0.257,RENT,medical,0
46,58000.0,6.2,3100.0,13600.0,0.0,0,0.082,0.234,RENT,other,0
51,62000.0,6.6,19500.0,70000.0,9.4,0,0.45,1.129,MORTGAGE,business,0
45,114000.0,13.8,16200.0,109700.0,9.4,1,0.258,0.962,RENT,other,0
49,70000.0,11.4,28600.0,69900.0,9.0,0,0.528,0.999,MORTGAGE,other,0
46,24000.0,6.4,10800.0,24400.0,5.0,1,0.572,1.017,MORTGAGE,business,0
49,92000.0,7.0,46800.0,14700.0,13.1,0,0.528,0.16,MORTGAGE,education,0
48,42000.0,2.8,25000.0,36000.0,10.1,0,0.698,0.857,MORTGAGE,home_improvement,1
34,51000.0,5.2,14100.0,43900.0,13.2,0,0.38,0.861,MORTGAGE,debt_consolidation,0
31,28000.0,7.4,11300.0,8600.0,4.3,0,0.44,0.307,RENT,home_improvement,0
55,62000.0,9.8,700.0,38100.0,1.1,0,0.085,0.615,RENT,education,0
36,37000.0,9.4,20100.0,30000.0,10.2,0,0.641,0.811,MORTGAGE,debt_consolidation,0
45,51000.0,1.0,18800.0,55200.0,3.2,3,0.499,1.082,MORTGAGE,education,1
29,43000.0,10.4,10900.0,7600.0,13.3,3,0.275,0.177,MORTGAGE,business,0
39,117000.0,5.6,30500.0,125900.0,0.0,0,0.39,1.076,MORTGAGE,debt_consolidation,0
44,120000.0,1.6,54600.0,133300.0,5.7,0,0.588,1.111,RENT,home_improvement,0
48,50000.0,12.0,25000.0,55600.0,4.9,0,0.633,1.112,RENT,other,0
44,50000.0,12.6,24200.0,2800.0,6.3,3,0.491,0.056,MORTGAGE,home_improvement,0
36,41000.0,7.2,12600.0,12500.0,9.3,1,0.344,0.305,MORTGAGE,business,0
63,81000.0,9.2,18000.0,68400.0,10.0,0,0.324,0.844,MORTGAGE,medical,0
43,42000.0,9.5,23800.0,17600.0,11.2,0,0.617,0.419,RENT,business,0
56,41000.0,12.3,15600.0,4900.0,11.8,0,0.395,0.12,OWN,business,0
53,76000.0,9.3,24800.0,70500.0,7.1,0,0.438,0.928,RENT,medical,0
45,38000.0,0.0,13600.0,3100.0,18.5,0,0.368,0.082,MORTGAGE,other,0
60,48000.0,15.0,18100.0,27000.0,14.9,1,0.445,0.562,MORTGAGE,home_improvement,0
26,24000.0,10.8,10300.0,27400.0,6.4,1,0.566,1.142,MORTGAGE,home_improvement,1
61,67000.0,3.7,22200.0,37300.0,7.3,0,0.398,0.557,MORTGAGE,medical,0
58,117000.0,1.4,61400.0,128500.0,6.3,0,0.657,1.098,RENT,business,0
43,68000.0,8.3,35100.0,35400.0,9.8,2,0.579,0.521,RENT,business,0
53,95000.0,4.7,25200.0,42600.0,3.1,3,0.319,0.448,RENT,other,0
43,33000.0,7.5,3300.0,5700.0,4.1,0,0.121,0.173,OWN,medical,0
32,55000.0,9.3,19000.0,25400.0,0.0,0,0.401,0.462,OWN,business,0
56,32000.0,3.5,11900.0,14000.0,6.0,1,0.424,0.438,MORTGAGE,debt_consolidation,0
31,44000.0,1.0,13800.0,45000.0,13.3,0,0.436,1.023,MORTGAGE,debt_consolidation,1
34,69000.0,7.7,36900.0,76400.0,7.2,1,0.668,1.107,RENT,business,0
43,51000.0,3.6,2800.0,3800.0,7.5,2,0.064,0.075,OWN,education,1
57,26000.0,6.7,4500.0,4200.0,9.4,0,0.192,0.162,RENT,home_improvement,0
37,27000.0,0.0,14000.0,21300.0,3.0,0,0.613,0.789,RENT,business,1
42,26000.0,4.9,14700.0,15800.0,8.1,1,0.638,0.608,OWN,education,1
22,61000.0,9.2,15600.0,23900.0,12.5,0,0.303,0.392,RENT,debt_consolidation,0
26,124000.0,8.7,14300.0,43300.0,9.5,0,0.157,0.349,OWN,medical,0
23,91000.0,2.5,22900.0,28100.0,12.9,0,0.289,0.309,MORTGAGE,debt_consolidation,0
24,21000.0,0.7,5700.0,13700.0,14.3,0,0.35,0.652,OWN,other,0
59,93000.0,6.1,29000.0,6500.0,11.3,2,0.32,0.07,MORTGAGE,home_improvement,0
58,75000.0,8.5,12300.0,67500.0,4.4,0,0.272,0.9,RENT,home_improvement,1
57,24000.0,7.8,4500.0,9500.0,6.3,0,0.235,0.396,MORTGAGE,other,0
23,43000.0,3.7,16900.0,23300.0,17.7,0,0.458,0.542,OWN,debt_consolidation,0
24,80000.0,7.3,29800.0,52500.0,9.6,0,0.451,0.656,MORTGAGE,business,0
33,63000.0,12.8,25000.0,18500.0,8.9,1,0.432,0.294,OWN,other,0
45,27000.0,6.9,6100.0,28800.0,3.7,0,0.354,1.067,OWN,debt_consolidation,0
35,65000.0,0.0,13100.0,54200.0,7.5,3,0.302,0.834,MORTGAGE,other,1
42,19000.0,6.9,4000.0,20000.0,11.6,0,0.337,1.053,OWN,medical,0
28,44000.0,15.2,25100.0,26300.0,8.1,1,0.642,0.598,RENT,home_improvement,1
53,82000.0,0.2,19400.0,44900.0,5.4,1,0.302,0.548,OWN,other,0
34,49000.0,6.1,17800.0,15800.0,6.6,1,0.402,0.322,OWN,business,1
23,39000.0,5.0,12200.0,26400.0,14.0,0,0.394,0.677,RENT,other,0
53,73000.0,6.4,38400.0,53400.0,11.3,0,0.614,0.732,MORTGAGE,other,0
60,76000.0,6.9,16800.0,40500.0,10.7,0,0.285,0.533,MORTGAGE,medical,0
21,88000.0,11.1,22900.0,19100.0,10.2,0,0.286,0.217,OWN,debt_consolidation,0
40,73000.0,6.4,36900.0,26600.0,2.1,0,0.549,0.364,RENT,business,0
57,80000.0,11.7,7700.0,5300.0,9.4,0,0.104,0.066,MORTGAGE,business,0
52,68000.0,5.5,24200.0,28400.0,13.3,0,0.406,0.418,MORTGAGE,business,0
58,55000.0,4.4,13200.0,39500.0,6.7,4,0.326,0.718,RENT,home_improvement,1
39,51000.0,3.0,30200.0,58600.0,12.9,0,0.73,1.149,OWN,business,0
37,44000.0,0.0,19000.0,11200.0,10.7,0,0.462,0.255,MORTGAGE,business,0
52,28000.0,7.2,200.0,3200.0,12.1,0,0.021,0.114,MORTGAGE,debt_consolidation,0
27,32000.0,15.2,16100.0,12500.0,8.3,1,0.55,0.391,OWN,debt_consolidation,0
31,43000.0,8.1,18100.0,9900.0,12.4,1,0.449,0.23,RENT,debt_consolidation,0
47,55000.0,9.1,18500.0,46700.0,0.7,0,0.438,0.849,RENT,business,0
50,94000.0,4.1,13300.0,5300.0,8.2,0,0.148,0.056,RENT,home_improvement,0
26,48000.0,4.9,4300.0,56500.0,11.6,0,0.231,1.177,OWN,business,1
43,77000.0,10.4,29000.0,79600.0,9.5,0,0.501,1.034,OWN,other,0
37,80000.0,15.0,21100.0,49100.0,13.5,0,0.337,0.614,MORTGAGE,debt_consolidation,0
43,44000.0,12.7,22700.0,48800.0,7.2,1,0.649,1.109,RENT,business,1
63,64000.0,9.6,10100.0,49400.0,5.3,0,0.25,0.772,MORTGAGE,business,0
24,44000.0,6.2,16800.0,52500.0,0.0,0,0.525,1.193,MORTGAGE,debt_consolidation,0
64,89000.0,6.9,13300.0,32900.0,6.6,1,0.194,0.37,MORTGAGE,debt_consolidation,0
40,65000.0,2.6,24800.0,77800.0,10.6,0,0.525,1.197,RENT,business,0
54,29000.0,0.0,800.0,7500.0,11.8,0,0.059,0.259,RENT,debt_consolidation,0
39,53000.0,0.9,12500.0,24200.0,1.0,0,0.291,0.457,OWN,home_improvement,0
34,103000.0,6.2,10700.0,115900.0,13.9,0,0.239,1.125,MORTGAGE,other,0
54,45000.0,4.7,16400.0,21400.0,3.1,0,0.422,0.476,RENT,business,0
51,60000.0,0.0,11400.0,17500.0,7.4,1,0.225,0.292,OWN,other,1
27,63000.0,5.8,29200.0,7500.0,5.2,1,0.478,0.119,MORTGAGE,home_improvement,0
52,31000.0,4.6,2100.0,6900.0,10.1,0,0.094,0.223,MORTGAGE,business,0
54,62000.0,0.7,20700.0,28400.0,8.5,0,0.389,0.458,RENT,medical,0
38,26000.0,4.3,9300.0,13900.0,11.4,0,0.422,0.535,OWN,other,0
61,37000.0,4.6,500.0,24900.0,17.2,1,0.094,0.673,RENT,home_improvement,0
49,80000.0,3.2,1700.0,78900.0,10.0,0,0.14,0.986,OWN,debt_consolidation,0
35,58000.0,10.2,10700.0,3800.0,5.1,1,0.192,0.066,MORTGAGE,education,0
21,43000.0,0.0,15700.0,43700.0,10.3,0,0.487,1.016,RENT,medical,0
50,60000.0,0.0,34700.0,42800.0,17.7,1,0.664,0.713,RENT,medical,0
30,48000.0,6.0,2600.0,44200.0,11.3,0,0.165,0.921,OWN,other,0
54,49000.0,6.4,20700.0,45100.0,12.7,0,0.533,0.92,RENT,business,1
44,66000.0,7.8,27400.0,71900.0,0.0,0,0.546,1.089,RENT,other,0
41,35000.0,3.6,14100.0,5500.0,9.9,1,0.422,0.157,MORTGAGE,business,0
28,50000.0,1.9,15500.0,35400.0,6.7,1,0.395,0.708,RENT,education,0
52,43000.0,6.0,24900.0,47100.0,4.6,0,0.711,1.095,MORTGAGE,business,1
28,24000.0,4.0,7200.0,21100.0,7.9,0,0.406,0.879,MORTGAGE,home_improvement,0
39,32000.0,13.0,16100.0,5200.0,8.5,1,0.523,0.162,RENT,business,0
57,99000.0,4.5,15600.0,74800.0,4.9,3,0.248,0.756,RENT,business,0
61,58000.0,5.8,28100.0,56300.0,8.9,1,0.601,0.971,RENT,home_improvement,1
64,27000.0,17.1,16100.0,9900.0,7.1,0,0.64,0.367,OWN,debt_consolidation,0
63,25000.0,5.1,13700.0,19400.0,11.5,0,0.641,0.776,RENT,other,0
45,47000.0,8.5,8600.0,47800.0,9.1,1,0.305,1.017,MORTGAGE,business,1
29,99000.0,8.9,50300.0,64600.0,9.9,0,0.586,0.653,MORTGAGE,debt_consolidation,0
57,45000.0,9.3,2600.0,12300.0,12.9,0,0.091,0.273,MORTGAGE,home_improvement,0
56,88000.0,7.3,35800.0,60000.0,10.8,0,0.489,0.682,RENT,education,0
64,57000.0,6.9,11700.0,41400.0,8.0,1,0.292,0.726,RENT,medical,0
49,61000.0,6.5,24100.0,31300.0,0.0,0,0.457,0.513,MORTGAGE,education,0
27,27000.0,3.4,6700.0,22500.0,10.6,0,0.348,0.833,MORTGAGE,home_improvement,0
43,75000.0,7.5,400.0,41100.0,3.4,2,0.071,0.548,MORTGAGE,business,0
40,42000.0,15.1,5800.0,44500.0,7.6,0,0.265,1.06,RENT,business,0
58,72000.0,11.4,1800.0,69100.0,9.9,1,0.14,0.96,MORTGAGE,medical,0
38,34000.0,7.4,8700.0,33200.0,14.7,1,0.373,0.976,RENT,other,0
35,53000.0,9.9,26700.0,34700.0,17.2,0,0.582,0.655,MORTGAGE,education,0
24,57000.0,2.1,25200.0,15700.0,3.4,0,0.475,0.275,MORTGAGE,medical,1
57,46000.0,4.8,21800.0,40600.0,1.4,0,0.58,0.883,RENT,home_improvement,0
54,59000.0,10.3,28600.0,7600.0,9.6,0,0.5,0.129,OWN,other,0
22,43000.0,12.7,9600.0,27700.0,9.2,4,0.301,0.644,MORTGAGE,education,0
40,37000.0,2.5,11200.0,4100.0,2.0,0,0.316,0.111,RENT,education,0
42,101000.0,3.8,30800.0,66400.0,7.9,0,0.384,0.657,RENT,business,0
41,79000.0,15.8,5400.0,66300.0,11.0,1,0.169,0.839,MORTGAGE,home_improvement,0
61,35000.0,6.4,12600.0,18600.0,1.8,1,0.424,0.531,OWN,education,0
27,63000.0,14.2,27200.0,33400.0,3.0,0,0.495,0.53,RENT,other,0
34,35000.0,6.9,12800.0,6700.0,4.8,0,0.389,0.191,RENT,debt_consolidation,0
28,29000.0,7.1,13000.0,11500.0,6.9,1,0.496,0.397,MORTGAGE,debt_consolidation,0
31,78000.0,4.6,5600.0,43800.0,11.5,0,0.139,0.562,MORTGAGE,other,1
60,23000.0,10.2,10500.0,24000.0,6.4,2,0.582,1.043,RENT,home_improvement,0
62,74000.0,12.1,9200.0,80100.0,8.3,1,0.254,1.082,MORTGAGE,business,0
22,44000.0,1.3,23100.0,50500.0,19.2,0,0.663,1.148,MORTGAGE,business,0
48,45000.0,4.4,6600.0,7400.0,3.2,1,0.166,0.164,RENT,home_improvement,0
31,59000.0,10.1,17400.0,23000.0,4.7,0,0.342,0.39,RENT,home_improvement,1
29,64000.0,5.4,18700.0,37300.0,11.4,0,0.362,0.583,RENT,other,0
33,34000.0,3.8,5500.0,26800.0,12.9,0,0.256,0.788,RENT,other,0
29,68000.0,10.5,14800.0,58400.0,10.1,0,0.321,0.859,OWN,home_improvement,0
42,52000.0,11.0,5800.0,49600.0,17.0,0,0.226,0.954,RENT,education,0
64,28000.0,4.0,9600.0,17400.0,9.6,1,0.417,0.621,RENT,other,0
46,45000.0,7.0,24700.0,31100.0,0.0,0,0.632,0.691,OWN,home_improvement,0
52,91000.0,0.6,17300.0,105100.0,8.5,0,0.329,1.155,OWN,medical,0
42,104000.0,2.0,31700.0,33900.0,5.1,0,0.344,0.326,OWN,education,0
21,68000.0,6.6,35200.0,66300.0,14.9,0,0.635,0.975,RENT,other,0
24,29000.0,6.1,7900.0,25200.0,12.8,0,0.377,0.869,MORTGAGE,home_improvement,0
32,61000.0,1.6,30400.0,12900.0,0.1,0,0.524,0.211,MORTGAGE,education,0
31,72000.0,2.8,19300.0,80300.0,14.8,0,0.402,1.115,MORTGAGE,business,1
57,68000.0,1.2,18000.0,70300.0,12.7,0,0.389,1.034,RENT,business,0
58,70000.0,8.0,6600.0,66300.0,6.4,0,0.208,0.947,RENT,debt_consolidation,1
58,58000.0,0.0,4300.0,11400.0,7.6,0,0.098,0.197,RENT,debt_consolidation,0
49,47000.0,1.4,17200.0,9900.0,15.0,1,0.391,0.211,MORTGAGE,other,0
45,37000.0,0.0,18400.0,30900.0,0.0,0,0.598,0.835,RENT,business,0
49,21000.0,7.9,1700.0,3600.0,10.2,0,0.102,0.171,MORTGAGE,debt_consolidation,0
38,57000.0,0.0,31100.0,10300.0,13.5,0,0.567,0.181,MORTGAGE,medical,0
50,53000.0,6.1,11400.0,27000.0,7.6,1,0.276,0.509,OWN,home_improvement,0
55,63000.0,13.4,16100.0,3500.0,11.2,0,0.262,0.056,OWN,education,0
54,27000.0,13.5,14500.0,23800.0,8.5,1,0.643,0.881,MORTGAGE,medical,0
48,66000.0,0.0,35500.0,44300.0,4.1,0,0.618,0.671,RENT,medical,0
23,124000.0,7.3,39000.0,17300.0,4.0,0,0.331,0.14,OWN,education,0
52,51000.0,1.5,8500.0,34400.0,11.6,0,0.248,0.675,RENT,business,0
37,48000.0,0.6,5000.0,5400.0,4.8,0,0.118,0.112,RENT,medical,1
53,56000.0,5.5,9100.0,7400.0,0.4,0,0.178,0.132,MORTGAGE,business,0
44,122000.0,11.5,57100.0,74200.0,8.6,0,0.541,0.608,MORTGAGE,medical,0
59,31000.0,8.7,6000.0,19400.0,5.4,0,0.269,0.626,RENT,education,0
35,54000.0,2.8,22500.0,23800.0,2.0,0,0.47,0.441,RENT,home_improvement,0
61,34000.0,9.2,4000.0,26000.0,8.4,0,0.209,0.765,RENT,debt_consolidation,1
58,38000.0,0.0,10900.0,18800.0,11.8,0,0.346,0.495,MORTGAGE,medical,0
35,48000.0,2.6,10100.0,34800.0,8.1,2,0.297,0.725,MORTGAGE,medical,0
42,90000.0,2.3,27200.0,40700.0,2.7,0,0.356,0.452,MORTGAGE,other,0
44,110000.0,6.4,37600.0,95900.0,10.4,0,0.446,0.872,MORTGAGE,home_improvement,0
54,60000.0,5.1,35700.0,43000.0,13.2,1,0.681,0.717,OWN,debt_consolidation,0
51,41000.0,5.4,22100.0,9600.0,19.1,1,0.567,0.234,MORTGAGE,other,0
58,151000.0,5.2,63000.0,126700.0,15.2,0,0.518,0.839,MORTGAGE,medical,0
37,40000.0,6.1,3700.0,38100.0,3.0,0,0.207,0.952,MORTGAGE,debt_consolidation,0
43,38000.0,8.4,21000.0,4800.0,12.3,0,0.568,0.126,MORTGAGE,home_improvement,1
39,22000.0,6.7,11800.0,16500.0,9.3,0,0.626,0.75,MORTGAGE,other,0
61,92000.0,4.7,48900.0,88200.0,2.2,0,0.647,0.959,RENT,other,0
34,76000.0,7.8,21800.0,13800.0,9.4,0,0.309,0.182,OWN,medical,0
46,146000.0,9.7,15000.0,158700.0,17.6,0,0.233,1.087,MORTGAGE,debt_consolidation,0
26,26000.0,3.5,11800.0,13700.0,14.0,1,0.517,0.527,OWN,medical,0
58,94000.0,5.7,21900.0,84500.0,2.9,1,0.341,0.899,MORTGAGE,debt_consolidation,0
37,51000.0,11.2,10500.0,55300.0,8.1,2,0.336,1.084,MORTGAGE,education,0
35,70000.0,1.0,16400.0,83200.0,10.5,0,0.377,1.189,RENT,education,0
46,23000.0,14.1,7700.0,16600.0,0.0,0,0.421,0.722,MORTGAGE,business,0
42,95000.0,0.0,19000.0,81700.0,0.0,1,0.303,0.86,MORTGAGE,business,1
58,70000.0,4.4,29000.0,23800.0,8.8,0,0.455,0.34,OWN,education,0
44,48000.0,1.7,18700.0,18400.0,8.8,0,0.436,0.383,OWN,debt_consolidation,0
43,66000.0,15.8,20200.0,67900.0,0.0,0,0.43,1.029,MORTGAGE,debt_consolidation,0
25,35000.0,3.7,1100.0,17800.0,9.9,0,0.092,0.509,OWN,business,0
21,38000.0,3.7,21400.0,37800.0,13.4,0,0.683,0.995,OWN,medical,0
38,40000.0,4.3,9900.0,4300.0,6.9,0,0.26,0.108,OWN,education,0
64,21000.0,6.4,5700.0,6300.0,8.3,0,0.307,0.3,RENT,business,0
61,72000.0,4.5,19700.0,17700.0,10.9,0,0.303,0.246,RENT,other,0
48,84000.0,5.4,18400.0,55100.0,10.2,0,0.298,0.656,OWN,debt_consolidation,0
48,36000.0,0.0,14600.0,5100.0,0.0,1,0.423,0.142,MORTGAGE,other,1
38,57000.0,6.3,500.0,25400.0,3.5,0,0.062,0.446,MORTGAGE,home_improvement,0
28,43000.0,6.1,22500.0,50900.0,6.0,0,0.665,1.184,MORTGAGE,business,0
21,57000.0,10.7,3500.0,54900.0,3.7,0,0.177,0.963,RENT,medical,0
35,37000.0,11.9,22200.0,34200.0,15.3,0,0.711,0.924,RENT,business,0
34,33000.0,5.2,12400.0,6800.0,11.2,0,0.4,0.206,RENT,debt_consolidation,0
29,79000.0,9.7,3100.0,37100.0,2.5,0,0.096,0.47,MORTGAGE,medical,0
32,48000.0,1.0,16200.0,40000.0,6.9,1,0.438,0.833,MORTGAGE,other,1
22,122000.0,9.5,24300.0,9100.0,13.7,0,0.208,0.075,MORTGAGE,business,0
47,50000.0,3.4,28600.0,27500.0,4.8,1,0.638,0.55,RENT,business,0
61,32000.0,0.7,14500.0,35800.0,12.3,0,0.587,1.119,RENT,home_improvement,0
51,85000.0,5.2,25900.0,12300.0,14.9,0,0.322,0.145,MORTGAGE,home_improvement,0
40,65000.0,12.3,16800.0,71000.0,14.1,0,0.39,1.092,RENT,business,0
39,68000.0,6.8,40600.0,18600.0,8.9,0,0.63,0.274,OWN,education,0
34,84000.0,12.7,33600.0,22500.0,14.3,0,0.432,0.268,MORTGAGE,medical,0
27,37000.0,2.6,11400.0,10200.0,5.4,1,0.341,0.276,RENT,home_improvement,0
47,46000.0,10.7,11000.0,51600.0,20.4,1,0.374,1.122,MORTGAGE,business,1
45,45000.0,3.1,8800.0,33500.0,9.2,1,0.285,0.744,MORTGAGE,education,0
21,27000.0,7.0,11400.0,24700.0,13.7,0,0.532,0.915,RENT,education,0
39,44000.0,7.0,15500.0,20700.0,6.2,0,0.409,0.47,MORTGAGE,other,1
33,89000.0,9.0,45300.0,93800.0,10.5,0,0.635,1.054,RENT,medical,0
28,55000.0,7.1,18300.0,39600.0,10.7,0,0.419,0.72,RENT,education,0
51,27000.0,2.7,9400.0,20000.0,3.4,1,0.437,0.741,RENT,education,0
44,24000.0,10.0,6900.0,22000.0,3.2,0,0.398,0.917,MORTGAGE,medical,0
48,104000.0,13.8,47600.0,97700.0,7.0,0,0.57,0.939,MORTGAGE,education,0
52,47000.0,3.4,11700.0,39200.0,13.5,0,0.349,0.834,OWN,home_improvement,0
64,37000.0,0.0,18900.0,6900.0,0.0,0,0.533,0.186,MORTGAGE,education,0
56,43000.0,8.2,8400.0,45000.0,6.2,0,0.321,1.047,RENT,home_improvement,0
48,25000.0,4.5,10400.0,8800.0,14.5,0,0.458,0.352,MORTGAGE,business,0
59,93000.0,5.4,49800.0,111200.0,1.8,1,0.679,1.196,MORTGAGE,medical,1
42,41000.0,8.5,18900.0,20200.0,14.3,0,0.52,0.493,MORTGAGE,home_improvement,0
64,91000.0,3.9,18700.0,17100.0,2.4,1,0.228,0.188,MORTGAGE,debt_consolidation,0
54,50000.0,4.8,21200.0,20700.0,3.4,0,0.474,0.414,MORTGAGE,other,0
49,93000.0,5.5,11500.0,66000.0,7.3,1,0.209,0.71,MORTGAGE,other,0
60,55000.0,12.6,1900.0,27500.0,17.4,0,0.095,0.5,MORTGAGE,business,0
43,72000.0,6.1,34200.0,72200.0,4.8,0,0.595,1.003,OWN,business,0
52,68000.0,0.4,33000.0,56700.0,0.0,1,0.585,0.834,MORTGAGE,other,1
33,65000.0,0.6,900.0,19200.0,1.0,2,0.049,0.295,MORTGAGE,medical,0
63,57000.0,6.6,32400.0,38200.0,12.7,0,0.649,0.67,RENT,other,0
48,44000.0,0.9,11800.0,42000.0,1.2,1,0.383,0.955,RENT,other,1
55,116000.0,0.0,63000.0,124700.0,13.9,2,0.672,1.075,RENT,education,1
41,33000.0,8.9,15600.0,16600.0,8.3,1,0.533,0.503,RENT,home_improvement,0
59,49000.0,9.1,26500.0,54500.0,7.8,0,0.674,1.112,RENT,other,0
24,49000.0,4.3,24500.0,4500.0,9.5,1,0.511,0.092,MORTGAGE,business,0
26,59000.0,7.3,34500.0,48900.0,4.0,0,0.684,0.829,RENT,education,1
43,40000.0,6.8,15100.0,38000.0,8.7,2,0.492,0.95,RENT,other,1
53,56000.0,8.7,7600.0,30200.0,2.0,0,0.2,0.539,MORTGAGE,debt_consolidation,0
56,45000.0,8.7,10500.0,2800.0,14.7,0,0.241,0.062,MORTGAGE,business,0
40,24000.0,0.0,10800.0,20200.0,2.9,1,0.551,0.842,RENT,debt_consolidation,0
49,49000.0,4.9,4600.0,21800.0,10.2,0,0.147,0.445,OWN,debt_consolidation,0
45,30000.0,8.3,16700.0,6700.0,2.8,1,0.583,0.223,OWN,debt_consolidation,0
63,22000.0,4.2,2700.0,5100.0,5.3,0,0.151,0.232,OWN,debt_consolidation,0
49,52000.0,6.2,27300.0,48600.0,6.1,1,0.637,0.935,MORTGAGE,home_improvement,0
39,61000.0,9.4,17700.0,16200.0,22.9,0,0.322,0.266,OWN,education,0
63,62000.0,6.4,31300.0,37600.0,7.9,1,0.578,0.606,RENT,education,0
25,63000.0,12.8,36200.0,73500.0,3.9,0,0.715,1.167,MORTGAGE,education,0
64,21000.0,11.1,5300.0,19400.0,5.8,1,0.363,0.924,RENT,other,0
27,27000.0,5.5,11300.0,18300.0,0.5,0,0.5,0.678,RENT,medical,0
33,119000.0,5.1,16200.0,78200.0,7.2,0,0.215,0.657,OWN,home_improvement,0
57,31000.0,0.0,14900.0,7500.0,17.3,0,0.51,0.242,MORTGAGE,debt_consolidation,0
53,65000.0,4.5,32000.0,36600.0,9.7,1,0.56,0.563,RENT,other,0
63,36000.0,0.0,6400.0,7800.0,12.5,1,0.204,0.217,RENT,home_improvement,0
53,51000.0,7.0,700.0,7500.0,3.5,1,0.031,0.147,MORTGAGE,business,0
49,37000.0,6.7,9600.0,6500.0,7.0,0,0.281,0.176,OWN,business,0
36,63000.0,9.1,6400.0,47100.0,9.0,0,0.191,0.748,OWN,other,0
21,52000.0,12.3,25500.0,14200.0,4.4,0,0.523,0.273,RENT,debt_consolidation,0
26,40000.0,5.9,6300.0,8900.0,10.0,0,0.184,0.222,RENT,business,0
34,31000.0,16.3,17600.0,32500.0,11.1,0,0.694,1.048,RENT,business,0
22,55000.0,7.0,32100.0,10500.0,10.7,1,0.607,0.191,MORTGAGE,other,0
43,28000.0,0.1,15300.0,24100.0,7.2,0,0.65,0.861,MORTGAGE,business,1
55,59000.0,3.5,21200.0,31200.0,13.5,0,0.423,0.529,MORTGAGE,debt_consolidation,0
63,160000.0,4.3,25700.0,114600.0,6.7,0,0.247,0.716,MORTGAGE,education,0
42,90000.0,8.7,43600.0,6900.0,6.3,0,0.494,0.077,RENT,education,0
59,68000.0,1.7,28600.0,3400.0,15.2,0,0.427,0.05,RENT,education,0
64,47000.0,4.7,27600.0,46500.0,2.5,0,0.706,0.989,RENT,education,1
58,20000.0,5.3,4500.0,11900.0,0.0,0,0.296,0.595,MORTGAGE,business,0
41,27000.0,4.0,1000.0,3600.0,3.7,0,0.053,0.133,MORTGAGE,home_improvement,0
35,87000.0,9.7,52100.0,38700.0,9.9,0,0.652,0.445,OWN,education,0
64,34000.0,8.9,17100.0,21500.0,14.4,0,0.579,0.632,RENT,education,0
31,36000.0,11.2,4800.0,7400.0,4.7,0,0.158,0.206,OWN,medical,0
39,45000.0,4.5,19600.0,30500.0,17.1,1,0.517,0.678,RENT,education,0
24,30000.0,11.4,0.0,19700.0,8.1,2,0.079,0.657,RENT,other,0
55,28000.0,0.0,9400.0,20800.0,7.4,0,0.425,0.743,RENT,other,0
49,48000.0,0.0,10400.0,47100.0,3.8,1,0.334,0.981,RENT,education,0
24,33000.0,0.5,7600.0,17300.0,17.8,0,0.293,0.524,RENT,home_improvement,0
30,35000.0,6.0,5100.0,37500.0,7.2,2,0.274,1.071,RENT,business,0
45,34000.0,11.4,5600.0,20300.0,1.3,0,0.236,0.597,MORTGAGE,other,0
44,62000.0,3.3,16900.0,35700.0,20.3,0,0.342,0.576,MORTGAGE,other,0
56,44000.0,3.9,6600.0,35400.0,10.0,2,0.247,0.805,MORTGAGE,home_improvement,0
32,45000.0,5.0,12600.0,34200.0,12.0,0,0.371,0.76,OWN,debt_consolidation,1
61,64000.0,8.6,22200.0,4000.0,16.4,0,0.354,0.062,MORTGAGE,medical,0
40,46000.0,3.9,19600.0,54300.0,11.1,0,0.568,1.18,OWN,home_improvement,0
57,43000.0,3.6,17500.0,48800.0,12.9,0,0.543,1.135,RENT,home_improvement,1
31,61000.0,0.0,8900.0,22800.0,8.3,1,0.191,0.374,OWN,debt_consolidation,0
22,66000.0,3.4,1600.0,45700.0,11.7,0,0.107,0.692,MORTGAGE,other,0
23,46000.0,11.3,23000.0,43100.0,7.8,0,0.612,0.937,MORTGAGE,debt_consolidation,1
37,51000.0,6.4,26700.0,56500.0,7.9,1,0.656,1.108,MORTGAGE,medical,1
62,34000.0,2.7,20000.0,24600.0,8.6,1,0.675,0.724,RENT,other,0
23,33000.0,11.6,19000.0,2400.0,6.0,1,0.584,0.073,RENT,debt_consolidation,0
37,69000.0,3.4,26200.0,57500.0,10.5,0,0.48,0.833,MORTGAGE,medical,1
25,60000.0,12.4,32200.0,9400.0,10.5,0,0.555,0.157,MORTGAGE,other,0
61,60000.0,12.3,16100.0,49300.0,12.1,0,0.367,0.822,OWN,education,0
50,56000.0,6.3,26500.0,40600.0,11.2,0,0.56,0.725,RENT,home_improvement,0
54,50000.0,0.0,28700.0,39300.0,18.0,0,0.668,0.786,RENT,business,0
52,67000.0,16.3,32000.0,17900.0,13.3,0,0.51,0.267,MORTGAGE,other,0
49,75000.0,7.7,18700.0,46300.0,7.0,1,0.323,0.617,RENT,medical,0
55,74000.0,4.5,16800.0,56300.0,10.3,1,0.318,0.761,RENT,debt_consolidation,0
21,47000.0,10.3,8200.0,18600.0,15.1,0,0.222,0.396,RENT,business,0
59,92000.0,9.2,20300.0,23800.0,3.3,0,0.252,0.259,MORTGAGE,home_improvement,0
53,54000.0,11.9,26600.0,16500.0,18.1,0,0.529,0.306,RENT,other,0
53,65000.0,3.0,27400.0,67400.0,4.1,0,0.546,1.037,RENT,home_improvement,0
38,56000.0,7.4,8400.0,32700.0,12.5,1,0.22,0.584,RENT,medical,0
56,55000.0,0.7,23500.0,44600.0,8.0,0,0.525,0.811,MORTGAGE,business,1
37,35000.0,9.0,8000.0,22500.0,7.7,2,0.306,0.643,RENT,education,0
23,67000.0,5.9,22400.0,67600.0,1.5,1,0.455,1.009,MORTGAGE,business,0
60,176000.0,7.3,39100.0,111700.0,12.5,0,0.298,0.635,OWN,other,0
31,41000.0,5.3,12800.0,6500.0,1.6,2,0.331,0.159,RENT,medical,0
25,51000.0,4.9,22300.0,14200.0,0.8,1,0.471,0.278,RENT,business,0
48,40000.0,2.1,17500.0,2600.0,13.8,0,0.445,0.065,RENT,debt_consolidation,0
31,39000.0,9.6,17600.0,39200.0,16.9,0,0.572,1.005,OWN,home_improvement,0
58,98000.0,12.7,23000.0,79700.0,4.7,0,0.332,0.813,MORTGAGE,education,1
40,36000.0,3.5,14900.0,33200.0,13.0,0,0.525,0.922,OWN,debt_consolidation,1
21,40000.0,8.5,5700.0,34900.0,12.0,0,0.247,0.872,OWN,education,0
62,24000.0,7.9,6900.0,24000.0,7.5,1,0.408,1.0,OWN,debt_consolidation,0
43,35000.0,6.0,12200.0,41500.0,14.7,0,0.491,1.186,OWN,education,0
32,23000.0,0.0,9500.0,18400.0,7.2,2,0.509,0.8,RENT,debt_consolidation,0
50,65000.0,0.1,35600.0,22100.0,10.6,1,0.588,0.34,MORTGAGE,education,0
44,173000.0,2.5,31600.0,28800.0,1.7,0,0.203,0.166,OWN,education,0
22,42000.0,0.0,21300.0,30600.0,1.9,0,0.595,0.729,MORTGAGE,education,0
54,23000.0,12.3,4300.0,21500.0,13.8,0,0.299,0.935,MORTGAGE,other,0
38,73000.0,7.7,24200.0,50800.0,10.8,0,0.415,0.696,OWN,medical,1
51,35000.0,5.9,17400.0,14000.0,7.3,1,0.545,0.4,MORTGAGE,debt_consolidation,0
60,88000.0,0.0,38200.0,77200.0,17.5,0,0.539,0.877,MORTGAGE,medical,1
47,43000.0,0.0,22300.0,24300.0,17.5,0,0.586,0.565,MORTGAGE,other,0
50,37000.0,6.0,18100.0,14000.0,10.2,0,0.535,0.378,RENT,home_improvement,0
32,45000.0,14.9,7500.0,45800.0,0.7,1,0.289,1.018,RENT,debt_consolidation,1
31,69000.0,2.9,41100.0,49200.0,7.4,0,0.681,0.713,MORTGAGE,other,1
39,44000.0,9.9,24700.0,16500.0,3.8,1,0.606,0.375,OWN,home_improvement,0
58,39000.0,3.8,10100.0,16700.0,8.4,1,0.31,0.428,OWN,business,0
44,45000.0,6.2,1300.0,31800.0,3.3,0,0.114,0.707,RENT,education,0
36,28000.0,11.5,5100.0,15000.0,2.0,1,0.246,0.536,OWN,business,0
55,59000.0,4.4,29600.0,13800.0,0.0,1,0.53,0.234,RENT,business,0
58,22000.0,2.9,12600.0,16500.0,8.8,1,0.663,0.75,MORTGAGE,business,0
60,40000.0,12.4,20000.0,33700.0,0.0,0,0.601,0.842,OWN,business,0
34,69000.0,6.2,16400.0,3500.0,6.4,1,0.244,0.051,OWN,medical,0
52,56000.0,10.9,1900.0,37400.0,11.5,1,0.114,0.668,MORTGAGE,home_improvement,0
46,64000.0,2.9,19900.0,45700.0,4.4,0,0.397,0.714,MORTGAGE,other,0
40,48000.0,12.3,10800.0,20700.0,2.6,1,0.277,0.431,RENT,home_improvement,0
38,83000.0,7.2,6100.0,36500.0,7.7,1,0.126,0.44,MORTGAGE,education,0
26,74000.0,8.0,4700.0,30700.0,3.9,0,0.113,0.415,RENT,home_improvement,0
33,60000.0,6.6,5500.0,33700.0,8.9,2,0.159,0.562,RENT,education,0
45,74000.0,3.7,9100.0,72800.0,2.8,1,0.241,0.984,OWN,home_improvement,1
60,69000.0,6.0,31200.0,40700.0,7.5,1,0.523,0.59,RENT,business,0
59,40000.0,4.0,9200.0,47700.0,6.3,0,0.373,1.192,MORTGAGE,education,0
29,27000.0,10.3,7100.0,13000.0,7.9,0,0.321,0.481,MORTGAGE,other,0
50,59000.0,5.1,21200.0,50400.0,16.2,0,0.462,0.854,RENT,debt_consolidation,0
24,63000.0,0.0,36300.0,42900.0,9.0,1,0.658,0.681,RENT,education,0
50,80000.0,0.0,36300.0,74100.0,10.5,0,0.565,0.926,RENT,medical,0
36,32000.0,0.0,12400.0,34300.0,4.9,1,0.516,1.072,RENT,other,1
40,33000.0,8.8,14700.0,21100.0,9.1,0,0.522,0.639,MORTGAGE,business,0
52,60000.0,0.8,25900.0,37100.0,6.6,1,0.506,0.618,MORTGAGE,medical,0
39,47000.0,7.4,19500.0,53300.0,8.1,0,0.551,1.134,MORTGAGE,other,0
56,21000.0,6.6,6300.0,23600.0,11.2,0,0.435,1.124,OWN,education,0
44,58000.0,5.7,19700.0,69400.0,5.5,2,0.483,1.197,MORTGAGE,other,1
64,21000.0,8.0,5800.0,4800.0,6.0,0,0.304,0.229,MORTGAGE,other,0
49,32000.0,6.7,7600.0,1700.0,5.6,1,0.244,0.053,MORTGAGE,other,0
34,90000.0,0.0,14600.0,49800.0,5.5,1,0.229,0.553,MORTGAGE,medical,0
55,111000.0,4.5,23700.0,99200.0,8.9,0,0.321,0.894,RENT,debt_consolidation,0
38,28000.0,7.9,7200.0,3700.0,6.2,0,0.273,0.132,RENT,other,0
44,42000.0,13.4,14600.0,20100.0,15.5,0,0.405,0.479,RENT,education,0
27,50000.0,13.6,15000.0,35900.0,21.4,0,0.386,0.718,MORTGAGE,business,0
26,109000.0,0.0,7100.0,32100.0,5.2,1,0.1,0.294,MORTGAGE,debt_consolidation,0
46,39000.0,4.4,8000.0,34700.0,9.5,1,0.312,0.89,OWN,debt_consolidation,0
29,40000.0,0.0,9000.0,12600.0,13.2,0,0.263,0.315,RENT,education,0
64,98000.0,12.8,41600.0,99600.0,6.7,0,0.546,1.016,RENT,other,0
58,41000.0,10.6,8200.0,18500.0,3.0,1,0.254,0.451,RENT,debt_consolidation,0
51,68000.0,7.6,300.0,50200.0,16.7,0,0.093,0.738,OWN,debt_consolidation,0
53,25000.0,6.7,1300.0,16900.0,11.4,0,0.133,0.676,MORTGAGE,education,0
47,45000.0,12.2,13400.0,17600.0,9.6,0,0.345,0.391,MORTGAGE,business,0
23,23000.0,11.5,2600.0,12800.0,15.3,0,0.18,0.557,MORTGAGE,debt_consolidation,0
38,30000.0,11.2,8900.0,30700.0,11.9,0,0.419,1.023,RENT,business,0
42,72000.0,8.1,24800.0,49000.0,7.8,0,0.426,0.681,MORTGAGE,education,0
61,48000.0,4.4,26900.0,5500.0,3.1,0,0.574,0.115,OWN,business,0
30,42000.0,9.5,16500.0,36500.0,5.5,0,0.497,0.869,MORTGAGE,business,1
42,35000.0,9.7,700.0,9100.0,14.0,0,0.051,0.26,RENT,other,0
36,44000.0,5.1,10100.0,26800.0,11.4,0,0.303,0.609,MORTGAGE,debt_consolidation,0
26,56000.0,4.4,26700.0,33000.0,7.1,0,0.548,0.589,MORTGAGE,medical,1
25,76000.0,11.1,11900.0,46300.0,16.8,0,0.23,0.609,OWN,education,0
37,15000.0,13.5,8300.0,1300.0,7.2,2,0.564,0.087,RENT,education,0
24,34000.0,2.6,10800.0,12400.0,12.9,0,0.361,0.365,OWN,business,0
23,53000.0,4.8,2900.0,5700.0,9.1,0,0.068,0.108,OWN,medical,0
36,47000.0,7.6,6800.0,24800.0,17.7,1,0.208,0.528,RENT,education,0
29,59000.0,8.2,32100.0,45100.0,11.8,1,0.636,0.764,MORTGAGE,business,1
45,55000.0,3.6,32700.0,44100.0,8.2,0,0.691,0.802,RENT,medical,1
21,43000.0,14.5,22300.0,5300.0,7.1,0,0.533,0.123,RENT,education,0
34,39000.0,7.9,7500.0,7300.0,7.9,1,0.215,0.187,MORTGAGE,education,0
40,44000.0,8.4,20300.0,35700.0,4.4,0,0.559,0.811,RENT,home_improvement,0
63,82000.0,13.9,10900.0,54200.0,1.2,0,0.212,0.661,RENT,home_improvement,0
48,35000.0,4.0,8100.0,35300.0,9.5,0,0.352,1.009,MORTGAGE,education,0
59,48000.0,5.6,20100.0,13700.0,5.3,1,0.453,0.285,OWN,home_improvement,0
36,53000.0,0.4,30800.0,10000.0,5.3,2,0.604,0.189,RENT,other,1
40,99000.0,5.2,26100.0,46200.0,7.6,1,0.32,0.467,RENT,medical,0
39,43000.0,0.0,12800.0,33700.0,8.3,1,0.392,0.784,RENT,medical,1
60,75000.0,9.4,9900.0,45700.0,8.0,0,0.205,0.609,RENT,medical,0
63,85000.0,7.9,20600.0,13900.0,16.7,0,0.262,0.164,OWN,other,0
63,48000.0,4.8,1800.0,6300.0,11.3,0,0.053,0.131,MORTGAGE,business,0
54,45000.0,5.5,23200.0,37300.0,18.5,0,0.615,0.829,MORTGAGE,education,0
43,42000.0,9.4,600.0,16400.0,5.8,1,0.061,0.39,MORTGAGE,education,0
44,44000.0,0.9,18000.0,36100.0,11.9,0,0.508,0.82,OWN,other,1
64,72000.0,6.9,11800.0,28000.0,6.1,1,0.211,0.389,MORTGAGE,medical,0
33,54000.0,9.1,15400.0,22200.0,5.2,2,0.335,0.411,OWN,business,1
36,54000.0,0.0,9100.0,15700.0,18.7,0,0.203,0.291,MORTGAGE,debt_consolidation,0
60,30000.0,9.1,7200.0,35400.0,4.2,3,0.382,1.18,OWN,education,1
37,32000.0,0.0,10500.0,2200.0,0.0,0,0.336,0.069,MORTGAGE,home_improvement,0
31,129000.0,5.5,49600.0,25300.0,4.5,0,0.408,0.196,OWN,education,0
45,45000.0,0.8,25400.0,45500.0,0.0,1,0.686,1.011,RENT,medical,0
35,35000.0,12.4,7000.0,7300.0,3.2,0,0.225,0.209,MORTGAGE,other,0
60,93000.0,0.8,32600.0,34700.0,3.7,0,0.395,0.373,MORTGAGE,debt_consolidation,0
60,56000.0,0.0,30300.0,19700.0,8.2,2,0.583,0.352,MORTGAGE,other,0
34,64000.0,6.6,11100.0,54500.0,0.0,0,0.276,0.852,MORTGAGE,business,0
44,46000.0,4.1,23900.0,24100.0,14.0,0,0.582,0.524,RENT,education,0
64,42000.0,0.0,24100.0,42700.0,0.0,0,0.696,1.017,OWN,home_improvement,1
53,45000.0,8.4,22900.0,40900.0,7.4,1,0.618,0.909,MORTGAGE,other,0
30,26000.0,0.0,8900.0,17200.0,6.4,1,0.422,0.662,RENT,debt_consolidation,1
46,47000.0,1.3,20400.0,15800.0,12.1,0,0.474,0.336,MORTGAGE,other,0
48,56000.0,3.4,16200.0,53800.0,9.8,1,0.405,0.961,MORTGAGE,other,0
49,113000.0,9.6,40500.0,118200.0,13.9,1,0.484,1.046,RENT,home_improvement,0
22,51000.0,11.8,29800.0,51600.0,6.2,2,0.706,1.012,RENT,medical,0
34,17000.0,11.0,2600.0,1900.0,5.7,0,0.166,0.112,MORTGAGE,medical,0
58,47000.0,5.3,22300.0,40100.0,10.1,0,0.577,0.853,OWN,business,0
31,168000.0,0.0,51000.0,144400.0,13.1,1,0.407,0.86,RENT,business,0
34,72000.0,7.8,7600.0,81700.0,12.1,0,0.242,1.135,RENT,other,0
35,34000.0,12.6,13100.0,12000.0,9.6,0,0.428,0.353,MORTGAGE,debt_consolidation,0
28,64000.0,11.6,30400.0,61100.0,9.2,1,0.59,0.955,RENT,business,0
27,35000.0,8.1,11900.0,29500.0,7.8,0,0.441,0.843,OWN,business,0
36,27000.0,0.6,13600.0,28600.0,10.0,0,0.631,1.059,MORTGAGE,business,0
59,42000.0,3.6,9200.0,35600.0,18.2,0,0.321,0.848,OWN,home_improvement,1
21,51000.0,14.7,28000.0,52500.0,6.8,0,0.673,1.029,RENT,business,0
33,21000.0,0.0,8200.0,9700.0,6.2,0,0.446,0.462,RENT,education,0
23,29000.0,0.8,14000.0,6700.0,5.8,0,0.51,0.231,MORTGAGE,home_improvement,0
45,49000.0,10.2,8000.0,22900.0,9.9,1,0.219,0.467,RENT,education,0
32,41000.0,4.1,11000.0,40500.0,0.0,2,0.387,0.988,RENT,education,1
55,59000.0,0.7,32200.0,11900.0,7.3,0,0.57,0.202,MORTGAGE,business,0
46,28000.0,12.9,900.0,21900.0,12.4,0,0.126,0.782,MORTGAGE,home_improvement,0
55,68000.0,8.1,16500.0,80600.0,5.4,2,0.385,1.185,RENT,home_improvement,1
48,29000.0,4.3,13600.0,31300.0,8.9,0,0.598,1.079,RENT,education,0
40,103000.0,0.8,46000.0,84700.0,18.5,0,0.545,0.822,RENT,education,0
58,23000.0,15.2,11800.0,22100.0,9.7,1,0.628,0.961,MORTGAGE,other,1
41,30000.0,5.9,13300.0,5500.0,0.0,0,0.465,0.183,RENT,home_improvement,0
62,59000.0,12.3,33500.0,36800.0,1.0,1,0.643,0.624,MORTGAGE,other,1
64,104000.0,10.0,31100.0,68800.0,6.7,0,0.378,0.662,MORTGAGE,debt_consolidation,0
46,56000.0,3.7,21000.0,53200.0,4.0,0,0.489,0.95,MORTGAGE,medical,0
50,63000.0,3.7,32000.0,23600.0,8.5,0,0.553,0.375,OWN,other,0
32,49000.0,12.5,20600.0,8500.0,6.5,1,0.441,0.173,OWN,home_improvement,0
56,31000.0,12.6,1900.0,26400.0,13.8,0,0.163,0.852,RENT,home_improvement,0
50,39000.0,0.0,8600.0,24000.0,2.5,0,0.294,0.615,RENT,medical,0
60,28000.0,8.5,9300.0,28500.0,7.0,1,0.454,1.018,MORTGAGE,home_improvement,0
32,28000.0,5.5,12700.0,16900.0,9.1,1,0.526,0.604,MORTGAGE,debt_consolidation,1
55,59000.0,1.4,19200.0,60400.0,9.7,2,0.448,1.024,RENT,debt_consolidation,1
41,30000.0,7.2,14000.0,19000.0,8.7,0,0.543,0.633,OWN,education,0
29,57000.0,0.0,28600.0,54200.0,0.0,3,0.616,0.951,OWN,medical,1
28,27000.0,3.9,4300.0,23700.0,8.4,1,0.265,0.878,OWN,debt_consolidation,1
45,56000.0,2.4,20700.0,19900.0,7.2,1,0.412,0.355,RENT,home_improvement,0
35,39000.0,3.8,13000.0,15800.0,12.3,0,0.382,0.405,MORTGAGE,business,0
25,92000.0,5.7,12500.0,99700.0,11.6,0,0.266,1.084,MORTGAGE,medical,0
39,57000.0,1.4,16800.0,18000.0,9.2,0,0.333,0.316,RENT,medical,0
49,85000.0,13.1,28000.0,72400.0,9.6,0,0.432,0.852,RENT,business,0
35,35000.0,8.2,17200.0,7600.0,14.8,5,0.517,0.217,RENT,other,0
63,50000.0,14.1,13800.0,45900.0,13.8,0,0.386,0.918,OWN,debt_consolidation,0
55,32000.0,5.3,1600.0,9800.0,9.4,1,0.087,0.306,MORTGAGE,education,0
43,41000.0,3.5,12000.0,30100.0,18.7,0,0.381,0.734,MORTGAGE,home_improvement,0
62,44000.0,13.9,22100.0,30800.0,4.9,0,0.586,0.7,RENT,business,0
40,35000.0,3.4,12000.0,9900.0,2.1,0,0.377,0.283,OWN,education,0
27,28000.0,5.2,5400.0,17200.0,7.9,1,0.267,0.614,OWN,debt_consolidation,0
22,26000.0,9.2,14400.0,27600.0,6.1,0,0.681,1.062,MORTGAGE,other,1
62,17000.0,0.4,1600.0,14200.0,0.0,1,0.194,0.835,RENT,medical,1
63,30000.0,9.2,5900.0,35700.0,4.7,0,0.339,1.19,RENT,debt_consolidation,0
53,65000.0,8.6,17000.0,61900.0,9.7,1,0.376,0.952,MORTGAGE,home_improvement,0
25,24000.0,11.7,10600.0,19000.0,7.7,1,0.537,0.792,OWN,business,0
33,26000.0,10.0,13000.0,18100.0,4.1,4,0.584,0.696,OWN,education,1
22,110000.0,11.8,3900.0,124100.0,8.2,0,0.171,1.128,RENT,other,0
23,37000.0,5.5,17600.0,24300.0,8.6,1,0.554,0.657,RENT,debt_consolidation,0
31,57000.0,2.1,24600.0,29200.0,11.6,0,0.493,0.512,RENT,debt_consolidation,0
46,65000.0,15.5,34900.0,65600.0,4.8,0,0.658,1.009,RENT,business,1
23,66000.0,0.0,35700.0,74700.0,12.4,0,0.677,1.132,MORTGAGE,home_improvement,0
64,25000.0,0.0,11700.0,15000.0,2.5,1,0.54,0.6,MORTGAGE,other,1
41,44000.0,8.5,5000.0,9100.0,5.5,0,0.138,0.207,OWN,business,0
32,24000.0,13.3,4500.0,18000.0,16.5,0,0.278,0.75,RENT,debt_consolidation,0
43,147000.0,6.9,82600.0,132600.0,2.9,1,0.67,0.902,RENT,other,0
55,24000.0,10.5,8600.0,11500.0,4.7,1,0.416,0.479,MORTGAGE,other,0
34,31000.0,0.0,10000.0,28200.0,1.7,0,0.432,0.91,OWN,home_improvement,0
23,31000.0,3.8,17000.0,20500.0,3.9,0,0.628,0.661,OWN,medical,1
23,25000.0,0.0,13100.0,9900.0,8.7,0,0.572,0.396,OWN,medical,0
58,90000.0,9.5,39300.0,69700.0,11.5,0,0.53,0.774,MORTGAGE,debt_consolidation,0
25,146000.0,0.0,77300.0,72600.0,7.9,0,0.589,0.497,RENT,business,0
48,40000.0,0.2,2700.0,38200.0,6.4,1,0.182,0.955,MORTGAGE,other,1
37,27000.0,8.3,12300.0,1400.0,1.8,0,0.462,0.052,OWN,education,0
55,18000.0,10.8,10400.0,17800.0,4.4,2,0.696,0.989,RENT,other,1
23,44000.0,5.3,1300.0,17700.0,0.3,0,0.078,0.402,RENT,business,0
60,43000.0,8.6,5800.0,49600.0,11.7,0,0.273,1.153,RENT,business,0
51,37000.0,8.4,17600.0,34200.0,12.0,0,0.587,0.924,MORTGAGE,medical,1
40,54000.0,5.0,16800.0,17700.0,7.8,0,0.35,0.328,MORTGAGE,business,0
30,59000.0,1.1,3100.0,69400.0,10.2,0,0.194,1.176,RENT,other,1
63,57000.0,8.5,9200.0,35600.0,12.4,0,0.236,0.625,RENT,medical,0
34,43000.0,8.8,8400.0,28000.0,8.5,0,0.273,0.651,MORTGAGE,medical,0
42,30000.0,10.0,5800.0,32900.0,15.0,1,0.325,1.097,MORTGAGE,home_improvement,0
38,66000.0,7.4,34800.0,73000.0,2.9,0,0.66,1.106,RENT,medical,0
31,49000.0,0.7,19500.0,41700.0,6.3,0,0.5,0.851,MORTGAGE,other,0
39,73000.0,9.1,32200.0,85800.0,5.7,0,0.582,1.175,RENT,business,0
27,70000.0,6.0,600.0,30000.0,11.2,1,0.06,0.429,RENT,business,0
21,26000.0,3.8,6700.0,8200.0,0.8,0,0.296,0.315,RENT,debt_consolidation,0
33,26000.0,4.7,5000.0,2200.0,15.2,1,0.202,0.085,RENT,other,0
25,35000.0,2.9,17900.0,15700.0,10.8,1,0.565,0.449,RENT,medical,0
39,30000.0,10.0,17200.0,22300.0,16.8,0,0.663,0.743,RENT,education,0
58,69000.0,0.0,17500.0,27700.0,7.8,0,0.302,0.401,RENT,debt_consolidation,0
28,57000.0,1.5,33300.0,40800.0,5.2,1,0.67,0.716,MORTGAGE,other,0
21,80000.0,4.5,700.0,8500.0,11.3,0,0.022,0.106,OWN,medical,0
25,59000.0,13.3,11500.0,27000.0,13.2,0,0.25,0.458,RENT,home_improvement,0
43,54000.0,10.7,25100.0,49200.0,4.4,1,0.574,0.911,MORTGAGE,medical,0
33,84000.0,0.0,18100.0,14300.0,0.0,0,0.236,0.17,RENT,other,0
42,61000.0,12.1,33700.0,53200.0,0.0,1,0.657,0.872,OWN,other,0
22,51000.0,12.1,6700.0,47300.0,9.3,1,0.243,0.927,RENT,home_improvement,0
35,95000.0,0.7,45400.0,66900.0,15.7,0,0.562,0.704,RENT,business,0
39,52000.0,0.0,6300.0,55600.0,1.5,1,0.249,1.069,MORTGAGE,debt_consolidation,1
39,43000.0,5.7,5100.0,49400.0,6.6,0,0.256,1.149,RENT,education,1
45,34000.0,11.1,9100.0,3100.0,6.3,0,0.279,0.091,RENT,medical,0
55,67000.0,13.2,38000.0,55700.0,17.6,0,0.667,0.831,RENT,medical,0
41,86000.0,2.1,30200.0,27800.0,19.3,0,0.39,0.323,MORTGAGE,debt_consolidation,0
58,48000.0,13.9,18300.0,24900.0,10.1,0,0.444,0.519,RENT,home_improvement,0
44,88000.0,0.0,500.0,67500.0,12.5,1,0.098,0.767,RENT,home_improvement,0
32,20000.0,4.3,700.0,17400.0,12.4,0,0.139,0.87,OWN,education,0
31,48000.0,4.1,1900.0,48800.0,1.6,1,0.162,1.017,RENT,business,0
35,48000.0,11.2,23600.0,41300.0,11.5,0,0.595,0.86,RENT,debt_consolidation,0
47,35000.0,11.8,5000.0,33000.0,2.9,1,0.256,0.943,MORTGAGE,business,0
31,143000.0,10.3,28200.0,105700.0,7.1,0,0.286,0.739,RENT,debt_consolidation,0
61,48000.0,0.0,17600.0,8900.0,13.7,0,0.389,0.185,OWN,medical,0
42,41000.0,9.9,14400.0,3100.0,8.4,1,0.36,0.076,RENT,business,0
58,50000.0,8.3,12300.0,33000.0,13.5,1,0.325,0.66,RENT,other,0
51,20000.0,0.0,100.0,17500.0,14.5,0,0.11,0.875,OWN,other,0
35,35000.0,0.0,9400.0,6100.0,0.0,0,0.289,0.174,OWN,education,1
31,76000.0,10.7,33700.0,41300.0,0.0,0,0.509,0.543,MORTGAGE,education,0
53,37000.0,5.2,5200.0,12800.0,13.8,0,0.182,0.346,RENT,other,0
35,34000.0,0.2,14500.0,23900.0,14.0,1,0.511,0.703,MORTGAGE,debt_consolidation,0
31,88000.0,5.1,800.0,43900.0,9.3,0,0.069,0.499,OWN,other,0
61,90000.0,7.6,49000.0,25400.0,10.0,0,0.578,0.282,MORTGAGE,debt_consolidation,0
42,62000.0,5.6,35300.0,3400.0,12.5,0,0.576,0.055,OWN,debt_consolidation,0
23,40000.0,0.0,100.0,16800.0,12.4,0,0.053,0.42,MORTGAGE,debt_consolidation,0
42,44000.0,14.5,12100.0,28300.0,6.5,1,0.352,0.643,OWN,home_improvement,0
41,34000.0,10.5,8400.0,38000.0,12.8,0,0.381,1.118,RENT,other,1
59,31000.0,4.5,15700.0,9700.0,6.3,1,0.544,0.313,OWN,home_improvement,1
52,31000.0,4.7,10100.0,19800.0,9.2,2,0.402,0.639,OWN,education,0
29,37000.0,7.6,13600.0,26000.0,9.0,1,0.452,0.703,MORTGAGE,business,0
27,31000.0,0.9,3800.0,24700.0,3.7,0,0.218,0.797,OWN,other,0
47,24000.0,7.5,1100.0,10300.0,4.3,0,0.097,0.429,MORTGAGE,education,0
23,54000.0,0.0,22400.0,8900.0,19.2,0,0.435,0.165,MORTGAGE,education,0
35,54000.0,5.7,20100.0,59900.0,3.5,0,0.505,1.109,MORTGAGE,education,0
27,105000.0,0.7,52400.0,120300.0,9.8,0,0.637,1.146,OWN,medical,0
21,36000.0,1.0,18200.0,19900.0,10.9,0,0.572,0.553,MORTGAGE,home_improvement,1
61,56000.0,13.4,21200.0,40200.0,7.7,2,0.465,0.718,MORTGAGE,business,0
24,56000.0,6.3,18100.0,4700.0,11.4,0,0.333,0.084,MORTGAGE,business,0
21,44000.0,6.9,24100.0,4600.0,9.6,1,0.56,0.105,OWN,debt_consolidation,0
62,69000.0,0.0,33200.0,9500.0,3.6,0,0.498,0.138,RENT,business,0
29,69000.0,3.3,36500.0,62100.0,10.7,0,0.637,0.9,MORTGAGE,business,0
56,57000.0,8.1,34100.0,17700.0,5.3,0,0.636,0.311,MORTGAGE,debt_consolidation,0
22,44000.0,6.9,10700.0,11500.0,16.7,0,0.275,0.261,OWN,business,0
27,42000.0,0.0,18100.0,2500.0,10.1,0,0.438,0.06,RENT,education,0
25,26000.0,6.9,10700.0,2000.0,4.5,0,0.421,0.077,MORTGAGE,debt_consolidation,0
52,34000.0,7.6,3600.0,17600.0,9.7,1,0.168,0.518,RENT,debt_consolidation,1
48,37000.0,11.8,14100.0,24900.0,3.4,1,0.462,0.673,MORTGAGE,debt_consolidation,1
41,30000.0,3.1,7700.0,21500.0,9.3,0,0.343,0.717,MORTGAGE,education,0
31,60000.0,0.0,16200.0,34600.0,6.9,0,0.339,0.577,MORTGAGE,medical,0
24,84000.0,1.5,9100.0,48600.0,3.9,0,0.178,0.579,MORTGAGE,home_improvement,1
46,33000.0,1.1,14700.0,30200.0,3.8,0,0.555,0.915,RENT,other,1
31,56000.0,9.3,23500.0,21400.0,20.2,0,0.466,0.382,MORTGAGE,debt_consolidation,0
46,31000.0,0.0,9900.0,10000.0,8.5,0,0.358,0.323,OWN,other,0
51,43000.0,4.0,4000.0,44400.0,5.8,0,0.217,1.033,MORTGAGE,debt_consolidation,0
58,36000.0,12.4,12000.0,30300.0,5.0,0,0.434,0.842,RENT,debt_consolidation,1
42,64000.0,6.0,3800.0,38300.0,10.4,0,0.131,0.598,MORTGAGE,education,0
21,36000.0,10.0,7300.0,13200.0,4.8,1,0.247,0.367,MORTGAGE,business,1
33,77000.0,0.0,17200.0,15900.0,2.5,0,0.248,0.206,MORTGAGE,medical,0
58,44000.0,0.0,23300.0,4100.0,7.8,0,0.541,0.093,MORTGAGE,business,0
44,37000.0,12.5,9200.0,38100.0,7.8,1,0.372,1.03,OWN,education,0
48,28000.0,6.5,10100.0,20500.0,5.9,2,0.449,0.732,OWN,other,0
41,55000.0,6.5,28900.0,5600.0,3.5,0,0.538,0.102,RENT,business,1
28,73000.0,1.0,18600.0,17000.0,6.0,0,0.283,0.233,MORTGAGE,debt_consolidation,1
60,55000.0,6.5,29200.0,20400.0,5.7,0,0.575,0.371,MORTGAGE,medical,0
55,134000.0,0.8,11000.0,47200.0,5.0,2,0.124,0.352,OWN,other,0
64,93000.0,11.3,20400.0,63300.0,9.4,0,0.301,0.681,RENT,business,0
58,43000.0,18.3,2400.0,21900.0,19.1,0,0.117,0.509,RENT,business,0
33,42000.0,8.2,14100.0,44700.0,14.7,0,0.463,1.064,MORTGAGE,business,0
32,61000.0,3.1,35000.0,53500.0,17.7,0,0.679,0.877,MORTGAGE,medical,1
31,34000.0,0.0,13400.0,37300.0,5.2,1,0.526,1.097,RENT,education,1
61,83000.0,0.0,31200.0,86500.0,16.4,0,0.501,1.042,OWN,debt_consolidation,0
45,58000.0,13.0,9700.0,64400.0,9.1,2,0.3,1.11,RENT,home_improvement,0
40,55000.0,1.4,30700.0,64700.0,12.9,0,0.699,1.176,RENT,home_improvement,1
63,67000.0,4.3,19000.0,27400.0,10.3,0,0.333,0.409,RENT,business,0
47,106000.0,8.9,17000.0,30900.0,6.3,0,0.195,0.292,RENT,education,0
61,53000.0,12.7,31400.0,12700.0,11.6,0,0.621,0.24,RENT,education,0
64,47000.0,5.1,11900.0,36300.0,10.4,0,0.346,0.772,RENT,other,1
24,97000.0,4.2,21600.0,80800.0,0.0,0,0.323,0.833,RENT,home_improvement,1
36,76000.0,6.3,1600.0,11500.0,7.4,1,0.039,0.151,MORTGAGE,business,0
53,42000.0,3.2,4500.0,41800.0,12.4,0,0.227,0.995,MORTGAGE,education,0
56,49000.0,3.4,23800.0,46600.0,9.4,0,0.6,0.951,MORTGAGE,other,0
27,54000.0,7.9,15600.0,41700.0,10.3,0,0.382,0.772,OWN,other,0
35,58000.0,6.8,33200.0,32000.0,4.2,3,0.639,0.552,OWN,education,1
45,27000.0,15.6,1400.0,6100.0,9.3,1,0.079,0.226,MORTGAGE,business,0
56,24000.0,8.0,8900.0,15200.0,7.5,1,0.447,0.633,RENT,other,0
25,33000.0,11.2,14300.0,7700.0,7.0,0,0.461,0.233,MORTGAGE,medical,0
47,32000.0,1.2,11900.0,23900.0,4.6,1,0.462,0.747,RENT,other,1
34,37000.0,8.4,11800.0,15000.0,12.6,1,0.368,0.405,MORTGAGE,business,0
30,65000.0,2.7,22600.0,21700.0,9.7,0,0.388,0.334,MORTGAGE,debt_consolidation,0
43,45000.0,7.8,18600.0,25100.0,9.2,0,0.48,0.558,RENT,medical,0
39,54000.0,9.1,28000.0,38800.0,18.3,0,0.605,0.719,MORTGAGE,home_improvement,0
48,28000.0,6.2,5700.0,13200.0,10.4,0,0.26,0.471,OWN,medical,0
34,40000.0,16.8,11000.0,46300.0,14.0,0,0.414,1.158,MORTGAGE,business,0
57,64000.0,12.4,24400.0,3600.0,9.4,0,0.388,0.056,MORTGAGE,home_improvement,0
24,64000.0,11.3,12100.0,70400.0,6.2,0,0.321,1.1,MORTGAGE,medical,0
58,35000.0,9.4,3800.0,1800.0,2.7,0,0.115,0.051,MORTGAGE,medical,0
22,53000.0,13.9,30700.0,15900.0,9.2,0,0.615,0.3,RENT,home_improvement,0
53,132000.0,0.0,15400.0,157800.0,0.0,1,0.26,1.195,MORTGAGE,business,0
36,49000.0,12.2,6800.0,43500.0,9.4,0,0.245,0.888,RENT,business,0
37,36000.0,1.5,13400.0,28500.0,9.6,0,0.467,0.792,MORTGAGE,debt_consolidation,0
21,45000.0,3.5,2100.0,39800.0,6.9,1,0.153,0.884,RENT,home_improvement,0
51,51000.0,8.5,1000.0,26500.0,7.5,0,0.082,0.52,OWN,debt_consolidation,0
28,46000.0,11.5,1800.0,43800.0,1.7,1,0.153,0.952,MORTGAGE,medical,0
50,48000.0,0.8,3500.0,10900.0,14.9,1,0.1,0.227,RENT,other,0
52,26000.0,3.7,6700.0,25000.0,6.3,0,0.373,0.962,MORTGAGE,other,0
58,32000.0,6.4,15900.0,36200.0,3.1,0,0.633,1.131,MORTGAGE,education,1
52,46000.0,5.2,9400.0,47700.0,10.7,0,0.329,1.037,MORTGAGE,home_improvement,0
34,46000.0,9.8,11800.0,41400.0,8.6,0,0.365,0.9,RENT,home_improvement,1
53,38000.0,21.5,13700.0,30400.0,6.2,2,0.457,0.8,MORTGAGE,debt_consolidation,0
57,45000.0,7.9,8200.0,29200.0,5.7,1,0.26,0.649,MORTGAGE,education,0
34,50000.0,2.7,13000.0,25200.0,8.0,3,0.32,0.504,RENT,medical,1
26,73000.0,0.2,16900.0,76300.0,14.7,1,0.357,1.045,MORTGAGE,debt_consolidation,0
60,47000.0,4.5,9600.0,37300.0,10.3,0,0.299,0.794,RENT,business,0
27,59000.0,1.8,13700.0,32500.0,7.8,0,0.298,0.551,OWN,other,0
47,38000.0,8.1,300.0,36200.0,12.3,0,0.122,0.953,OWN,home_improvement,0
31,63000.0,8.0,33500.0,7100.0,8.1,1,0.545,0.113,RENT,business,0
26,58000.0,3.9,34000.0,57100.0,10.0,0,0.704,0.984,RENT,education,0
55,72000.0,14.9,37300.0,70700.0,8.8,0,0.636,0.982,RENT,other,0
27,68000.0,2.7,200.0,21300.0,10.9,0,0.041,0.313,OWN,medical,0
50,64000.0,5.5,28800.0,6000.0,5.8,0,0.461,0.094,RENT,medical,0
51,47000.0,8.9,16200.0,40900.0,2.3,0,0.449,0.87,MORTGAGE,business,0
23,55000.0,10.0,3100.0,15400.0,12.5,0,0.09,0.28,OWN,home_improvement,0
28,79000.0,11.7,44200.0,94400.0,15.5,0,0.703,1.195,RENT,business,0
55,37000.0,7.9,17200.0,2200.0,2.5,1,0.472,0.059,MORTGAGE,other,1
43,37000.0,10.7,3200.0,11600.0,8.9,0,0.124,0.314,MORTGAGE,home_improvement,0
26,53000.0,3.0,30700.0,5200.0,5.8,0,0.591,0.098,RENT,business,0
64,59000.0,10.1,4500.0,56100.0,12.4,1,0.19,0.951,OWN,home_improvement,0
32,34000.0,10.1,9300.0,24300.0,9.2,1,0.359,0.715,MORTGAGE,medical,0
21,47000.0,12.8,4500.0,48200.0,24.6,0,0.219,1.026,RENT,home_improvement,0
61,47000.0,0.0,4200.0,54400.0,6.5,0,0.228,1.157,MORTGAGE,medical,0
21,18000.0,1.9,10500.0,13500.0,15.7,0,0.673,0.75,MORTGAGE,debt_consolidation,1
45,44000.0,9.7,15100.0,13900.0,16.2,0,0.381,0.316,MORTGAGE,business,0
64,46000.0,0.0,7200.0,7200.0,10.7,0,0.175,0.157,RENT,debt_consolidation,0
46,46000.0,8.2,21400.0,48100.0,8.2,0,0.591,1.046,MORTGAGE,education,1
46,93000.0,10.8,48800.0,30900.0,8.5,0,0.565,0.332,RENT,business,1
38,28000.0,3.4,15400.0,30200.0,8.1,0,0.679,1.079,MORTGAGE,debt_consolidation,0
26,34000.0,4.1,19000.0,36000.0,13.7,1,0.686,1.059,RENT,business,1
46,15000.0,1.2,8200.0,11600.0,3.6,0,0.639,0.773,MORTGAGE,education,0
60,39000.0,3.7,15000.0,29000.0,7.2,0,0.474,0.744,OWN,home_improvement,0
25,41000.0,3.8,8400.0,46900.0,6.6,1,0.342,1.144,RENT,business,0
59,39000.0,2.9,21700.0,35900.0,0.0,1,0.667,0.921,RENT,other,1
39,81000.0,2.7,6000.0,67700.0,12.3,0,0.174,0.836,MORTGAGE,other,0
44,72000.0,4.8,7300.0,39700.0,13.3,0,0.168,0.551,RENT,medical,0
28,51000.0,4.7,13300.0,30900.0,4.8,0,0.333,0.606,RENT,home_improvement,0
48,41000.0,14.4,7000.0,20400.0,13.2,0,0.23,0.498,MORTGAGE,business,0
29,78000.0,4.2,28800.0,88800.0,0.1,1,0.506,1.138,MORTGAGE,business,0
33,49000.0,7.5,26600.0,38400.0,8.1,2,0.637,0.784,RENT,other,0
52,34000.0,3.4,10000.0,32200.0,7.4,0,0.408,0.947,MORTGAGE,business,0
23,23000.0,3.3,7600.0,2100.0,8.4,0,0.341,0.091,RENT,home_improvement,0
40,40000.0,0.0,10200.0,41200.0,8.4,3,0.379,1.03,OWN,education,1
47,69000.0,0.0,29300.0,36600.0,7.6,1,0.488,0.53,MORTGAGE,medical,0
26,137000.0,0.6,8300.0,123000.0,6.1,1,0.168,0.898,RENT,business,0
33,50000.0,6.8,1500.0,4800.0,7.5,0,0.042,0.096,MORTGAGE,home_improvement,0
36,35000.0,10.8,13500.0,37700.0,14.8,0,0.515,1.077,MORTGAGE,home_improvement,0
50,29000.0,0.0,9300.0,23500.0,5.1,1,0.418,0.81,OWN,other,0
63,63000.0,3.5,15400.0,36300.0,19.3,0,0.314,0.576,MORTGAGE,other,0
57,22000.0,0.0,4400.0,8800.0,4.8,0,0.248,0.4,RENT,home_improvement,0
29,63000.0,4.8,2000.0,25700.0,9.2,0,0.081,0.408,MORTGAGE,debt_consolidation,0
21,71000.0,10.8,29000.0,28300.0,10.9,1,0.456,0.399,MORTGAGE,medical,0
23,60000.0,4.0,15200.0,12000.0,6.5,0,0.277,0.2,MORTGAGE,debt_consolidation,1
47,44000.0,5.8,11800.0,25700.0,14.9,0,0.338,0.584,MORTGAGE,home_improvement,1
27,63000.0,12.5,33800.0,36000.0,10.7,0,0.605,0.571,OWN,medical,1
31,53000.0,8.1,23500.0,27800.0,7.0,1,0.506,0.525,RENT,education,0
58,35000.0,2.6,4600.0,30000.0,14.9,0,0.234,0.857,OWN,debt_consolidation,0
59,113000.0,6.7,44600.0,60200.0,2.9,0,0.459,0.533,RENT,education,0
57,42000.0,2.3,3300.0,6400.0,5.2,1,0.097,0.152,RENT,business,0
32,70000.0,7.9,8200.0,72100.0,10.8,0,0.241,1.03,RENT,business,1
48,17000.0,8.3,7300.0,9200.0,12.0,0,0.494,0.541,OWN,business,1
47,87000.0,0.0,6600.0,69900.0,9.6,0,0.172,0.803,MORTGAGE,home_improvement,1
29,95000.0,6.8,16000.0,106300.0,7.4,0,0.303,1.119,MORTGAGE,medical,0
45,50000.0,5.5,26900.0,46600.0,6.7,2,0.65,0.932,OWN,home_improvement,0
44,63000.0,8.5,27900.0,42200.0,13.7,0,0.523,0.67,RENT,medical,0
38,63000.0,9.7,35100.0,42600.0,9.2,0,0.638,0.676,RENT,debt_consolidation,1
54,37000.0,8.1,19600.0,38000.0,3.6,1,0.653,1.027,RENT,education,0
50,63000.0,4.6,11800.0,62800.0,3.4,0,0.307,0.997,MORTGAGE,home_improvement,0
44,34000.0,10.2,12900.0,8700.0,15.6,0,0.41,0.256,MORTGAGE,business,0
52,37000.0,2.1,8400.0,28500.0,4.4,1,0.319,0.77,RENT,home_improvement,0
54,81000.0,0.1,33900.0,84700.0,9.4,0,0.544,1.046,RENT,home_improvement,1
45,76000.0,0.0,15900.0,74000.0,14.8,0,0.326,0.974,RENT,medical,0
32,36000.0,5.7,0.0,7000.0,10.7,2,0.023,0.194,RENT,medical,0
54,35000.0,2.3,2000.0,19300.0,4.2,0,0.123,0.551,MORTGAGE,education,0
52,37000.0,7.8,17100.0,23900.0,2.9,0,0.54,0.646,MORTGAGE,other,1
64,68000.0,0.0,3400.0,23600.0,17.3,0,0.092,0.347,RENT,other,0
27,31000.0,3.1,11100.0,25800.0,2.8,0,0.458,0.832,RENT,medical,1
39,58000.0,8.1,29900.0,34700.0,5.2,0,0.587,0.598,MORTGAGE,medical,0
61,69000.0,1.4,30700.0,27100.0,9.9,0,0.492,0.393,MORTGAGE,medical,0
43,47000.0,7.8,11700.0,20600.0,6.9,1,0.302,0.438,MORTGAGE,debt_consolidation,0
62,77000.0,3.5,9600.0,79700.0,10.9,0,0.249,1.035,MORTGAGE,education,0
21,43000.0,5.9,23800.0,45000.0,0.7,0,0.679,1.047,OWN,business,0
22,45000.0,8.7,15300.0,44300.0,6.9,0,0.458,0.984,MORTGAGE,business,0
56,32000.0,10.3,7800.0,35200.0,11.4,0,0.376,1.1,RENT,debt_consolidation,0
36,77000.0,6.4,43500.0,88200.0,11.4,0,0.702,1.145,OWN,debt_consolidation,0
43,35000.0,2.3,4500.0,21500.0,5.1,0,0.202,0.614,MORTGAGE,other,0
39,57000.0,3.9,15100.0,9200.0,2.9,0,0.284,0.161,MORTGAGE,business,1
38,47000.0,8.9,3100.0,45600.0,9.1,2,0.182,0.97,MORTGAGE,education,0
62,31000.0,1.4,2300.0,24100.0,1.4,1,0.167,0.777,MORTGAGE,other,0
25,37000.0,5.2,8800.0,18000.0,14.4,0,0.296,0.486,OWN,debt_consolidation,0
54,91000.0,4.3,38200.0,106600.0,8.8,0,0.56,1.171,RENT,business,0
60,54000.0,5.5,11000.0,23700.0,4.5,0,0.256,0.439,MORTGAGE,other,0
49,31000.0,1.5,12800.0,33900.0,2.7,1,0.544,1.094,RENT,education,0
38,56000.0,0.0,27100.0,41000.0,4.8,1,0.572,0.732,MORTGAGE,education,0
28,46000.0,8.3,24200.0,4200.0,0.2,0,0.537,0.091,RENT,home_improvement,0
51,232000.0,10.3,6200.0,241100.0,10.5,1,0.151,1.039,MORTGAGE,other,0
41,56000.0,0.0,26000.0,51900.0,4.0,0,0.576,0.927,OWN,business,0
27,41000.0,7.7,3600.0,32300.0,10.0,4,0.182,0.788,RENT,education,0
36,93000.0,10.9,39000.0,70400.0,10.7,0,0.51,0.757,RENT,home_improvement,0
63,21000.0,8.7,4700.0,6300.0,12.8,0,0.26,0.3,MORTGAGE,education,0
32,51000.0,4.1,21700.0,15100.0,9.3,0,0.461,0.296,MORTGAGE,education,0
28,120000.0,1.8,15400.0,10000.0,13.6,0,0.138,0.083,RENT,education,0
51,47000.0,6.4,18200.0,10700.0,14.9,1,0.415,0.228,RENT,other,1
29,22000.0,7.1,1700.0,9600.0,9.3,1,0.13,0.436,RENT,education,0
61,41000.0,6.4,4200.0,27500.0,9.6,0,0.183,0.671,RENT,debt_consolidation,0
58,94000.0,5.2,34700.0,18800.0,5.2,1,0.393,0.2,MORTGAGE,business,0
64,58000.0,1.1,11700.0,40100.0,3.1,1,0.285,0.691,RENT,business,0
61,34000.0,7.9,14400.0,12000.0,14.4,0,0.466,0.353,MORTGAGE,debt_consolidation,0
31,36000.0,8.1,14800.0,12300.0,11.0,0,0.452,0.342,RENT,business,0
30,38000.0,6.9,14200.0,43300.0,11.4,0,0.51,1.139,OWN,education,0
36,58000.0,6.5,25400.0,69100.0,5.0,0,0.581,1.191,MORTGAGE,business,1
41,90000.0,13.6,42900.0,88500.0,16.1,0,0.595,0.983,MORTGAGE,home_improvement,0
59,79000.0,3.2,43200.0,8900.0,6.9,0,0.56,0.113,MORTGAGE,home_improvement,0
53,60000.0,11.8,2900.0,53300.0,4.0,0,0.155,0.888,RENT,medical,0
49,27000.0,2.7,9300.0,6900.0,5.1,0,0.375,0.256,RENT,debt_consolidation,0
59,27000.0,11.0,12100.0,19000.0,15.9,0,0.533,0.704,MORTGAGE,home_improvement,0
49,62000.0,11.6,8100.0,66800.0,2.4,0,0.26,1.077,MORTGAGE,debt_consolidation,0
37,27000.0,4.7,4300.0,13200.0,4.2,1,0.218,0.489,RENT,education,0
39,44000.0,13.5,7000.0,49200.0,22.5,0,0.293,1.118,MORTGAGE,other,0
43,56000.0,8.1,19200.0,48400.0,12.7,0,0.447,0.864,MORTGAGE,medical,0
24,29000.0,2.1,6400.0,11500.0,4.3,0,0.268,0.397,OWN,business,0
53,31000.0,4.3,12400.0,4900.0,2.6,3,0.419,0.158,OWN,business,1
49,47000.0,11.1,17200.0,46400.0,0.0,2,0.484,0.987,MORTGAGE,debt_consolidation,0
53,61000.0,10.2,24100.0,35200.0,8.5,0,0.464,0.577,MORTGAGE,other,0
44,79000.0,1.2,12000.0,10600.0,11.6,0,0.168,0.134,MORTGAGE,debt_consolidation,0
55,64000.0,5.4,29500.0,10800.0,15.6,0,0.481,0.169,RENT,home_improvement,0
62,51000.0,6.9,20300.0,59300.0,0.0,0,0.538,1.163,MORTGAGE,medical,1
46,35000.0,3.7,2700.0,11500.0,1.4,0,0.117,0.329,RENT,education,0
40,30000.0,16.6,3600.0,34800.0,7.4,0,0.259,1.16,OWN,home_improvement,0
25,39000.0,7.1,7000.0,32500.0,21.9,0,0.279,0.833,RENT,education,0
55,59000.0,5.7,33100.0,23300.0,12.4,0,0.608,0.395,RENT,education,0
60,57000.0,11.4,11200.0,28000.0,9.9,2,0.255,0.491,RENT,medical,0
51,19000.0,4.4,200.0,17900.0,1.9,0,0.124,0.942,OWN,business,0
59,34000.0,10.5,2900.0,18700.0,0.0,0,0.151,0.55,RENT,education,0
58,84000.0,0.0,1600.0,11400.0,8.2,0,0.035,0.136,MORTGAGE,education,0
56,51000.0,4.0,12300.0,16000.0,7.5,2,0.279,0.314,RENT,debt_consolidation,0
43,26000.0,10.7,12400.0,27000.0,6.7,0,0.602,1.038,MORTGAGE,other,0
25,142000.0,13.1,38400.0,120800.0,6.1,0,0.373,0.851,MORTGAGE,medical,0
21,48000.0,2.5,24200.0,30100.0,4.3,1,0.579,0.627,OWN,home_improvement,0
29,58000.0,2.0,1700.0,19300.0,3.1,0,0.069,0.333,RENT,debt_consolidation,0
39,59000.0,8.6,16600.0,35200.0,14.9,0,0.353,0.597,RENT,other,0
53,42000.0,3.2,19800.0,40200.0,3.6,2,0.586,0.957,RENT,debt_consolidation,1
41,35000.0,4.8,14200.0,5000.0,6.6,2,0.423,0.143,MORTGAGE,home_improvement,0
22,127000.0,9.9,65000.0,151600.0,7.8,2,0.655,1.194,OWN,other,0
30,77000.0,3.6,12700.0,80000.0,11.5,0,0.29,1.039,RENT,education,0
64,71000.0,0.0,21300.0,29500.0,3.7,0,0.35,0.415,OWN,other,0
64,64000.0,0.1,26000.0,67300.0,12.9,0,0.532,1.052,RENT,medical,0
37,31000.0,6.0,3100.0,25900.0,5.1,2,0.2,0.835,OWN,medical,1
56,87000.0,0.0,42600.0,71000.0,7.2,0,0.588,0.816,MORTGAGE,other,0
52,34000.0,4.7,6400.0,7200.0,16.2,0,0.214,0.212,OWN,debt_consolidation,0
61,56000.0,0.0,3100.0,61100.0,3.2,1,0.186,1.091,MORTGAGE,education,1
60,23000.0,13.4,10600.0,13100.0,11.6,0,0.529,0.57,MORTGAGE,education,1
48,20000.0,15.7,8500.0,19500.0,13.0,0,0.542,0.975,RENT,business,0
38,57000.0,1.2,30200.0,22500.0,9.5,0,0.577,0.395,RENT,education,0
48,34000.0,7.2,18200.0,13700.0,7.4,0,0.584,0.403,MORTGAGE,other,0
35,20000.0,1.7,3300.0,23200.0,18.6,0,0.304,1.16,RENT,business,0
36,63000.0,4.6,24200.0,39100.0,7.9,1,0.459,0.621,MORTGAGE,other,1
47,127000.0,14.1,76100.0,15100.0,9.0,0,0.613,0.119,RENT,business,0
46,92000.0,3.9,13500.0,93000.0,6.3,1,0.268,1.011,RENT,business,1
46,44000.0,4.7,12500.0,13700.0,8.8,1,0.321,0.311,MORTGAGE,education,0
37,49000.0,1.8,26800.0,52000.0,12.8,1,0.674,1.061,RENT,business,1
39,73000.0,11.2,4500.0,80600.0,6.6,0,0.194,1.104,MORTGAGE,education,0
21,81000.0,0.0,45100.0,10800.0,0.0,0,0.573,0.133,OWN,education,0
47,42000.0,4.0,12300.0,30200.0,10.6,0,0.379,0.719,RENT,home_improvement,0
46,50000.0,5.8,26800.0,58900.0,2.6,0,0.677,1.178,RENT,other,0
62,56000.0,3.0,20900.0,62800.0,11.7,0,0.508,1.121,RENT,business,1
43,63000.0,9.9,25400.0,41200.0,8.0,2,0.482,0.654,MORTGAGE,debt_consolidation,0
41,46000.0,11.4,21300.0,38300.0,12.7,1,0.563,0.833,MORTGAGE,education,1
23,46000.0,0.0,1900.0,34300.0,3.3,3,0.131,0.746,OWN,medical,0
29,91000.0,15.4,34300.0,25800.0,5.3,0,0.411,0.284,RENT,business,0
35,84000.0,0.0,46600.0,67300.0,6.3,1,0.651,0.801,RENT,home_improvement,1
37,61000.0,11.8,35000.0,26400.0,0.6,1,0.626,0.433,RENT,business,1
36,106000.0,6.7,61600.0,46500.0,13.6,0,0.634,0.439,RENT,home_improvement,0
38,41000.0,3.7,15900.0,21900.0,0.0,1,0.452,0.534,MORTGAGE,debt_consolidation,1
54,102000.0,4.2,38800.0,105100.0,13.5,0,0.504,1.03,OWN,debt_consolidation,0
26,63000.0,5.8,20900.0,20400.0,10.1,0,0.371,0.324,RENT,other,0
35,214000.0,6.9,78000.0,72400.0,7.0,1,0.405,0.338,MORTGAGE,medical,0
28,29000.0,1.9,10700.0,1700.0,9.7,2,0.376,0.059,MORTGAGE,business,1
34,36000.0,4.9,900.0,8200.0,9.6,1,0.052,0.228,OWN,medical,0
51,59000.0,2.5,3100.0,69400.0,6.0,0,0.194,1.176,OWN,medical,0
23,59000.0,0.5,21900.0,32400.0,9.5,0,0.437,0.549,OWN,home_improvement,0
35,118000.0,2.3,22200.0,32400.0,11.7,0,0.221,0.275,MORTGAGE,debt_consolidation,0
22,36000.0,0.8,6500.0,41800.0,3.3,0,0.32,1.161,RENT,business,1
63,74000.0,4.1,8600.0,6000.0,9.7,1,0.126,0.081,RENT,home_improvement,0
52,83000.0,7.9,39900.0,50400.0,0.0,0,0.554,0.607,RENT,other,0
31,67000.0,6.5,38800.0,65300.0,0.0,1,0.696,0.975,MORTGAGE,debt_consolidation,1
29,32000.0,14.9,12100.0,30000.0,10.8,1,0.491,0.938,OWN,other,1
25,92000.0,0.0,52200.0,24600.0,5.9,0,0.599,0.267,MORTGAGE,education,0
41,85000.0,8.1,45100.0,73400.0,3.7,0,0.634,0.864,MORTGAGE,home_improvement,0
54,64000.0,6.0,8400.0,49000.0,7.7,1,0.223,0.766,RENT,home_improvement,0
46,54000.0,9.7,5000.0,44600.0,6.0,0,0.192,0.826,MORTGAGE,business,0
59,54000.0,9.2,6900.0,19200.0,3.1,0,0.17,0.356,RENT,business,0
36,47000.0,5.3,2700.0,46200.0,0.0,0,0.175,0.983,RENT,education,0
33,65000.0,6.8,22700.0,45100.0,0.0,1,0.432,0.694,RENT,education,0
42,50000.0,2.7,8500.0,44200.0,11.7,0,0.276,0.884,OWN,other,0
29,33000.0,8.8,18100.0,37300.0,5.9,1,0.684,1.13,RENT,education,1
63,31000.0,0.0,11400.0,32000.0,12.8,0,0.492,1.032,OWN,home_improvement,0
29,35000.0,9.5,7600.0,33200.0,5.8,0,0.331,0.949,MORTGAGE,other,0
42,54000.0,5.9,31900.0,20700.0,9.8,0,0.637,0.383,MORTGAGE,business,0
43,48000.0,3.8,27500.0,5400.0,7.4,2,0.586,0.112,OWN,medical,1
23,54000.0,5.0,25200.0,38400.0,8.2,0,0.552,0.711,OWN,debt_consolidation,0
41,61000.0,5.3,29000.0,5500.0,8.5,0,0.486,0.09,RENT,education,0
41,37000.0,11.8,21700.0,32200.0,5.8,1,0.691,0.87,RENT,other,0
32,95000.0,20.6,34200.0,85200.0,1.9,0,0.468,0.897,RENT,other,1
26,43000.0,11.5,22700.0,30000.0,11.8,0,0.612,0.698,MORTGAGE,business,0
22,40000.0,3.5,1600.0,9700.0,16.0,0,0.069,0.242,RENT,education,0
21,61000.0,8.8,20300.0,64500.0,16.3,1,0.46,1.057,MORTGAGE,other,0
42,21000.0,9.0,6300.0,15400.0,5.2,0,0.388,0.733,RENT,medical,0
24,34000.0,1.8,800.0,21800.0,4.3,0,0.1,0.641,OWN,debt_consolidation,0
63,76000.0,0.3,4000.0,53400.0,5.2,1,0.137,0.703,OWN,education,0
31,22000.0,5.7,300.0,3200.0,7.1,0,0.031,0.145,MORTGAGE,home_improvement,0
49,81000.0,9.6,14300.0,73000.0,7.7,0,0.285,0.901,MORTGAGE,business,0
50,97000.0,0.0,3100.0,11600.0,3.0,1,0.046,0.12,RENT,home_improvement,0
42,42000.0,2.8,10700.0,30000.0,0.6,0,0.34,0.714,RENT,business,0
59,56000.0,8.6,27300.0,13700.0,8.2,1,0.517,0.245,MORTGAGE,home_improvement,0
25,81000.0,6.2,29800.0,23400.0,0.0,0,0.403,0.289,OWN,medical,0
31,40000.0,12.4,16200.0,12700.0,7.5,0,0.443,0.318,RENT,home_improvement,1
32,72000.0,0.0,1400.0,4800.0,3.3,1,0.027,0.067,MORTGAGE,home_improvement,0
26,36000.0,16.6,18100.0,38700.0,11.9,0,0.632,1.075,MORTGAGE,business,0
33,40000.0,0.0,3500.0,39000.0,13.2,0,0.204,0.975,RENT,other,0
34,34000.0,0.0,6200.0,2900.0,13.4,0,0.193,0.085,OWN,business,0
54,57000.0,5.7,17700.0,6600.0,6.3,0,0.324,0.116,OWN,medical,0
34,83000.0,0.9,46300.0,78900.0,2.3,0,0.672,0.951,RENT,other,1
59,45000.0,5.8,27000.0,2600.0,3.9,0,0.607,0.058,MORTGAGE,business,0
54,28000.0,5.7,13100.0,16500.0,9.4,0,0.539,0.589,RENT,other,0
60,30000.0,5.1,13100.0,5200.0,0.0,0,0.457,0.173,MORTGAGE,debt_consolidation,0
25,59000.0,2.2,18700.0,43100.0,15.0,0,0.405,0.731,OWN,business,0
64,112000.0,7.9,44700.0,134200.0,6.3,0,0.543,1.198,RENT,medical,0
48,59000.0,4.6,5100.0,14600.0,10.5,0,0.116,0.247,OWN,business,0
64,41000.0,11.0,6600.0,47200.0,0.0,1,0.299,1.151,OWN,other,1
36,69000.0,5.2,40800.0,72100.0,3.4,0,0.717,1.045,MORTGAGE,medical,0
62,44000.0,1.7,25900.0,52100.0,0.0,0,0.731,1.184,RENT,business,1
46,41000.0,0.0,7900.0,38200.0,13.1,0,0.304,0.932,RENT,other,0
24,32000.0,5.2,4600.0,33100.0,7.2,1,0.268,1.034,MORTGAGE,debt_consolidation,0
39,92000.0,0.3,12700.0,67500.0,10.9,0,0.226,0.734,RENT,business,0
27,16000.0,0.0,4700.0,16800.0,8.3,0,0.42,1.05,RENT,business,0
62,70000.0,8.4,9400.0,12500.0,10.3,0,0.156,0.179,RENT,home_improvement,0
34,40000.0,0.0,15600.0,36100.0,6.3,2,0.498,0.902,MORTGAGE,debt_consolidation,1
30,41000.0,12.4,1800.0,31700.0,7.0,0,0.137,0.773,RENT,medical,0
45,105000.0,6.7,6500.0,12500.0,7.5,0,0.076,0.119,RENT,education,0
39,36000.0,5.8,6000.0,13900.0,10.0,0,0.213,0.386,MORTGAGE,home_improvement,0
25,36000.0,1.3,16800.0,10700.0,10.2,0,0.502,0.297,RENT,home_improvement,0
56,46000.0,9.4,8900.0,23700.0,22.1,0,0.255,0.515,RENT,medical,0
58,59000.0,6.0,16700.0,16400.0,16.4,0,0.316,0.278,RENT,home_improvement,0
53,40000.0,2.9,15800.0,14600.0,0.0,0,0.439,0.365,RENT,debt_consolidation,0
48,24000.0,6.9,11400.0,9400.0,7.3,0,0.522,0.392,RENT,debt_consolidation,0
38,33000.0,0.0,6100.0,24400.0,6.0,1,0.274,0.739,RENT,home_improvement,0
44,87000.0,0.0,38200.0,17800.0,14.4,0,0.464,0.205,MORTGAGE,medical,0
43,51000.0,1.0,8800.0,16700.0,6.4,1,0.212,0.327,RENT,medical,0
28,60000.0,7.6,23200.0,24900.0,10.3,0,0.436,0.415,RENT,business,0
24,44000.0,6.0,11900.0,24900.0,0.0,1,0.338,0.566,MORTGAGE,medical,0
32,36000.0,10.7,20000.0,3400.0,0.4,2,0.567,0.094,MORTGAGE,home_improvement,1
40,104000.0,1.9,61300.0,124700.0,18.5,0,0.733,1.199,RENT,other,0
28,45000.0,8.6,20900.0,17800.0,8.3,0,0.512,0.396,OWN,medical,1
25,40000.0,5.5,22000.0,15200.0,3.0,1,0.596,0.38,MORTGAGE,medical,0
58,80000.0,1.8,6600.0,55000.0,9.2,1,0.165,0.688,MORTGAGE,education,0
37,35000.0,7.7,13700.0,36100.0,2.7,1,0.515,1.031,MORTGAGE,education,0
46,38000.0,5.7,4500.0,21900.0,6.6,1,0.188,0.576,RENT,other,0
44,49000.0,3.2,8100.0,16500.0,0.7,0,0.206,0.337,MORTGAGE,education,0
53,49000.0,6.2,15400.0,34300.0,4.1,0,0.398,0.7,MORTGAGE,business,0
53,55000.0,5.4,24500.0,33300.0,5.9,0,0.518,0.605,OWN,debt_consolidation,0
34,126000.0,5.3,54500.0,67600.0,13.6,0,0.497,0.537,OWN,other,0
58,57000.0,4.1,29700.0,67300.0,10.3,0,0.663,1.181,RENT,business,0
37,17000.0,0.1,5700.0,20300.0,11.2,0,0.479,1.194,OWN,business,0
57,57000.0,6.3,31700.0,39700.0,7.9,2,0.64,0.696,MORTGAGE,home_improvement,0
38,50000.0,2.4,26600.0,6400.0,12.1,0,0.547,0.128,MORTGAGE,medical,0
25,50000.0,1.4,25500.0,35100.0,3.6,1,0.594,0.702,OWN,business,1
54,55000.0,4.9,7600.0,63000.0,4.3,0,0.276,1.145,RENT,debt_consolidation,0
22,48000.0,9.3,15300.0,53500.0,10.0,0,0.452,1.115,RENT,medical,1
54,48000.0,6.8,21200.0,14300.0,6.6,2,0.477,0.298,OWN,other,1
22,65000.0,3.6,38100.0,17500.0,7.9,2,0.618,0.269,RENT,other,0
30,38000.0,3.4,300.0,8600.0,7.2,0,0.035,0.226,MORTGAGE,business,0
47,32000.0,8.9,6300.0,31800.0,14.3,0,0.316,0.994,OWN,other,1
62,191000.0,0.0,39200.0,117200.0,14.5,0,0.279,0.614,OWN,home_improvement,0
38,36000.0,9.6,6200.0,15800.0,4.9,2,0.225,0.439,RENT,business,0
26,51000.0,0.0,25000.0,21600.0,0.0,1,0.541,0.424,MORTGAGE,home_improvement,1
31,25000.0,0.0,700.0,9200.0,4.4,1,0.072,0.368,RENT,other,0
60,52000.0,3.7,11200.0,55400.0,3.5,3,0.343,1.065,OWN,medical,1
52,32000.0,15.8,13700.0,16700.0,12.2,0,0.491,0.522,MORTGAGE,business,0
25,40000.0,13.5,9800.0,13200.0,12.6,3,0.285,0.33,MORTGAGE,home_improvement,0
37,78000.0,9.2,6700.0,67600.0,2.8,0,0.19,0.867,OWN,home_improvement,0
32,61000.0,7.6,22400.0,47600.0,4.2,1,0.461,0.78,MORTGAGE,other,1
28,63000.0,0.0,19800.0,55000.0,0.6,1,0.419,0.873,MORTGAGE,other,0
58,22000.0,6.7,13000.0,21900.0,8.7,1,0.71,0.995,MORTGAGE,home_improvement,0
48,112000.0,3.5,50300.0,18600.0,7.8,0,0.469,0.166,MORTGAGE,education,0
28,29000.0,2.3,17200.0,1500.0,11.9,0,0.599,0.052,MORTGAGE,debt_consolidation,0
49,98000.0,6.7,11000.0,10600.0,10.5,0,0.125,0.108,OWN,medical,0
39,78000.0,3.9,35600.0,67300.0,11.1,0,0.56,0.863,RENT,debt_consolidation,0
23,64000.0,9.9,21200.0,72000.0,0.3,3,0.466,1.125,RENT,debt_consolidation,0
40,33000.0,0.0,14100.0,14200.0,4.9,1,0.479,0.43,MORTGAGE,medical,1
29,52000.0,6.3,14600.0,49300.0,12.7,0,0.395,0.948,RENT,other,0
31,40000.0,2.0,5100.0,35500.0,5.3,0,0.234,0.888,MORTGAGE,business,1
59,50000.0,4.2,1400.0,58700.0,0.0,0,0.169,1.174,MORTGAGE,business,0
52,44000.0,7.4,22100.0,26000.0,12.0,0,0.573,0.591,RENT,medical,0
26,20000.0,1.0,9800.0,4800.0,5.1,1,0.519,0.24,MORTGAGE,home_improvement,0
58,81000.0,6.7,7900.0,75300.0,13.3,0,0.209,0.93,RENT,home_improvement,0
46,47000.0,5.0,18200.0,46600.0,7.9,0,0.506,0.991,MORTGAGE,medical,0
59,39000.0,3.0,17300.0,33700.0,6.6,1,0.547,0.864,RENT,other,1
53,38000.0,3.9,12700.0,39600.0,14.8,0,0.459,1.042,RENT,debt_consolidation,1
35,58000.0,5.3,11000.0,27700.0,1.5,1,0.247,0.478,RENT,education,0
44,33000.0,2.5,17400.0,27800.0,15.2,0,0.628,0.842,MORTGAGE,home_improvement,0
44,18000.0,6.0,6900.0,6400.0,4.8,0,0.426,0.356,MORTGAGE,debt_consolidation,0
52,59000.0,4.7,25500.0,33200.0,8.8,1,0.5,0.563,MORTGAGE,education,1
31,62000.0,3.2,24300.0,20400.0,8.9,0,0.431,0.329,RENT,home_improvement,0
35,45000.0,13.2,19500.0,10200.0,5.9,0,0.461,0.227,MORTGAGE,home_improvement,0
31,29000.0,7.9,2500.0,2600.0,4.2,0,0.097,0.09,MORTGAGE,education,0
34,51000.0,4.3,28200.0,41900.0,6.2,0,0.652,0.822,MORTGAGE,business,0
28,25000.0,6.7,4300.0,26400.0,2.9,1,0.299,1.056,RENT,medical,0
22,31000.0,1.4,15600.0,12800.0,17.8,0,0.553,0.413,MORTGAGE,medical,0
62,35000.0,4.0,18800.0,19000.0,5.6,1,0.602,0.543,MORTGAGE,medical,1
24,72000.0,4.6,28100.0,3900.0,13.8,0,0.397,0.054,MORTGAGE,home_improvement,0
60,42000.0,0.4,15100.0,22000.0,13.1,0,0.422,0.524,MORTGAGE,debt_consolidation,0
21,40000.0,7.7,2600.0,14900.0,9.8,0,0.11,0.372,RENT,debt_consolidation,0
55,118000.0,3.7,30900.0,83800.0,7.3,0,0.347,0.71,RENT,other,0
35,57000.0,4.4,20900.0,62400.0,9.0,0,0.498,1.095,OWN,other,1
43,57000.0,3.4,2800.0,36000.0,10.9,0,0.125,0.632,MORTGAGE,education,0
33,42000.0,19.3,2800.0,34700.0,8.5,0,0.166,0.826,MORTGAGE,business,0
42,37000.0,3.0,22100.0,31900.0,0.2,1,0.701,0.862,MORTGAGE,home_improvement,1
40,18000.0,0.0,3600.0,4100.0,0.0,1,0.227,0.228,RENT,home_improvement,0
44,76000.0,0.0,15900.0,34100.0,15.5,1,0.263,0.449,RENT,business,0
38,60000.0,9.4,9100.0,10800.0,0.0,0,0.173,0.18,MORTGAGE,other,0
44,45000.0,12.0,17400.0,25100.0,9.0,0,0.454,0.558,RENT,medical,0
57,46000.0,2.9,13100.0,49200.0,6.8,0,0.413,1.07,OWN,other,0
40,68000.0,11.8,32200.0,41000.0,8.8,1,0.546,0.603,RENT,other,0
36,24000.0,9.3,7400.0,13800.0,2.3,0,0.377,0.575,MORTGAGE,debt_consolidation,1
26,38000.0,5.1,400.0,11000.0,9.8,0,0.045,0.289,RENT,education,0
36,29000.0,4.8,8400.0,11800.0,9.0,1,0.338,0.407,OWN,education,0
26,109000.0,6.8,3600.0,122900.0,21.8,0,0.168,1.128,OWN,home_improvement,0
29,73000.0,9.9,36200.0,29100.0,8.6,2,0.544,0.399,RENT,home_improvement,0
62,18000.0,7.8,1200.0,16000.0,14.7,0,0.173,0.889,MORTGAGE,other,0
24,25000.0,3.0,3300.0,2500.0,0.5,0,0.144,0.1,OWN,home_improvement,0
42,46000.0,5.2,12700.0,9100.0,13.1,0,0.3,0.198,MORTGAGE,education,0
57,40000.0,14.9,4700.0,16300.0,9.1,0,0.166,0.408,RENT,education,0
62,27000.0,7.1,8700.0,29300.0,9.3,0,0.452,1.085,MORTGAGE,medical,0
27,118000.0,9.9,32600.0,35700.0,9.4,0,0.313,0.303,RENT,medical,0
28,56000.0,8.4,32000.0,49600.0,16.5,0,0.678,0.886,RENT,debt_consolidation,0
37,61000.0,7.2,3200.0,14800.0,9.3,0,0.082,0.243,OWN,education,0
45,36000.0,6.5,12500.0,27200.0,4.1,1,0.438,0.756,OWN,education,1
63,68000.0,10.0,29400.0,49300.0,4.9,2,0.519,0.725,RENT,debt_consolidation,0
30,41000.0,9.2,3100.0,31400.0,12.1,0,0.168,0.766,RENT,other,0
28,43000.0,7.2,16400.0,16300.0,10.2,1,0.427,0.379,RENT,medical,0
32,65000.0,2.9,33700.0,15400.0,0.3,0,0.547,0.237,OWN,other,0
59,24000.0,7.7,11300.0,25700.0,10.6,1,0.599,1.071,OWN,other,0
22,101000.0,5.7,56700.0,71200.0,2.6,0,0.646,0.705,OWN,other,1
37,53000.0,4.6,22900.0,15600.0,10.2,0,0.467,0.294,RENT,home_improvement,1
26,87000.0,18.1,20600.0,45700.0,4.0,0,0.3,0.525,RENT,business,0
27,30000.0,0.0,16600.0,3800.0,6.6,1,0.569,0.127,MORTGAGE,debt_consolidation,0
61,32000.0,10.3,4300.0,19100.0,5.3,0,0.206,0.597,RENT,medical,0
21,29000.0,2.1,10200.0,15600.0,15.6,0,0.416,0.538,RENT,other,1
35,55000.0,6.6,25300.0,11100.0,10.0,0,0.484,0.202,RENT,medical,0
61,50000.0,17.6,26200.0,28100.0,14.3,0,0.591,0.562,MORTGAGE,home_improvement,0
47,40000.0,1.7,22000.0,31400.0,22.5,0,0.644,0.785,MORTGAGE,debt_consolidation,1
24,31000.0,2.7,1600.0,34700.0,8.2,0,0.186,1.119,MORTGAGE,education,0
41,28000.0,5.9,12200.0,24000.0,15.5,0,0.539,0.857,RENT,business,1
63,48000.0,2.2,5900.0,30100.0,4.5,1,0.198,0.627,MORTGAGE,other,1
38,40000.0,10.0,18700.0,37400.0,14.3,0,0.58,0.935,MORTGAGE,business,0
44,36000.0,3.6,15100.0,13400.0,4.0,0,0.464,0.372,RENT,education,0
44,98000.0,8.9,10700.0,80300.0,7.9,0,0.208,0.819,MORTGAGE,business,0
50,47000.0,0.0,23500.0,2600.0,10.7,0,0.507,0.055,MORTGAGE,business,0
29,87000.0,0.0,24100.0,11600.0,11.5,0,0.293,0.133,RENT,education,0
57,39000.0,5.0,12700.0,29900.0,1.6,1,0.418,0.767,OWN,home_improvement,0
64,55000.0,0.0,32100.0,14900.0,3.7,3,0.616,0.271,MORTGAGE,home_improvement,1
27,48000.0,12.8,18900.0,40400.0,11.1,0,0.495,0.842,MORTGAGE,business,0
57,23000.0,0.0,8100.0,18000.0,6.2,0,0.446,0.783,OWN,business,0
56,93000.0,1.3,900.0,11500.0,1.0,1,0.025,0.124,MORTGAGE,home_improvement,0
53,46000.0,7.9,5500.0,23100.0,7.6,1,0.18,0.502,MORTGAGE,other,0
37,69000.0,3.4,1100.0,52100.0,7.4,0,0.107,0.755,RENT,debt_consolidation,0
41,35000.0,0.0,7000.0,30500.0,8.9,0,0.305,0.871,MORTGAGE,education,0
57,46000.0,15.2,9500.0,45500.0,10.6,0,0.325,0.989,OWN,education,0
27,33000.0,1.5,10500.0,14200.0,10.3,1,0.37,0.43,OWN,debt_consolidation,0
57,85000.0,5.1,35200.0,86000.0,4.2,0,0.536,1.012,MORTGAGE,business,0
61,56000.0,5.1,6000.0,25600.0,5.9,0,0.162,0.457,MORTGAGE,other,0
51,58000.0,9.2,20900.0,3400.0,12.6,0,0.367,0.059,MORTGAGE,home_improvement,0
36,90000.0,8.1,49500.0,67600.0,5.3,1,0.64,0.751,MORTGAGE,business,0
45,82000.0,2.3,9100.0,26900.0,6.0,1,0.15,0.328,RENT,other,0
23,69000.0,4.5,27300.0,13300.0,0.5,0,0.419,0.193,MORTGAGE,business,0
61,26000.0,5.0,700.0,9000.0,7.9,0,0.068,0.346,MORTGAGE,education,0
36,36000.0,9.4,11500.0,36100.0,9.7,0,0.44,1.003,MORTGAGE,other,1
23,31000.0,0.7,13800.0,34100.0,0.0,0,0.577,1.1,MORTGAGE,education,1
55,68000.0,15.1,1400.0,78600.0,2.6,0,0.159,1.156,OWN,business,0
49,53000.0,2.6,10600.0,21100.0,0.9,0,0.248,0.398,OWN,business,0
48,26000.0,6.0,13700.0,14900.0,11.9,0,0.596,0.573,OWN,medical,0
23,45000.0,0.8,6100.0,43800.0,0.0,1,0.252,0.973,OWN,home_improvement,0
54,25000.0,0.2,10800.0,10400.0,7.6,0,0.482,0.416,MORTGAGE,business,0
49,48000.0,2.1,17600.0,23700.0,11.6,0,0.426,0.494,MORTGAGE,home_improvement,0
55,23000.0,1.6,2300.0,7400.0,8.9,0,0.139,0.322,RENT,education,0
57,62000.0,4.1,27600.0,43900.0,5.8,1,0.53,0.708,OWN,medical,0
30,58000.0,1.6,18500.0,46900.0,9.7,1,0.416,0.809,RENT,home_improvement,0
30,116000.0,9.1,7800.0,48300.0,13.2,0,0.117,0.416,MORTGAGE,business,0
61,72000.0,2.5,41000.0,5600.0,7.5,0,0.579,0.078,RENT,home_improvement,0
44,41000.0,2.0,12100.0,36700.0,0.0,0,0.403,0.895,MORTGAGE,debt_consolidation,1
40,71000.0,4.2,31700.0,53900.0,13.7,0,0.538,0.759,RENT,business,0
33,26000.0,10.5,3400.0,7800.0,10.0,0,0.167,0.3,MORTGAGE,other,0
49,32000.0,7.0,2600.0,13200.0,7.8,0,0.131,0.412,OWN,home_improvement,0
54,57000.0,5.6,25400.0,65600.0,0.0,0,0.584,1.151,RENT,medical,0
21,19000.0,0.0,7700.0,14700.0,6.5,1,0.498,0.774,RENT,other,0
45,48000.0,0.9,7900.0,35300.0,3.6,2,0.253,0.735,OWN,education,1
64,31000.0,0.2,13900.0,24400.0,1.9,1,0.543,0.787,RENT,education,0
33,51000.0,11.9,15500.0,58500.0,7.3,2,0.442,1.147,MORTGAGE,business,1
33,30000.0,8.4,6300.0,13200.0,5.3,1,0.263,0.44,OWN,medical,0
59,59000.0,2.1,27900.0,22000.0,5.6,1,0.518,0.373,MORTGAGE,debt_consolidation,0
23,49000.0,3.5,18100.0,23700.0,11.7,0,0.427,0.484,RENT,debt_consolidation,0
38,92000.0,2.3,28000.0,89300.0,9.3,0,0.421,0.971,MORTGAGE,education,1
41,49000.0,2.0,22700.0,9300.0,5.5,1,0.486,0.19,OWN,education,0
56,35000.0,8.1,11400.0,10100.0,4.9,0,0.36,0.289,RENT,medical,0
26,44000.0,4.7,24800.0,13700.0,5.7,0,0.601,0.311,MORTGAGE,education,0
40,27000.0,15.4,13300.0,21100.0,6.8,1,0.586,0.781,RENT,debt_consolidation,0
27,59000.0,11.6,12700.0,46500.0,10.9,0,0.31,0.788,OWN,business,0
55,64000.0,11.9,17900.0,30600.0,2.8,1,0.337,0.478,RENT,education,1
48,149000.0,9.0,85600.0,54800.0,15.3,0,0.619,0.368,RENT,debt_consolidation,0
42,37000.0,4.1,19900.0,34000.0,10.9,1,0.648,0.919,RENT,medical,1
38,43000.0,8.7,4900.0,3700.0,0.0,0,0.124,0.086,OWN,education,0
27,38000.0,4.4,6300.0,34200.0,8.4,0,0.274,0.9,MORTGAGE,medical,0
61,54000.0,13.3,11800.0,15800.0,13.2,3,0.254,0.293,RENT,other,0
49,58000.0,7.8,30600.0,63100.0,9.9,0,0.658,1.088,RENT,home_improvement,1
35,48000.0,7.2,26700.0,25200.0,5.9,0,0.619,0.525,OWN,business,0
39,80000.0,6.6,38500.0,63100.0,7.7,0,0.576,0.789,RENT,debt_consolidation,0
52,37000.0,13.8,6100.0,7000.0,8.9,0,0.188,0.189,MORTGAGE,business,0
52,76000.0,0.0,40500.0,26000.0,11.8,0,0.574,0.342,MORTGAGE,education,0
41,62000.0,14.3,1200.0,53100.0,0.9,0,0.122,0.856,MORTGAGE,business,1
34,49000.0,5.2,12400.0,33500.0,5.0,1,0.335,0.684,MORTGAGE,debt_consolidation,0
50,43000.0,0.0,9700.0,40300.0,16.2,1,0.338,0.937,OWN,medical,0
49,146000.0,2.6,46900.0,101900.0,8.2,0,0.405,0.698,RENT,home_improvement,0
47,34000.0,0.0,11400.0,24000.0,15.6,0,0.42,0.706,MORTGAGE,education,0
24,56000.0,8.9,7600.0,58100.0,22.9,1,0.26,1.038,RENT,home_improvement,0
41,35000.0,1.3,4300.0,18800.0,5.5,2,0.187,0.537,MORTGAGE,education,0
48,109000.0,6.8,52600.0,117600.0,2.0,1,0.612,1.079,MORTGAGE,business,0
62,73000.0,11.1,3300.0,34900.0,6.7,0,0.103,0.478,MORTGAGE,debt_consolidation,0
44,36000.0,3.0,10700.0,15400.0,13.5,0,0.349,0.428,OWN,medical,0
36,62000.0,4.8,7100.0,58700.0,14.2,1,0.228,0.947,OWN,home_improvement,0
45,55000.0,0.1,10500.0,3500.0,19.4,0,0.199,0.064,RENT,education,0
28,39000.0,4.3,6500.0,9700.0,7.8,0,0.197,0.249,MORTGAGE,medical,0
24,69000.0,17.6,29300.0,9100.0,10.4,0,0.44,0.132,MORTGAGE,debt_consolidation,0
50,58000.0,9.5,15900.0,37100.0,4.4,2,0.351,0.64,OWN,other,0
64,54000.0,4.8,9700.0,41700.0,0.0,0,0.272,0.772,RENT,business,0
58,48000.0,3.2,23900.0,3000.0,7.8,2,0.505,0.062,MORTGAGE,medical,1
46,60000.0,5.8,3100.0,14100.0,2.2,0,0.08,0.235,MORTGAGE,other,0
22,54000.0,6.6,24800.0,21500.0,11.2,0,0.507,0.398,RENT,education,0
64,50000.0,4.1,7400.0,19400.0,0.0,0,0.195,0.388,MORTGAGE,debt_consolidation,0
40,37000.0,8.4,20400.0,6000.0,4.3,0,0.571,0.162,RENT,business,0
33,105000.0,1.7,400.0,26100.0,9.3,1,0.034,0.249,RENT,medical,0
60,31000.0,1.7,10400.0,31700.0,9.9,0,0.458,1.023,MORTGAGE,education,0
53,59000.0,7.7,22000.0,50500.0,7.8,1,0.476,0.856,RENT,debt_consolidation,0
53,42000.0,0.7,14500.0,16400.0,17.3,0,0.392,0.39,RENT,home_improvement,0
33,108000.0,9.3,52800.0,38100.0,15.8,0,0.531,0.353,MORTGAGE,medical,0
64,33000.0,5.9,2200.0,4700.0,4.6,0,0.084,0.142,MORTGAGE,debt_consolidation,0
40,35000.0,0.0,8700.0,15800.0,16.0,0,0.303,0.451,MORTGAGE,medical,0
44,32000.0,6.5,16600.0,16200.0,16.8,0,0.58,0.506,OWN,business,0
54,57000.0,0.0,30400.0,62100.0,7.4,0,0.664,1.089,MORTGAGE,education,1
50,26000.0,9.1,7800.0,23500.0,8.2,0,0.408,0.904,RENT,medical,0
28,40000.0,4.9,13400.0,24000.0,7.7,1,0.407,0.6,RENT,home_improvement,0
34,19000.0,14.3,8700.0,3900.0,4.8,2,0.483,0.205,MORTGAGE,medical,0
36,55000.0,10.8,25700.0,44300.0,5.3,0,0.564,0.805,RENT,home_improvement,0
62,39000.0,1.2,20800.0,43900.0,14.6,0,0.668,1.126,OWN,business,1
52,25000.0,0.0,12700.0,3500.0,10.2,1,0.525,0.14,MORTGAGE,medical,0
37,80000.0,2.6,19900.0,82100.0,5.2,0,0.372,1.026,MORTGAGE,medical,0
53,27000.0,0.5,10500.0,6900.0,3.4,0,0.42,0.256,OWN,home_improvement,0
53,70000.0,14.2,20300.0,60000.0,4.2,1,0.393,0.857,MORTGAGE,education,0
38,36000.0,6.0,2500.0,9400.0,7.2,1,0.101,0.261,MORTGAGE,medical,0
38,101000.0,10.2,49800.0,74700.0,12.6,0,0.582,0.74,MORTGAGE,medical,0
60,69000.0,4.7,24900.0,22300.0,3.7,0,0.4,0.323,RENT,business,0
45,31000.0,5.2,1100.0,20900.0,12.5,0,0.116,0.674,MORTGAGE,debt_consolidation,0
27,32000.0,5.9,13000.0,23700.0,9.0,3,0.495,0.741,RENT,home_improvement,0
52,64000.0,11.0,10900.0,48700.0,8.7,0,0.262,0.761,MORTGAGE,home_improvement,0
46,44000.0,7.4,1800.0,36700.0,13.1,0,0.141,0.834,OWN,education,0
43,45000.0,1.2,16400.0,5800.0,12.2,0,0.38,0.129,MORTGAGE,medical,0
52,87000.0,13.3,38200.0,74700.0,1.0,1,0.542,0.859,RENT,medical,1
60,35000.0,4.7,10900.0,8000.0,2.6,1,0.339,0.229,RENT,debt_consolidation,0
35,51000.0,4.0,200.0,42300.0,6.9,0,0.103,0.829,OWN,debt_consolidation,0
39,75000.0,0.0,26000.0,14400.0,9.8,1,0.37,0.192,RENT,business,0
29,71000.0,8.9,300.0,42700.0,14.8,0,0.076,0.601,MORTGAGE,medical,0
49,46000.0,6.5,25600.0,22800.0,8.3,1,0.616,0.496,MORTGAGE,debt_consolidation,0
38,43000.0,6.4,6900.0,50000.0,16.5,0,0.3,1.163,RENT,other,0
36,22000.0,4.2,11500.0,17100.0,4.5,0,0.616,0.777,MORTGAGE,education,0
51,30000.0,3.4,200.0,4500.0,5.3,0,0.025,0.15,RENT,medical,1
38,57000.0,4.3,3300.0,48800.0,6.5,1,0.161,0.856,MORTGAGE,education,0
41,46000.0,8.1,12500.0,12600.0,3.9,0,0.305,0.274,RENT,home_improvement,0
40,51000.0,8.9,23200.0,19300.0,13.8,0,0.5,0.378,RENT,business,0
32,78000.0,5.0,44100.0,37800.0,0.0,1,0.624,0.485,RENT,education,0
26,29000.0,10.3,9100.0,27300.0,5.5,1,0.427,0.941,OWN,debt_consolidation,0
57,44000.0,5.6,9400.0,50000.0,13.7,0,0.35,1.136,MORTGAGE,home_improvement,0
25,53000.0,3.7,1400.0,59000.0,6.4,0,0.16,1.113,OWN,business,0
35,36000.0,6.9,12600.0,8900.0,13.4,0,0.38,0.247,MORTGAGE,medical,0
50,93000.0,0.0,21200.0,11100.0,19.0,0,0.242,0.119,OWN,education,0
26,74000.0,7.0,40400.0,74200.0,8.4,0,0.666,1.003,MORTGAGE,business,1
49,56000.0,0.0,16100.0,21400.0,13.8,0,0.333,0.382,MORTGAGE,home_improvement,0
53,110000.0,1.4,50500.0,79200.0,20.1,0,0.545,0.72,MORTGAGE,debt_consolidation,0
50,25000.0,0.0,12700.0,29400.0,10.0,0,0.649,1.176,RENT,debt_consolidation,1
34,49000.0,5.2,2900.0,13000.0,7.8,0,0.091,0.265,OWN,debt_consolidation,0
21,58000.0,13.2,15300.0,27900.0,12.5,0,0.322,0.481,OWN,other,0
60,32000.0,5.5,17200.0,33500.0,13.9,0,0.663,1.047,RENT,other,0
35,56000.0,8.9,14300.0,44700.0,7.8,0,0.351,0.798,OWN,education,1
56,30000.0,16.6,10200.0,33800.0,5.6,0,0.475,1.127,RENT,education,0
29,67000.0,7.8,35100.0,52000.0,16.6,0,0.617,0.776,MORTGAGE,education,0
28,79000.0,2.6,11000.0,31500.0,6.6,0,0.187,0.399,OWN,medical,0
55,55000.0,3.2,29500.0,53700.0,14.0,0,0.654,0.976,RENT,home_improvement,0
62,21000.0,6.0,5000.0,19400.0,9.3,0,0.349,0.924,RENT,medical,0
58,32000.0,3.2,11400.0,36000.0,17.1,0,0.491,1.125,MORTGAGE,medical,0
54,63000.0,3.5,12400.0,37600.0,3.8,0,0.268,0.597,MORTGAGE,other,0
31,49000.0,10.4,15500.0,30800.0,3.7,0,0.392,0.629,MORTGAGE,home_improvement,0
61,15000.0,10.6,400.0,6300.0,12.3,0,0.077,0.42,MORTGAGE,business,0
50,86000.0,0.0,3400.0,30900.0,2.3,0,0.083,0.359,RENT,debt_consolidation,0
28,52000.0,2.3,12900.0,62200.0,8.6,1,0.392,1.196,RENT,debt_consolidation,0
26,34000.0,3.9,6800.0,39900.0,15.7,0,0.341,1.174,OWN,business,0
59,77000.0,8.7,28400.0,50800.0,0.0,1,0.448,0.66,MORTGAGE,other,1
33,36000.0,11.1,800.0,41300.0,10.0,0,0.16,1.147,MORTGAGE,other,0
54,36000.0,18.2,3600.0,16500.0,14.1,0,0.155,0.458,RENT,debt_consolidation,0
27,58000.0,3.9,7300.0,59600.0,7.9,0,0.249,1.028,OWN,education,0
33,109000.0,4.1,28800.0,85000.0,3.4,1,0.358,0.78,RENT,education,0
33,102000.0,8.6,15100.0,89200.0,6.7,1,0.253,0.875,RENT,home_improvement,0
33,58000.0,2.9,4800.0,50800.0,3.8,1,0.188,0.876,RENT,home_improvement,1
50,60000.0,5.4,21500.0,46900.0,8.3,1,0.452,0.782,MORTGAGE,education,0
61,70000.0,4.1,31200.0,72100.0,6.6,2,0.569,1.03,RENT,debt_consolidation,1
61,28000.0,0.0,11500.0,14000.0,5.4,1,0.471,0.5,RENT,other,1
53,66000.0,6.6,10900.0,67800.0,10.3,0,0.288,1.027,MORTGAGE,home_improvement,0
29,35000.0,5.2,17900.0,9100.0,15.9,0,0.543,0.26,MORTGAGE,medical,0
63,57000.0,11.7,20900.0,16000.0,9.6,1,0.4,0.281,RENT,business,1
44,44000.0,6.0,16200.0,38500.0,14.7,0,0.473,0.875,MORTGAGE,debt_consolidation,0
45,61000.0,0.4,7800.0,55700.0,15.9,0,0.237,0.913,RENT,home_improvement,0
51,52000.0,4.8,7600.0,56600.0,5.1,1,0.277,1.088,RENT,medical,0
54,15000.0,0.0,4300.0,5500.0,9.4,0,0.331,0.367,RENT,other,1
62,53000.0,0.6,7600.0,6100.0,5.9,0,0.157,0.115,OWN,education,0
46,65000.0,8.9,26800.0,41200.0,0.6,0,0.488,0.634,MORTGAGE,other,0
47,60000.0,4.9,11100.0,63400.0,9.8,1,0.312,1.057,RENT,debt_consolidation,0
53,47000.0,10.2,4300.0,54900.0,2.7,2,0.232,1.168,RENT,business,1
32,103000.0,0.0,9400.0,106800.0,10.4,0,0.216,1.037,RENT,other,1
34,56000.0,4.9,4300.0,34400.0,0.2,0,0.15,0.614,MORTGAGE,business,0
48,60000.0,3.9,15800.0,62600.0,8.9,0,0.389,1.043,MORTGAGE,debt_consolidation,0
23,78000.0,10.3,100.0,23100.0,0.1,0,0.037,0.296,RENT,debt_consolidation,0
35,58000.0,9.0,18900.0,64300.0,11.4,0,0.459,1.109,OWN,education,0
52,33000.0,8.9,5900.0,23200.0,6.0,2,0.263,0.703,RENT,medical,0
63,16000.0,12.9,5300.0,8000.0,5.6,1,0.391,0.5,RENT,medical,0
43,40000.0,4.3,22500.0,28800.0,13.6,0,0.649,0.72,RENT,other,0
38,69000.0,12.0,36000.0,65700.0,6.4,3,0.636,0.952,RENT,medical,0
40,42000.0,1.3,14500.0,13700.0,8.6,1,0.384,0.326,OWN,home_improvement,0
51,70000.0,1.1,17600.0,11700.0,7.0,0,0.271,0.167,MORTGAGE,debt_consolidation,0
44,52000.0,9.4,21800.0,46400.0,10.5,0,0.526,0.892,MORTGAGE,other,0
22,88000.0,0.0,48700.0,100800.0,13.2,0,0.691,1.145,RENT,medical,0
44,43000.0,8.6,12600.0,33600.0,12.2,0,0.387,0.781,RENT,business,0
38,61000.0,6.5,3600.0,13100.0,5.7,0,0.085,0.215,MORTGAGE,business,0
51,62000.0,10.8,28500.0,49000.0,14.0,0,0.555,0.79,MORTGAGE,business,0
59,96000.0,5.7,600.0,17700.0,3.4,3,0.028,0.184,RENT,other,0
63,23000.0,6.3,10600.0,9200.0,4.3,1,0.509,0.4,RENT,other,0
47,40000.0,8.3,2000.0,3500.0,7.4,0,0.06,0.088,OWN,home_improvement,0
36,72000.0,3.0,4600.0,44000.0,13.2,0,0.137,0.611,MORTGAGE,home_improvement,1
40,98000.0,2.8,46000.0,41100.0,2.1,0,0.52,0.419,RENT,debt_consolidation,0
28,55000.0,8.1,22800.0,8900.0,12.5,0,0.434,0.162,MORTGAGE,debt_consolidation,0
62,43000.0,5.9,14500.0,17400.0,7.7,1,0.386,0.405,RENT,other,0
58,69000.0,4.2,34000.0,54800.0,5.8,0,0.588,0.794,MORTGAGE,education,0
58,72000.0,5.6,36800.0,27500.0,13.5,0,0.557,0.382,OWN,business,0
35,42000.0,13.2,11500.0,9000.0,4.0,0,0.3,0.214,RENT,medical,0
35,57000.0,4.0,34100.0,38600.0,19.4,1,0.68,0.677,OWN,education,0
58,83000.0,3.9,17800.0,76000.0,7.1,1,0.324,0.916,RENT,debt_consolidation,0
44,115000.0,0.0,11800.0,115500.0,8.7,0,0.223,1.004,RENT,business,0
52,68000.0,5.8,34500.0,40300.0,15.7,0,0.578,0.593,MORTGAGE,business,0
42,50000.0,9.0,12500.0,43400.0,8.9,0,0.354,0.868,MORTGAGE,debt_consolidation,0
40,48000.0,9.8,25200.0,48400.0,13.9,0,0.646,1.008,RENT,home_improvement,0
48,63000.0,6.5,2300.0,51900.0,0.0,0,0.135,0.824,RENT,other,0
56,47000.0,10.3,3100.0,30800.0,5.8,1,0.145,0.655,RENT,other,1
35,53000.0,9.3,1300.0,6300.0,10.0,0,0.039,0.119,RENT,medical,0
56,30000.0,11.0,10800.0,11500.0,13.4,0,0.406,0.383,RENT,other,1
31,88000.0,10.4,43900.0,36800.0,11.8,0,0.549,0.418,RENT,other,0
38,29000.0,13.1,7000.0,14600.0,11.4,0,0.302,0.503,OWN,medical,1
61,40000.0,5.2,2200.0,45700.0,13.3,0,0.192,1.142,MORTGAGE,medical,0
62,51000.0,0.0,11400.0,14800.0,10.4,0,0.258,0.29,OWN,medical,0
61,120000.0,9.0,25100.0,80700.0,0.0,0,0.29,0.672,RENT,business,0
34,41000.0,9.5,15800.0,48800.0,15.2,0,0.528,1.19,RENT,other,0
58,36000.0,13.1,14100.0,27400.0,3.8,1,0.483,0.761,MORTGAGE,home_improvement,0
62,38000.0,11.8,2300.0,11000.0,9.6,0,0.095,0.289,MORTGAGE,home_improvement,0
64,103000.0,14.8,26000.0,118900.0,8.9,1,0.391,1.154,MORTGAGE,debt_consolidation,0
21,15000.0,8.8,5800.0,6600.0,8.2,1,0.439,0.44,RENT,debt_consolidation,0
53,31000.0,7.0,4800.0,3300.0,2.5,0,0.168,0.106,OWN,education,0
64,168000.0,0.0,41000.0,91700.0,0.0,1,0.31,0.546,MORTGAGE,home_improvement,0
54,64000.0,7.4,23600.0,20900.0,3.0,2,0.408,0.327,RENT,other,0
31,30000.0,3.5,7300.0,29800.0,12.1,0,0.363,0.993,MORTGAGE,education,0
54,48000.0,7.0,900.0,14500.0,0.8,1,0.055,0.302,RENT,business,0
25,51000.0,6.2,6800.0,50600.0,3.6,2,0.252,0.992,RENT,home_improvement,1
42,72000.0,8.1,33500.0,6600.0,10.1,0,0.476,0.092,OWN,education,0
48,112000.0,5.6,16700.0,125300.0,2.9,2,0.283,1.119,MORTGAGE,business,1
41,58000.0,10.2,28500.0,5700.0,5.3,1,0.503,0.098,RENT,home_improvement,0
51,38000.0,0.0,10600.0,42900.0,8.4,0,0.414,1.129,RENT,education,0
31,70000.0,6.9,19900.0,9400.0,9.4,1,0.3,0.134,RENT,medical,0
47,36000.0,11.4,16600.0,37900.0,2.8,0,0.587,1.053,OWN,home_improvement,1
49,31000.0,14.4,7100.0,31200.0,8.7,1,0.35,1.006,OWN,medical,1
48,22000.0,9.3,3100.0,16100.0,10.0,0,0.229,0.732,MORTGAGE,medical,1
33,24000.0,13.6,1500.0,2200.0,1.6,0,0.074,0.092,OWN,medical,0
34,33000.0,6.8,13300.0,25200.0,9.1,0,0.495,0.764,RENT,debt_consolidation,0
32,29000.0,6.0,8200.0,22100.0,4.4,0,0.374,0.762,OWN,business,1
41,56000.0,8.4,27200.0,38700.0,8.6,0,0.569,0.691,MORTGAGE,other,1
46,29000.0,6.0,8000.0,22500.0,11.6,1,0.369,0.776,OWN,home_improvement,0
36,15000.0,2.5,3700.0,17400.0,7.1,0,0.386,1.16,OWN,debt_consolidation,1
39,31000.0,3.7,5600.0,37000.0,12.6,0,0.324,1.194,MORTGAGE,medical,0
33,40000.0,1.0,4800.0,25900.0,12.0,1,0.198,0.648,RENT,home_improvement,1
30,37000.0,8.4,18400.0,5800.0,12.5,0,0.516,0.157,RENT,home_improvement,0
49,97000.0,6.1,5500.0,19800.0,10.0,0,0.081,0.204,RENT,medical,0
56,37000.0,4.4,20000.0,32500.0,13.5,0,0.646,0.878,RENT,home_improvement,1
33,73000.0,3.4,1200.0,86100.0,9.9,1,0.158,1.179,RENT,education,0
58,49000.0,8.3,15400.0,27000.0,0.0,0,0.38,0.551,MORTGAGE,home_improvement,0
46,48000.0,9.5,1700.0,7800.0,4.0,0,0.055,0.162,RENT,business,0
28,34000.0,0.9,15900.0,15500.0,6.9,1,0.522,0.456,OWN,business,0
37,48000.0,0.2,6100.0,23700.0,7.6,0,0.186,0.494,RENT,other,0
21,35000.0,10.3,11900.0,41900.0,9.8,1,0.484,1.197,RENT,debt_consolidation,0
22,53000.0,0.0,29100.0,44500.0,4.0,3,0.65,0.84,RENT,business,1
35,44000.0,8.5,17100.0,8200.0,18.0,0,0.411,0.186,OWN,home_improvement,0
40,32000.0,13.3,3400.0,14000.0,7.5,0,0.159,0.438,MORTGAGE,other,0
56,77000.0,13.3,36800.0,8100.0,8.0,2,0.491,0.105,RENT,medical,1
26,59000.0,9.3,15600.0,47300.0,4.6,1,0.361,0.802,RENT,other,1
57,40000.0,9.2,300.0,32900.0,3.0,0,0.106,0.822,RENT,education,0
31,52000.0,16.1,15200.0,6000.0,7.4,0,0.306,0.115,OWN,home_improvement,1
27,47000.0,0.0,22900.0,20500.0,8.1,1,0.54,0.436,MORTGAGE,business,1
51,33000.0,3.9,8500.0,35900.0,7.6,1,0.388,1.088,RENT,education,0
55,51000.0,9.8,23200.0,51000.0,16.3,0,0.575,1.0,RENT,business,0
47,37000.0,4.5,15700.0,26300.0,7.4,0,0.51,0.711,RENT,debt_consolidation,0
26,32000.0,11.6,8800.0,19400.0,7.6,0,0.348,0.606,MORTGAGE,business,0
26,24000.0,5.8,4700.0,28600.0,12.1,0,0.339,1.192,MORTGAGE,other,1
38,42000.0,6.6,18300.0,37000.0,7.1,1,0.541,0.881,MORTGAGE,home_improvement,0
40,63000.0,4.8,13900.0,72200.0,10.7,0,0.358,1.146,RENT,other,1
64,36000.0,3.6,3700.0,4800.0,1.6,1,0.119,0.133,RENT,debt_consolidation,0
33,152000.0,3.5,29300.0,44700.0,1.6,0,0.228,0.294,MORTGAGE,debt_consolidation,0
29,73000.0,7.2,38400.0,6300.0,8.6,2,0.536,0.086,MORTGAGE,home_improvement,0
62,88000.0,2.5,15000.0,92200.0,6.8,1,0.296,1.048,MORTGAGE,home_improvement,1
27,70000.0,10.3,9900.0,59400.0,4.0,0,0.243,0.849,MORTGAGE,medical,0
22,113000.0,8.9,9000.0,28700.0,8.6,0,0.11,0.254,OWN,other,0
39,34000.0,10.9,1100.0,39800.0,9.0,0,0.173,1.171,OWN,debt_consolidation,0
38,15000.0,0.9,8800.0,17200.0,4.5,1,0.724,1.147,RENT,business,0
48,40000.0,0.0,12900.0,12300.0,5.4,2,0.359,0.308,OWN,business,1
59,63000.0,6.0,27600.0,50000.0,9.1,0,0.533,0.794,MORTGAGE,medical,1
62,52000.0,19.0,24100.0,42600.0,2.9,0,0.562,0.819,MORTGAGE,other,1
33,55000.0,11.7,11600.0,3000.0,5.0,0,0.217,0.055,MORTGAGE,debt_consolidation,0
64,89000.0,3.5,42700.0,74900.0,10.7,0,0.581,0.842,RENT,business,1
48,58000.0,7.9,33500.0,17700.0,7.9,0,0.614,0.305,MORTGAGE,education,1
24,70000.0,9.3,31200.0,76100.0,5.6,1,0.576,1.087,MORTGAGE,education,1
62,32000.0,0.0,13700.0,32500.0,3.5,0,0.55,1.016,OWN,medical,0
27,30000.0,12.2,7800.0,32700.0,2.9,0,0.391,1.09,MORTGAGE,business,0
46,101000.0,5.2,51000.0,93000.0,7.3,2,0.615,0.921,OWN,education,0
55,51000.0,5.6,2700.0,12200.0,18.1,0,0.082,0.239,RENT,home_improvement,0
31,37000.0,6.1,16600.0,17200.0,10.8,0,0.504,0.465,OWN,home_improvement,1
32,37000.0,11.2,8000.0,32000.0,1.3,1,0.32,0.865,MORTGAGE,other,0
41,37000.0,2.6,12600.0,15600.0,11.5,0,0.391,0.422,MORTGAGE,education,0
59,36000.0,0.0,19300.0,31200.0,4.2,1,0.64,0.867,MORTGAGE,education,1
30,28000.0,7.5,10200.0,12200.0,8.0,1,0.417,0.436,OWN,medical,0
50,25000.0,0.0,400.0,6400.0,5.1,1,0.047,0.256,RENT,business,0
40,45000.0,4.6,19500.0,29100.0,18.1,0,0.511,0.647,MORTGAGE,debt_consolidation,0
25,38000.0,11.3,21200.0,31900.0,2.3,0,0.659,0.839,OWN,debt_consolidation,0
52,81000.0,8.6,31200.0,52200.0,9.6,1,0.463,0.644,RENT,medical,1
57,56000.0,10.7,28900.0,44100.0,4.6,1,0.611,0.788,MORTGAGE,medical,0
46,55000.0,8.8,27200.0,30500.0,11.7,0,0.561,0.555,MORTGAGE,education,0
28,35000.0,16.8,18100.0,33100.0,9.5,1,0.631,0.946,OWN,home_improvement,0
27,46000.0,3.4,9500.0,36700.0,14.3,0,0.302,0.798,OWN,business,1
39,58000.0,7.8,16500.0,41200.0,11.6,0,0.37,0.71,RENT,debt_consolidation,0
43,68000.0,4.0,34600.0,37400.0,4.5,1,0.575,0.55,MORTGAGE,medical,1
45,47000.0,10.3,25700.0,31300.0,22.6,0,0.627,0.666,MORTGAGE,education,0
31,80000.0,5.7,7000.0,8700.0,10.8,0,0.101,0.109,MORTGAGE,education,0
43,49000.0,13.7,5300.0,40000.0,5.2,1,0.206,0.816,RENT,debt_consolidation,0
33,70000.0,3.6,14600.0,20000.0,9.0,1,0.243,0.286,RENT,business,0
51,39000.0,12.3,18000.0,40500.0,11.2,0,0.586,1.038,MORTGAGE,home_improvement,0
56,22000.0,8.7,11500.0,21700.0,11.0,0,0.641,0.986,RENT,medical,0
49,55000.0,5.9,19100.0,36100.0,10.5,0,0.426,0.656,MORTGAGE,other,0
21,68000.0,8.4,4600.0,69600.0,12.8,0,0.19,1.024,RENT,business,0
64,64000.0,7.2,11700.0,52600.0,12.3,0,0.281,0.822,OWN,debt_consolidation,0
22,59000.0,7.6,30300.0,12500.0,3.8,0,0.539,0.212,OWN,other,0
64,42000.0,5.1,8800.0,37900.0,18.5,1,0.318,0.902,MORTGAGE,medical,0
22,34000.0,2.8,2100.0,40600.0,17.8,0,0.205,1.194,OWN,business,0
43,63000.0,4.5,11400.0,6100.0,12.0,0,0.193,0.097,OWN,debt_consolidation,0
25,59000.0,0.0,28600.0,19600.0,8.2,2,0.525,0.332,MORTGAGE,other,0
25,38000.0,9.8,11300.0,28000.0,8.3,2,0.386,0.737,MORTGAGE,business,0
51,81000.0,0.4,8300.0,42700.0,6.4,0,0.166,0.527,MORTGAGE,other,0
53,33000.0,5.0,6200.0,25800.0,7.0,1,0.282,0.782,OWN,other,0
26,38000.0,8.9,21700.0,27500.0,0.0,0,0.658,0.724,MORTGAGE,other,1
63,102000.0,9.8,26400.0,97500.0,15.7,1,0.374,0.956,MORTGAGE,education,0
35,72000.0,0.0,19100.0,9500.0,13.9,0,0.281,0.132,MORTGAGE,other,0
35,42000.0,5.6,3900.0,23400.0,0.0,0,0.16,0.557,RENT,other,0
34,56000.0,8.1,10200.0,58200.0,12.4,0,0.307,1.039,MORTGAGE,other,0
41,53000.0,6.2,25900.0,24800.0,8.0,0,0.545,0.468,OWN,medical,0
28,15000.0,12.0,7100.0,9400.0,7.0,1,0.549,0.627,RENT,other,0
39,33000.0,2.3,8600.0,2500.0,10.5,0,0.27,0.076,RENT,medical,0
30,48000.0,0.0,25700.0,14800.0,0.0,1,0.572,0.308,OWN,education,1
23,42000.0,9.6,9600.0,24500.0,7.9,1,0.299,0.583,RENT,home_improvement,0
37,55000.0,3.6,28500.0,28000.0,8.4,4,0.579,0.509,MORTGAGE,education,1
50,81000.0,0.0,1500.0,70600.0,8.4,0,0.123,0.872,MORTGAGE,other,0
54,42000.0,5.3,8800.0,31700.0,1.2,0,0.3,0.755,MORTGAGE,debt_consolidation,0
36,30000.0,11.5,15400.0,31900.0,10.2,0,0.641,1.063,RENT,other,0
35,57000.0,0.3,30800.0,58900.0,13.3,0,0.664,1.033,RENT,medical,1
55,42000.0,16.5,19100.0,13800.0,10.0,0,0.494,0.329,MORTGAGE,debt_consolidation,0
50,46000.0,2.2,18500.0,3200.0,6.9,1,0.411,0.07,RENT,home_improvement,0
57,43000.0,6.4,21000.0,44400.0,21.4,0,0.612,1.033,MORTGAGE,debt_consolidation,0
60,134000.0,0.5,56900.0,57400.0,3.4,3,0.476,0.428,OWN,business,0
57,18000.0,6.2,2700.0,8100.0,11.9,0,0.204,0.45,OWN,education,0
62,41000.0,5.4,11500.0,9500.0,9.2,1,0.308,0.232,MORTGAGE,home_improvement,0
39,49000.0,0.0,19400.0,41500.0,18.1,0,0.498,0.847,MORTGAGE,debt_consolidation,1
38,34000.0,18.7,12000.0,12700.0,9.9,0,0.398,0.374,RENT,medical,0
35,73000.0,3.8,38800.0,18500.0,11.0,1,0.562,0.253,MORTGAGE,education,0
31,71000.0,3.8,20200.0,44700.0,10.5,0,0.36,0.63,MORTGAGE,other,0
53,48000.0,10.4,5100.0,43800.0,2.7,1,0.216,0.912,OWN,other,0
52,43000.0,14.2,5500.0,15500.0,3.7,2,0.171,0.36,MORTGAGE,home_improvement,0
56,47000.0,11.1,23900.0,41400.0,6.6,0,0.614,0.881,RENT,other,0
28,47000.0,0.6,200.0,27300.0,12.8,1,0.074,0.581,MORTGAGE,debt_consolidation,0
42,47000.0,7.0,24500.0,24200.0,9.2,2,0.583,0.515,MORTGAGE,education,1
30,45000.0,0.0,1500.0,20900.0,7.0,0,0.089,0.464,OWN,medical,0
60,55000.0,10.1,12900.0,12000.0,14.9,0,0.261,0.218,RENT,home_improvement,0
32,69000.0,0.0,33100.0,29800.0,0.0,1,0.532,0.432,MORTGAGE,medical,0
27,28000.0,2.4,6800.0,29700.0,1.5,1,0.37,1.061,RENT,medical,0
46,31000.0,6.0,15300.0,5200.0,0.0,1,0.514,0.168,OWN,other,0
59,22000.0,8.0,1300.0,25300.0,14.0,0,0.197,1.15,MORTGAGE,other,0
61,72000.0,4.8,22100.0,12500.0,7.5,1,0.328,0.174,MORTGAGE,business,0
25,55000.0,12.8,19200.0,25600.0,12.8,0,0.405,0.465,RENT,business,0
35,62000.0,9.3,33100.0,46300.0,7.5,0,0.623,0.747,OWN,education,0
27,26000.0,8.9,1500.0,26400.0,13.1,0,0.18,1.015,MORTGAGE,other,0
34,109000.0,0.5,22100.0,23400.0,7.4,0,0.229,0.215,RENT,education,0
44,37000.0,13.6,14600.0,7900.0,10.0,0,0.42,0.214,MORTGAGE,business,0
33,53000.0,2.4,31200.0,40900.0,9.3,0,0.681,0.772,RENT,education,0
23,72000.0,13.8,36600.0,27800.0,9.7,0,0.555,0.386,OWN,medical,0
43,31000.0,15.1,15700.0,24500.0,16.4,0,0.601,0.79,MORTGAGE,business,1
23,38000.0,8.3,11800.0,37800.0,0.0,0,0.43,0.995,MORTGAGE,debt_consolidation,0
30,53000.0,10.6,17900.0,7300.0,7.7,0,0.354,0.138,RENT,other,0
21,177000.0,0.0,91200.0,180700.0,9.0,1,0.638,1.021,OWN,business,0
24,56000.0,5.1,29200.0,5200.0,8.2,0,0.533,0.093,OWN,education,0
40,101000.0,11.0,48600.0,109400.0,6.0,1,0.611,1.083,MORTGAGE,medical,1
58,84000.0,10.2,41300.0,98400.0,5.3,1,0.632,1.171,MORTGAGE,home_improvement,1
55,58000.0,0.5,30600.0,47400.0,15.7,0,0.626,0.817,RENT,business,0
25,31000.0,4.7,2100.0,36600.0,7.6,1,0.209,1.181,RENT,debt_consolidation,0
22,79000.0,0.0,13900.0,78600.0,20.2,1,0.295,0.995,OWN,business,0
35,25000.0,7.9,14600.0,2500.0,10.6,0,0.596,0.1,MORTGAGE,business,0
49,101000.0,0.0,33000.0,5500.0,6.6,1,0.333,0.054,RENT,home_improvement,0
53,54000.0,11.1,5700.0,4000.0,10.8,0,0.114,0.074,MORTGAGE,business,0
57,15000.0,11.3,4500.0,8500.0,8.5,1,0.368,0.567,RENT,home_improvement,0
36,42000.0,3.9,16300.0,32200.0,14.7,0,0.48,0.767,RENT,medical,0
28,66000.0,8.3,32800.0,39800.0,2.2,0,0.569,0.603,OWN,other,0
22,44000.0,5.0,21400.0,36500.0,0.0,1,0.586,0.83,RENT,debt_consolidation,1
27,68000.0,7.1,2000.0,38600.0,9.8,2,0.098,0.568,RENT,education,0
23,33000.0,0.8,9000.0,3300.0,12.2,0,0.285,0.1,OWN,medical,0
58,27000.0,8.8,300.0,8400.0,9.4,0,0.048,0.311,RENT,home_improvement,0
32,47000.0,0.0,25000.0,56000.0,11.4,0,0.675,1.191,RENT,medical,0
57,50000.0,0.0,5200.0,22400.0,10.6,0,0.158,0.448,MORTGAGE,medical,0
45,42000.0,5.5,15700.0,17800.0,0.6,0,0.425,0.424,RENT,other,0
44,85000.0,5.0,29100.0,19200.0,9.4,1,0.369,0.226,MORTGAGE,home_improvement,0
41,33000.0,7.2,12400.0,39100.0,14.6,1,0.518,1.185,MORTGAGE,business,1
57,56000.0,3.1,18900.0,17600.0,8.9,2,0.375,0.314,OWN,medical,0
22,51000.0,14.5,21900.0,40500.0,1.5,1,0.525,0.794,OWN,medical,0
25,24000.0,6.7,9000.0,2400.0,6.3,0,0.387,0.1,RENT,medical,0
39,27000.0,7.0,1500.0,3400.0,10.8,0,0.071,0.126,MORTGAGE,other,0
38,49000.0,6.9,10800.0,42800.0,17.0,0,0.325,0.873,MORTGAGE,medical,0
45,120000.0,10.5,39400.0,93700.0,0.0,2,0.422,0.781,RENT,education,1
53,64000.0,8.6,12500.0,53300.0,9.8,0,0.295,0.833,RENT,other,1
46,23000.0,8.0,10500.0,7300.0,3.3,0,0.495,0.317,MORTGAGE,business,0
32,15000.0,9.3,2900.0,17700.0,10.5,0,0.335,1.18,MORTGAGE,home_improvement,0
35,68000.0,0.0,33800.0,47100.0,10.9,0,0.58,0.693,OWN,medical,1
54,47000.0,0.0,4100.0,54800.0,6.8,1,0.227,1.166,RENT,other,0
29,82000.0,5.7,37900.0,19600.0,11.2,0,0.491,0.239,RENT,business,0
43,33000.0,5.1,3600.0,17000.0,13.7,1,0.171,0.515,OWN,business,0
44,57000.0,8.6,18100.0,24900.0,7.2,1,0.37,0.437,OWN,medical,0
54,72000.0,6.1,13800.0,66100.0,1.3,0,0.302,0.918,MORTGAGE,other,0
52,40000.0,8.6,15300.0,36400.0,15.1,0,0.492,0.91,MORTGAGE,debt_consolidation,0
41,40000.0,0.4,5100.0,24400.0,12.1,0,0.201,0.61,OWN,business,0
34,50000.0,6.0,23900.0,3400.0,10.8,0,0.486,0.068,RENT,other,0
37,63000.0,0.0,21700.0,15800.0,4.5,0,0.375,0.251,MORTGAGE,debt_consolidation,0
39,49000.0,7.7,28100.0,5300.0,12.9,0,0.586,0.108,MORTGAGE,business,0
30,76000.0,0.0,32500.0,77800.0,18.2,0,0.55,1.024,RENT,medical,0
48,40000.0,7.6,14600.0,15300.0,7.4,0,0.411,0.382,OWN,education,0
30,27000.0,0.0,13400.0,5000.0,8.5,1,0.519,0.185,OWN,debt_consolidation,0
49,119000.0,4.3,15700.0,54400.0,2.7,0,0.187,0.457,MORTGAGE,home_improvement,0
54,37000.0,10.0,14000.0,5100.0,4.4,1,0.395,0.138,RENT,business,0
63,38000.0,7.0,8900.0,44700.0,2.6,1,0.375,1.176,OWN,medical,0
26,48000.0,0.0,21400.0,19800.0,8.7,1,0.495,0.412,MORTGAGE,debt_consolidation,0
54,51000.0,3.0,700.0,57300.0,6.3,1,0.149,1.124,RENT,home_improvement,0
24,41000.0,0.0,10500.0,34200.0,9.9,0,0.356,0.834,MORTGAGE,debt_consolidation,0
35,49000.0,0.0,19200.0,34400.0,3.5,1,0.476,0.702,MORTGAGE,education,0
28,48000.0,6.5,13300.0,28600.0,7.2,0,0.349,0.596,RENT,other,0
28,53000.0,8.5,7600.0,44500.0,3.2,1,0.244,0.84,RENT,business,0
28,17000.0,8.0,4700.0,14300.0,8.9,0,0.377,0.841,OWN,other,0
22,114000.0,8.7,58100.0,7100.0,0.0,0,0.517,0.062,OWN,debt_consolidation,0
57,46000.0,5.9,5700.0,50300.0,8.8,0,0.255,1.093,MORTGAGE,medical,0
23,64000.0,4.8,14100.0,30300.0,6.6,1,0.277,0.473,RENT,home_improvement,0
38,26000.0,1.2,15400.0,11900.0,8.9,0,0.647,0.458,RENT,education,0
51,40000.0,4.0,21900.0,20700.0,0.0,0,0.61,0.518,MORTGAGE,other,0
64,36000.0,0.1,700.0,30200.0,11.3,0,0.12,0.839,RENT,business,0
58,95000.0,2.2,30200.0,45800.0,6.5,0,0.376,0.482,MORTGAGE,business,0
27,38000.0,6.4,1500.0,18200.0,9.1,0,0.097,0.479,RENT,other,0
64,69000.0,5.5,38200.0,8500.0,0.0,1,0.568,0.123,OWN,education,1
49,37000.0,19.8,9800.0,19600.0,1.8,1,0.328,0.53,OWN,debt_consolidation,0
28,40000.0,0.0,10000.0,8900.0,6.0,0,0.277,0.222,MORTGAGE,other,0
40,44000.0,5.4,7200.0,45500.0,14.9,0,0.288,1.034,RENT,debt_consolidation,0
61,87000.0,0.0,29700.0,37800.0,10.6,0,0.394,0.434,MORTGAGE,home_improvement,0
38,21000.0,4.3,1800.0,24300.0,8.6,1,0.225,1.157,RENT,other,0
29,27000.0,4.4,12900.0,22600.0,3.4,1,0.578,0.837,RENT,other,0
59,20000.0,9.8,5900.0,18400.0,2.5,0,0.405,0.92,MORTGAGE,debt_consolidation,0
62,30000.0,4.0,10200.0,34200.0,9.4,2,0.477,1.14,OWN,other,0
63,34000.0,5.1,17200.0,11000.0,11.5,0,0.545,0.324,OWN,business,0
63,24000.0,4.1,2700.0,16900.0,9.0,0,0.197,0.704,RENT,debt_consolidation,0
59,35000.0,0.0,3700.0,3400.0,16.5,0,0.117,0.097,MORTGAGE,medical,0
40,20000.0,3.1,5000.0,3300.0,4.6,1,0.27,0.165,RENT,home_improvement,0
29,31000.0,4.3,14600.0,14600.0,8.9,1,0.527,0.471,MORTGAGE,medical,0
48,84000.0,6.3,3000.0,70100.0,0.0,1,0.136,0.835,RENT,home_improvement,1
30,59000.0,8.5,28100.0,59400.0,9.1,1,0.597,1.007,MORTGAGE,debt_consolidation,0
41,53000.0,4.9,15900.0,18300.0,15.3,0,0.341,0.345,OWN,medical,0
49,31000.0,4.9,10400.0,28300.0,2.8,0,0.445,0.913,RENT,business,0
62,25000.0,0.0,8500.0,7700.0,12.2,0,0.377,0.308,OWN,home_improvement,1
33,29000.0,8.4,1000.0,1700.0,15.2,0,0.042,0.059,MORTGAGE,medical,0
32,48000.0,2.9,7200.0,5400.0,4.6,2,0.164,0.112,MORTGAGE,education,0
53,72000.0,9.4,32600.0,52100.0,10.3,0,0.54,0.724,MORTGAGE,other,0
21,74000.0,11.9,18300.0,46000.0,15.9,0,0.322,0.622,RENT,medical,0
45,65000.0,5.2,21900.0,23500.0,9.2,0,0.38,0.362,RENT,education,0
53,35000.0,1.4,19800.0,2000.0,11.9,0,0.573,0.057,RENT,debt_consolidation,0
45,50000.0,5.9,1400.0,35200.0,0.0,0,0.112,0.704,MORTGAGE,other,0
37,42000.0,7.6,11300.0,41600.0,11.0,0,0.388,0.99,RENT,medical,0
57,45000.0,4.6,9800.0,5800.0,10.6,0,0.233,0.129,MORTGAGE,home_improvement,0
37,123000.0,3.5,7900.0,110300.0,1.4,0,0.172,0.897,OWN,debt_consolidation,0
52,22000.0,8.5,12600.0,17200.0,3.2,1,0.667,0.782,MORTGAGE,home_improvement,1
41,44000.0,8.2,25400.0,26500.0,11.0,0,0.65,0.602,RENT,medical,0
22,85000.0,4.4,15900.0,9000.0,6.5,0,0.2,0.106,MORTGAGE,other,0
44,25000.0,0.0,14200.0,27800.0,13.6,0,0.701,1.112,RENT,medical,0
23,37000.0,8.1,800.0,22200.0,9.6,0,0.094,0.6,MORTGAGE,debt_consolidation,0
61,39000.0,2.5,23000.0,19900.0,8.3,3,0.651,0.51,RENT,home_improvement,0
47,44000.0,7.0,22100.0,45800.0,7.1,0,0.627,1.041,RENT,home_improvement,0
37,24000.0,6.7,3100.0,24500.0,9.5,0,0.252,1.021,OWN,debt_consolidation,0
42,64000.0,0.0,23000.0,56700.0,12.0,0,0.466,0.886,RENT,debt_consolidation,0
48,66000.0,6.4,31600.0,66200.0,10.7,0,0.599,1.003,RENT,debt_consolidation,1
32,62000.0,8.3,11900.0,12000.0,5.9,1,0.215,0.194,RENT,business,0
33,33000.0,8.9,7000.0,30500.0,14.2,0,0.323,0.924,RENT,business,0
39,51000.0,6.5,19200.0,21800.0,11.3,0,0.428,0.427,OWN,business,0
32,33000.0,0.0,2900.0,34600.0,9.9,1,0.214,1.048,RENT,home_improvement,1
54,42000.0,11.7,3000.0,20000.0,8.5,0,0.129,0.476,RENT,other,0
25,129000.0,7.8,19300.0,14500.0,10.5,0,0.163,0.112,OWN,education,0
57,51000.0,0.6,22700.0,26900.0,0.0,0,0.508,0.527,RENT,debt_consolidation,0
36,29000.0,2.5,6400.0,26700.0,9.2,0,0.331,0.921,RENT,debt_consolidation,1
45,53000.0,7.0,16100.0,33200.0,16.2,2,0.379,0.626,RENT,home_improvement,0
27,27000.0,9.1,3200.0,25100.0,9.1,0,0.23,0.93,OWN,debt_consolidation,0
37,29000.0,3.8,3400.0,2600.0,8.4,1,0.128,0.09,MORTGAGE,home_improvement,1
54,31000.0,9.7,12100.0,7900.0,5.0,0,0.421,0.255,MORTGAGE,medical,0
32,40000.0,0.0,2600.0,27900.0,10.5,0,0.149,0.698,MORTGAGE,other,0
26,75000.0,1.3,30100.0,37000.0,7.0,0,0.461,0.493,MORTGAGE,debt_consolidation,0
43,64000.0,0.0,15400.0,53300.0,14.5,0,0.341,0.833,MORTGAGE,medical,0
28,62000.0,2.0,25000.0,71700.0,3.7,0,0.542,1.156,OWN,home_improvement,0
34,30000.0,12.8,6900.0,24300.0,5.7,0,0.327,0.81,MORTGAGE,education,0
40,38000.0,15.3,19300.0,20100.0,5.0,1,0.571,0.529,OWN,medical,0
45,55000.0,7.1,1800.0,37100.0,17.2,0,0.114,0.675,RENT,home_improvement,0
49,37000.0,3.1,19800.0,40700.0,7.1,0,0.667,1.1,MORTGAGE,education,1
50,43000.0,5.0,6900.0,35400.0,5.3,0,0.259,0.823,MORTGAGE,home_improvement,0
58,60000.0,8.1,1500.0,58400.0,0.0,0,0.142,0.973,RENT,education,1
23,42000.0,0.0,14200.0,16700.0,3.4,0,0.386,0.398,RENT,business,0
36,54000.0,3.4,7300.0,48900.0,10.6,0,0.244,0.906,RENT,home_improvement,1
21,100000.0,12.5,27600.0,21000.0,10.6,0,0.301,0.21,RENT,medical,0
21,45000.0,1.3,21700.0,41100.0,4.7,0,0.592,0.913,OWN,business,1
30,83000.0,2.6,39400.0,88300.0,5.0,0,0.602,1.064,RENT,medical,1
47,63000.0,6.1,22700.0,68400.0,17.3,0,0.491,1.086,MORTGAGE,business,1
60,25000.0,7.3,14700.0,4600.0,21.5,0,0.61,0.184,RENT,education,0
55,30000.0,3.2,8300.0,30100.0,13.7,0,0.397,1.003,MORTGAGE,education,0
49,34000.0,6.3,800.0,6000.0,15.8,0,0.045,0.176,RENT,debt_consolidation,0
55,33000.0,8.7,16200.0,19800.0,16.9,0,0.563,0.6,RENT,business,0
28,47000.0,14.8,6200.0,39200.0,19.1,0,0.232,0.834,MORTGAGE,business,0
57,65000.0,5.4,6900.0,39400.0,6.5,0,0.179,0.606,RENT,medical,0
60,86000.0,5.8,3600.0,37900.0,3.6,1,0.095,0.441,RENT,business,0
25,56000.0,12.9,11000.0,46800.0,17.2,0,0.297,0.836,MORTGAGE,medical,0
41,40000.0,3.5,7800.0,32400.0,3.2,0,0.292,0.81,OWN,home_improvement,0
57,19000.0,0.0,3500.0,13700.0,2.9,0,0.271,0.721,MORTGAGE,home_improvement,0
41,51000.0,7.1,18200.0,33500.0,3.0,1,0.436,0.657,MORTGAGE,medical,1
57,50000.0,10.8,22500.0,43100.0,7.3,0,0.553,0.862,MORTGAGE,debt_consolidation,0
62,53000.0,7.6,29800.0,27200.0,0.0,1,0.624,0.513,MORTGAGE,other,0
41,126000.0,5.6,7100.0,16300.0,0.8,0,0.072,0.129,MORTGAGE,education,0
23,86000.0,0.0,7800.0,57500.0,4.9,1,0.171,0.669,MORTGAGE,medical,0
35,70000.0,5.7,24800.0,61700.0,2.0,1,0.46,0.881,MORTGAGE,medical,0
30,32000.0,11.5,1900.0,12600.0,13.3,0,0.107,0.394,MORTGAGE,business,0
41,39000.0,0.4,8700.0,8300.0,8.0,2,0.249,0.213,RENT,education,0
46,47000.0,4.9,17600.0,51600.0,10.9,0,0.506,1.098,RENT,business,0
41,35000.0,4.3,16400.0,36500.0,10.3,0,0.594,1.043,MORTGAGE,home_improvement,0
29,61000.0,2.9,8000.0,46400.0,7.0,1,0.222,0.761,MORTGAGE,home_improvement,0
34,58000.0,7.1,23200.0,55400.0,12.9,0,0.515,0.955,MORTGAGE,debt_consolidation,0
50,30000.0,8.0,11600.0,34900.0,10.3,0,0.526,1.163,RENT,debt_consolidation,0
22,84000.0,7.9,43300.0,59200.0,6.4,1,0.6,0.705,MORTGAGE,debt_consolidation,0
30,51000.0,1.6,9600.0,16900.0,0.0,0,0.228,0.331,OWN,education,0
60,23000.0,0.0,10400.0,18000.0,10.6,0,0.546,0.783,RENT,debt_consolidation,0
25,48000.0,7.2,21700.0,52900.0,1.7,1,0.584,1.102,MORTGAGE,home_improvement,1
39,56000.0,3.7,8000.0,47200.0,9.9,0,0.244,0.843,RENT,education,0
30,76000.0,14.3,28300.0,6100.0,8.4,2,0.382,0.08,MORTGAGE,business,0
25,42000.0,14.5,17000.0,46400.0,1.2,0,0.537,1.105,RENT,debt_consolidation,1
39,71000.0,15.0,11700.0,65100.0,9.3,0,0.275,0.917,MORTGAGE,business,0
43,53000.0,1.8,14400.0,27100.0,9.0,2,0.333,0.511,RENT,medical,0
28,27000.0,8.6,7100.0,32000.0,9.0,1,0.405,1.185,RENT,debt_consolidation,0
24,26000.0,9.9,12100.0,22900.0,8.7,0,0.571,0.881,RENT,debt_consolidation,1
26,81000.0,9.4,0.0,80900.0,4.7,0,0.12,0.999,RENT,other,0
49,84000.0,4.4,25300.0,95300.0,11.0,0,0.437,1.135,OWN,education,0
58,57000.0,11.8,6300.0,5400.0,4.6,0,0.122,0.095,RENT,other,0
28,96000.0,6.0,37300.0,90300.0,2.6,1,0.501,0.941,RENT,medical,0
35,79000.0,6.6,32200.0,39000.0,11.4,0,0.467,0.494,OWN,debt_consolidation,0
36,67000.0,0.0,20100.0,70300.0,12.7,0,0.426,1.049,RENT,business,0
36,33000.0,8.9,10700.0,35000.0,11.0,1,0.452,1.061,MORTGAGE,education,0
31,107000.0,4.8,20200.0,107300.0,7.0,2,0.309,1.003,RENT,education,0
23,62000.0,8.1,11700.0,58700.0,0.0,1,0.302,0.947,OWN,home_improvement,0
44,41000.0,7.1,18300.0,39500.0,15.4,0,0.562,0.963,MORTGAGE,education,0
36,36000.0,6.8,2800.0,14100.0,0.0,1,0.125,0.392,RENT,other,1
36,55000.0,5.8,25500.0,28500.0,10.9,0,0.526,0.518,MORTGAGE,home_improvement,0
32,23000.0,9.5,9000.0,4200.0,18.6,0,0.413,0.183,RENT,medical,0
61,67000.0,5.1,35600.0,67300.0,8.7,0,0.652,1.004,RENT,debt_consolidation,0
47,32000.0,0.0,5000.0,25400.0,9.5,0,0.252,0.794,MORTGAGE,business,0
39,58000.0,8.6,17600.0,43800.0,9.9,2,0.394,0.755,MORTGAGE,other,1
30,39000.0,2.4,900.0,13000.0,9.0,0,0.063,0.333,MORTGAGE,other,0
56,44000.0,0.0,24100.0,33300.0,19.8,0,0.639,0.757,RENT,business,0
60,35000.0,1.4,14200.0,20000.0,3.8,0,0.474,0.571,MORTGAGE,business,0
22,46000.0,7.3,17200.0,54900.0,3.2,2,0.517,1.193,RENT,medical,1
61,115000.0,5.6,50600.0,119900.0,6.4,0,0.565,1.043,MORTGAGE,other,0
51,91000.0,0.0,15500.0,59600.0,16.7,0,0.249,0.655,RENT,debt_consolidation,1
25,57000.0,4.3,20700.0,55800.0,5.1,2,0.481,0.979,MORTGAGE,home_improvement,1
54,48000.0,11.3,23100.0,11500.0,10.2,0,0.51,0.24,MORTGAGE,debt_consolidation,0
25,72000.0,4.0,3900.0,12000.0,13.4,1,0.074,0.167,MORTGAGE,home_improvement,0
23,82000.0,5.3,47200.0,63600.0,11.9,0,0.669,0.776,MORTGAGE,home_improvement,1
26,34000.0,10.7,18200.0,30100.0,13.1,0,0.642,0.885,MORTGAGE,education,0
41,47000.0,9.6,27200.0,5200.0,15.1,0,0.592,0.111,OWN,business,0
48,22000.0,10.6,10700.0,6200.0,9.5,1,0.52,0.282,OWN,other,0
38,81000.0,0.0,14300.0,54100.0,5.7,0,0.257,0.668,OWN,medical,0
26,124000.0,13.8,43300.0,15200.0,8.7,0,0.364,0.123,RENT,debt_consolidation,0
29,51000.0,8.9,3700.0,27400.0,6.3,0,0.137,0.537,RENT,debt_consolidation,0
58,19000.0,17.1,8600.0,11500.0,20.6,0,0.525,0.605,MORTGAGE,education,0
63,64000.0,2.5,5900.0,71000.0,5.3,0,0.225,1.109,RENT,medical,0
54,33000.0,0.0,17200.0,13600.0,10.4,0,0.571,0.412,MORTGAGE,business,0
25,36000.0,6.0,5200.0,8800.0,0.5,0,0.174,0.244,RENT,education,0
57,65000.0,4.8,6300.0,3800.0,8.7,0,0.104,0.058,MORTGAGE,home_improvement,0
51,55000.0,8.9,2300.0,10400.0,6.6,2,0.065,0.189,RENT,debt_consolidation,0
44,39000.0,10.8,16600.0,35600.0,11.4,0,0.535,0.913,OWN,medical,0
27,37000.0,5.6,4100.0,20800.0,11.5,0,0.178,0.562,MORTGAGE,other,1
64,52000.0,4.9,6200.0,14500.0,15.1,0,0.153,0.279,RENT,debt_consolidation,0
40,41000.0,8.4,4200.0,46000.0,14.7,0,0.237,1.122,MORTGAGE,debt_consolidation,0
22,30000.0,4.8,5500.0,28700.0,7.7,1,0.298,0.957,MORTGAGE,debt_consolidation,1
30,42000.0,4.5,23700.0,7600.0,3.3,0,0.586,0.181,OWN,medical,0
38,57000.0,10.7,16600.0,20500.0,3.9,1,0.334,0.36,MORTGAGE,home_improvement,0
23,45000.0,11.7,7000.0,46200.0,9.5,1,0.279,1.027,MORTGAGE,business,1
35,26000.0,10.9,2700.0,22000.0,8.8,0,0.205,0.846,RENT,business,0
41,77000.0,5.2,900.0,87600.0,9.3,0,0.148,1.138,MORTGAGE,medical,0
62,15000.0,0.0,3300.0,2100.0,5.3,0,0.237,0.14,RENT,debt_consolidation,0
24,40000.0,5.3,2600.0,37700.0,15.2,1,0.178,0.942,OWN,medical,0
46,37000.0,2.6,600.0,5100.0,0.6,0,0.033,0.138,MORTGAGE,education,0
61,52000.0,5.4,3200.0,22700.0,5.0,0,0.114,0.437,OWN,other,0
56,63000.0,3.0,12000.0,57500.0,2.6,1,0.3,0.913,MORTGAGE,business,0
61,81000.0,5.9,36500.0,70300.0,7.0,0,0.555,0.868,RENT,other,1
28,36000.0,1.3,1400.0,1900.0,14.2,0,0.045,0.053,RENT,education,0
56,64000.0,0.2,26100.0,18100.0,6.6,0,0.442,0.283,RENT,home_improvement,0
64,54000.0,11.5,20100.0,51000.0,8.5,0,0.486,0.944,RENT,education,1
35,23000.0,1.6,12200.0,4500.0,11.3,1,0.554,0.196,RENT,business,0
42,115000.0,6.0,12700.0,48900.0,6.3,0,0.161,0.425,OWN,medical,0
44,26000.0,10.3,12400.0,6800.0,9.9,0,0.508,0.262,MORTGAGE,education,0
42,59000.0,10.1,30600.0,10500.0,9.3,0,0.54,0.178,MORTGAGE,other,0
33,58000.0,9.6,34000.0,58700.0,2.3,0,0.708,1.012,MORTGAGE,education,1
63,55000.0,7.4,26700.0,6600.0,5.7,0,0.5,0.12,RENT,other,0
63,39000.0,9.3,2900.0,26000.0,9.8,0,0.154,0.667,MORTGAGE,medical,0
37,71000.0,12.2,40300.0,60100.0,14.4,0,0.669,0.846,RENT,debt_consolidation,1
56,24000.0,7.9,11700.0,2800.0,14.4,0,0.501,0.117,OWN,education,0
38,48000.0,0.0,6100.0,37400.0,18.5,0,0.221,0.779,MORTGAGE,business,1
55,38000.0,3.6,3800.0,16500.0,10.4,0,0.152,0.434,RENT,other,0
46,36000.0,9.1,20200.0,36300.0,5.9,0,0.682,1.008,MORTGAGE,medical,0
41,59000.0,3.2,5500.0,57100.0,7.7,0,0.209,0.968,MORTGAGE,debt_consolidation,0
26,80000.0,13.3,37300.0,77000.0,7.4,0,0.582,0.962,RENT,education,0
49,42000.0,5.7,10200.0,21400.0,6.0,3,0.304,0.51,RENT,other,0
35,70000.0,6.4,30400.0,69700.0,9.9,1,0.554,0.996,RENT,education,0
30,50000.0,11.1,2800.0,38700.0,10.1,0,0.149,0.774,OWN,education,0
29,33000.0,5.2,14400.0,16000.0,2.1,2,0.495,0.485,OWN,other,0
64,44000.0,6.8,13500.0,6300.0,13.4,0,0.324,0.143,MORTGAGE,education,0
25,43000.0,10.0,23200.0,5500.0,0.0,2,0.555,0.128,RENT,business,1
56,36000.0,0.0,4100.0,12200.0,6.9,0,0.155,0.339,RENT,debt_consolidation,0
59,59000.0,4.7,3900.0,23300.0,13.7,0,0.113,0.395,MORTGAGE,medical,0
22,54000.0,9.7,6400.0,60300.0,11.0,0,0.253,1.117,RENT,debt_consolidation,1
46,24000.0,6.3,1100.0,28800.0,6.2,0,0.19,1.2,MORTGAGE,home_improvement,1
46,23000.0,12.6,13500.0,5000.0,17.8,0,0.613,0.217,RENT,medical,0
36,59000.0,0.0,4300.0,66900.0,5.8,0,0.209,1.134,RENT,medical,1
50,34000.0,0.0,4100.0,29300.0,0.0,0,0.224,0.862,MORTGAGE,debt_consolidation,0
38,56000.0,9.5,27200.0,34900.0,10.3,0,0.56,0.623,RENT,education,0
40,70000.0,9.9,10400.0,80400.0,0.0,0,0.286,1.149,MORTGAGE,education,0
39,28000.0,5.1,3700.0,24400.0,3.8,0,0.237,0.871,MORTGAGE,education,0
56,26000.0,7.8,10500.0,19100.0,11.1,0,0.492,0.735,MORTGAGE,business,0
48,104000.0,9.4,24900.0,30300.0,5.7,1,0.274,0.291,OWN,other,0
37,57000.0,2.3,28600.0,18900.0,10.9,0,0.542,0.332,MORTGAGE,debt_consolidation,0
61,41000.0,2.8,15700.0,45000.0,2.2,1,0.515,1.098,MORTGAGE,other,0
56,32000.0,6.9,5500.0,9500.0,12.3,0,0.208,0.297,MORTGAGE,debt_consolidation,0
62,39000.0,10.1,14000.0,3400.0,0.0,0,0.369,0.087,OWN,other,1
53,29000.0,0.8,15100.0,10300.0,14.6,0,0.563,0.355,RENT,medical,1
38,73000.0,5.1,16000.0,44000.0,5.6,1,0.292,0.603,MORTGAGE,business,0
55,35000.0,4.9,15500.0,17100.0,15.7,0,0.501,0.489,RENT,home_improvement,0
35,80000.0,7.9,20000.0,90100.0,3.8,0,0.385,1.126,MORTGAGE,medical,1
32,41000.0,6.0,13400.0,21800.0,17.6,0,0.391,0.532,RENT,medical,0
40,31000.0,3.5,13600.0,33200.0,3.2,1,0.567,1.071,OWN,home_improvement,0
63,40000.0,11.6,1500.0,29400.0,0.0,0,0.126,0.735,MORTGAGE,medical,0
45,15000.0,3.6,4100.0,9800.0,8.2,1,0.352,0.653,RENT,other,0
37,46000.0,4.7,2600.0,10800.0,14.2,0,0.085,0.235,MORTGAGE,debt_consolidation,0
41,45000.0,0.0,19600.0,16300.0,12.0,0,0.479,0.362,MORTGAGE,education,1
33,71000.0,2.8,25900.0,74400.0,13.8,0,0.491,1.048,OWN,education,0
49,21000.0,8.3,4100.0,19900.0,12.1,0,0.309,0.948,MORTGAGE,home_improvement,0
36,83000.0,7.4,3800.0,46900.0,3.9,0,0.114,0.565,RENT,education,0
45,71000.0,8.7,39400.0,77800.0,11.8,0,0.686,1.096,OWN,debt_consolidation,0
37,86000.0,8.5,16300.0,85300.0,8.5,1,0.309,0.992,OWN,debt_consolidation,0
35,48000.0,15.4,7900.0,8600.0,4.5,1,0.186,0.179,OWN,other,0
63,77000.0,2.6,4700.0,57500.0,8.9,3,0.151,0.747,MORTGAGE,home_improvement,0
36,25000.0,0.0,8700.0,24200.0,7.7,1,0.464,0.968,RENT,home_improvement,0
24,68000.0,1.3,10800.0,66600.0,15.1,0,0.276,0.979,OWN,medical,0
37,35000.0,2.8,17700.0,5400.0,5.4,0,0.524,0.154,RENT,business,0
44,23000.0,1.6,9400.0,7100.0,5.2,0,0.446,0.309,RENT,other,0
25,30000.0,6.4,100.0,15700.0,4.5,0,0.066,0.523,MORTGAGE,medical,0
34,49000.0,11.6,16600.0,16600.0,17.5,0,0.379,0.339,MORTGAGE,home_improvement,0
28,34000.0,12.9,4700.0,6000.0,4.8,2,0.159,0.176,MORTGAGE,home_improvement,1
43,58000.0,8.3,500.0,44800.0,14.5,0,0.101,0.772,MORTGAGE,business,0
52,22000.0,15.6,8200.0,13900.0,2.8,0,0.449,0.632,RENT,other,0
63,19000.0,4.4,2300.0,4300.0,10.5,0,0.148,0.226,MORTGAGE,other,0
38,91000.0,0.0,49100.0,65900.0,9.3,1,0.626,0.724,OWN,other,1
58,74000.0,10.7,25500.0,9000.0,14.2,0,0.359,0.122,OWN,medical,0
30,31000.0,0.0,3900.0,15200.0,13.4,0,0.185,0.49,RENT,home_improvement,0
55,49000.0,2.6,28800.0,47100.0,8.4,0,0.703,0.961,RENT,education,0
45,78000.0,8.3,25600.0,83700.0,5.3,0,0.457,1.073,RENT,debt_consolidation,0
54,59000.0,5.5,5900.0,19600.0,16.1,1,0.14,0.332,MORTGAGE,education,0
54,52000.0,5.1,16100.0,54000.0,4.8,2,0.434,1.038,MORTGAGE,medical,1
44,80000.0,0.7,46000.0,86000.0,0.0,1,0.704,1.075,MORTGAGE,business,1
32,35000.0,6.0,8900.0,26200.0,0.0,1,0.344,0.749,RENT,home_improvement,0
44,50000.0,10.5,12800.0,59000.0,0.0,2,0.398,1.18,MORTGAGE,business,1
57,49000.0,6.1,13600.0,16300.0,11.0,0,0.317,0.333,MORTGAGE,home_improvement,0
63,43000.0,2.3,7200.0,5600.0,19.1,0,0.183,0.13,MORTGAGE,business,0
61,41000.0,0.4,4000.0,41800.0,0.0,1,0.22,1.02,RENT,other,0
28,51000.0,2.4,17700.0,31300.0,4.1,1,0.421,0.614,MORTGAGE,home_improvement,0
47,50000.0,7.8,26800.0,22400.0,8.4,0,0.59,0.448,OWN,home_improvement,1
25,31000.0,7.5,13700.0,3500.0,15.7,1,0.455,0.113,MORTGAGE,other,0
50,70000.0,2.4,4000.0,8700.0,4.1,1,0.072,0.124,MORTGAGE,education,0
64,32000.0,0.0,7700.0,4900.0,11.0,0,0.259,0.153,RENT,home_improvement,0
23,44000.0,7.9,100.0,11500.0,6.7,0,0.034,0.261,RENT,home_improvement,0
49,43000.0,2.0,7900.0,50100.0,21.0,0,0.324,1.165,RENT,education,0
62,58000.0,9.1,23300.0,21700.0,8.7,1,0.447,0.374,RENT,education,0
58,19000.0,2.6,3300.0,18800.0,9.8,1,0.292,0.989,RENT,other,1
38,73000.0,1.6,36800.0,5300.0,8.4,1,0.513,0.073,MORTGAGE,education,0
25,36000.0,6.7,10300.0,15100.0,5.9,0,0.336,0.419,RENT,education,0
61,85000.0,16.6,34100.0,92800.0,12.7,0,0.532,1.092,OWN,home_improvement,0
61,40000.0,9.4,21200.0,10500.0,2.2,1,0.562,0.262,RENT,business,0
46,48000.0,6.6,19700.0,18100.0,0.0,0,0.456,0.377,RENT,business,0
64,116000.0,7.6,62500.0,116100.0,7.2,0,0.659,1.001,RENT,medical,1
21,43000.0,0.0,20800.0,8200.0,12.1,0,0.507,0.191,RENT,business,1
48,86000.0,0.9,29300.0,9600.0,5.1,0,0.354,0.112,MORTGAGE,home_improvement,0
22,50000.0,0.0,8900.0,58000.0,8.9,2,0.317,1.16,MORTGAGE,medical,0
62,59000.0,13.8,10600.0,30400.0,1.9,2,0.241,0.515,MORTGAGE,business,0
50,51000.0,12.9,26800.0,41100.0,13.3,0,0.622,0.806,OWN,other,0
61,72000.0,7.8,2300.0,14100.0,11.3,0,0.055,0.196,RENT,home_improvement,0
45,36000.0,6.6,20300.0,10900.0,8.1,0,0.6,0.303,MORTGAGE,debt_consolidation,0
24,31000.0,0.0,6100.0,17900.0,8.8,0,0.266,0.577,RENT,business,0
22,37000.0,5.0,16400.0,30600.0,1.0,0,0.542,0.827,RENT,medical,0
35,51000.0,14.1,10100.0,19700.0,1.3,1,0.244,0.386,RENT,debt_consolidation,0
53,44000.0,6.6,25200.0,47000.0,7.4,0,0.701,1.068,MORTGAGE,business,0
27,67000.0,3.5,1500.0,63500.0,10.6,4,0.136,0.948,OWN,education,0
58,88000.0,0.0,18700.0,60200.0,10.8,0,0.295,0.684,RENT,medical,0
31,32000.0,12.2,16700.0,18500.0,6.2,0,0.591,0.578,RENT,education,0
42,35000.0,5.7,5800.0,26700.0,11.7,0,0.257,0.763,OWN,other,0
29,26000.0,0.0,4300.0,23200.0,15.1,0,0.272,0.892,MORTGAGE,education,0
41,122000.0,1.8,65800.0,25000.0,7.6,0,0.564,0.205,MORTGAGE,medical,0
40,56000.0,0.3,27900.0,57700.0,9.5,0,0.622,1.03,MORTGAGE,medical,1
21,61000.0,5.4,3900.0,37400.0,7.0,0,0.138,0.613,RENT,other,0
45,27000.0,6.9,9400.0,30400.0,7.4,1,0.483,1.126,MORTGAGE,medical,0
55,49000.0,3.7,6600.0,56300.0,8.8,0,0.273,1.149,RENT,debt_consolidation,1
62,62000.0,9.5,8000.0,5300.0,16.5,0,0.139,0.085,MORTGAGE,other,0
35,44000.0,6.4,16200.0,21700.0,12.6,0,0.427,0.493,RENT,debt_consolidation,0
59,80000.0,10.8,5900.0,52400.0,12.1,0,0.152,0.655,MORTGAGE,medical,0
59,139000.0,4.4,39200.0,93200.0,5.7,2,0.362,0.671,MORTGAGE,education,1
64,32000.0,19.7,4900.0,31900.0,3.5,4,0.273,0.997,RENT,education,0
37,31000.0,3.5,15900.0,6600.0,9.9,0,0.538,0.213,MORTGAGE,other,1
58,33000.0,1.9,11000.0,25300.0,14.2,0,0.425,0.767,RENT,debt_consolidation,0
45,101000.0,1.4,13000.0,114500.0,16.6,0,0.265,1.134,MORTGAGE,debt_consolidation,0
23,78000.0,5.1,43400.0,93300.0,0.0,0,0.7,1.196,OWN,other,1
32,46000.0,0.0,22700.0,2800.0,20.2,0,0.501,0.061,RENT,home_improvement,0
50,50000.0,7.3,8000.0,58400.0,10.1,0,0.3,1.168,RENT,education,0
28,34000.0,0.0,19600.0,6500.0,12.5,0,0.599,0.191,OWN,other,0
40,73000.0,6.7,11700.0,48700.0,0.0,0,0.24,0.667,OWN,business,0
55,41000.0,0.0,7200.0,13700.0,6.8,0,0.216,0.334,MORTGAGE,medical,0
27,44000.0,4.3,10200.0,32900.0,12.1,0,0.322,0.748,RENT,debt_consolidation,1
42,64000.0,8.7,6300.0,5900.0,2.1,0,0.11,0.092,RENT,education,0
30,45000.0,16.4,18500.0,14600.0,0.0,0,0.45,0.324,OWN,medical,0
44,44000.0,1.1,14700.0,17400.0,9.7,1,0.382,0.395,MORTGAGE,debt_consolidation,0
31,49000.0,5.3,26300.0,54000.0,7.8,1,0.669,1.102,RENT,medical,0
63,70000.0,2.7,10100.0,50500.0,15.2,0,0.231,0.721,MORTGAGE,business,0
24,103000.0,2.1,10500.0,89000.0,7.2,0,0.206,0.864,MORTGAGE,education,0
63,64000.0,2.8,13800.0,53000.0,7.6,1,0.315,0.828,RENT,other,0
55,70000.0,9.7,6100.0,35100.0,11.5,0,0.147,0.501,OWN,other,0
58,45000.0,3.8,25500.0,3000.0,13.2,0,0.575,0.067,MORTGAGE,business,0
58,36000.0,16.1,15500.0,6200.0,4.5,2,0.451,0.172,RENT,home_improvement,1
29,66000.0,7.9,31500.0,38100.0,12.7,0,0.547,0.577,RENT,debt_consolidation,1
61,53000.0,1.5,23800.0,60000.0,5.4,0,0.585,1.132,MORTGAGE,business,1
47,26000.0,4.3,3800.0,8700.0,8.1,1,0.186,0.335,MORTGAGE,medical,0
63,42000.0,2.4,3500.0,35800.0,11.4,0,0.186,0.852,RENT,business,0
59,47000.0,9.6,12100.0,47000.0,12.2,0,0.377,1.0,MORTGAGE,education,1
46,39000.0,0.0,19400.0,42600.0,9.6,1,0.629,1.092,MORTGAGE,debt_consolidation,1
37,95000.0,0.0,18800.0,36800.0,2.6,2,0.244,0.387,MORTGAGE,other,0
26,61000.0,3.3,400.0,68400.0,0.0,0,0.141,1.121,OWN,other,0
25,91000.0,9.1,36000.0,68200.0,7.1,0,0.486,0.749,RENT,business,0
38,55000.0,11.5,6600.0,34900.0,12.9,0,0.196,0.635,OWN,debt_consolidation,0
56,51000.0,12.2,16600.0,48200.0,10.2,2,0.439,0.945,RENT,business,0
43,32000.0,8.4,300.0,10400.0,9.2,0,0.048,0.325,RENT,other,0
42,49000.0,5.6,15000.0,48200.0,8.0,0,0.424,0.984,RENT,education,0
31,49000.0,9.6,11600.0,39100.0,9.5,0,0.332,0.798,OWN,medical,0
45,26000.0,0.8,13700.0,25200.0,3.0,0,0.643,0.969,RENT,debt_consolidation,0
49,38000.0,0.0,16500.0,39300.0,11.9,0,0.558,1.034,RENT,medical,1
64,42000.0,8.0,900.0,31900.0,12.2,0,0.113,0.76,RENT,business,0
53,59000.0,1.5,27900.0,5400.0,6.2,0,0.484,0.092,MORTGAGE,home_improvement,0
47,60000.0,5.7,28500.0,23500.0,10.2,0,0.522,0.392,RENT,medical,0
61,38000.0,6.5,15100.0,40300.0,0.0,1,0.525,1.061,RENT,home_improvement,1
39,61000.0,7.1,34000.0,47000.0,8.9,1,0.65,0.77,MORTGAGE,debt_consolidation,1
62,45000.0,10.2,21700.0,48300.0,7.3,1,0.611,1.073,OWN,debt_consolidation,0
37,15000.0,9.7,2000.0,7400.0,14.3,0,0.193,0.493,OWN,business,0
26,39000.0,6.9,8900.0,24600.0,7.0,0,0.304,0.631,OWN,home_improvement,0
39,80000.0,4.0,16800.0,83400.0,12.3,0,0.335,1.042,RENT,debt_consolidation,0
26,23000.0,6.5,7000.0,21300.0,6.0,0,0.415,0.926,RENT,other,0
26,52000.0,3.3,29800.0,25200.0,0.0,0,0.631,0.485,RENT,business,0
59,100000.0,5.1,36900.0,7600.0,6.9,1,0.378,0.076,OWN,home_improvement,0
55,35000.0,17.8,6600.0,37200.0,9.0,3,0.316,1.063,MORTGAGE,business,1
30,49000.0,6.8,27700.0,46800.0,8.8,0,0.68,0.955,MORTGAGE,education,1
57,27000.0,8.0,11300.0,15300.0,8.8,4,0.487,0.567,MORTGAGE,debt_consolidation,1
24,102000.0,2.8,16300.0,69200.0,5.5,0,0.241,0.678,MORTGAGE,home_improvement,0
33,47000.0,10.6,25600.0,13400.0,6.4,0,0.579,0.285,MORTGAGE,business,0
52,50000.0,9.4,10300.0,26200.0,2.4,0,0.269,0.524,RENT,business,0
34,90000.0,9.5,27900.0,21400.0,0.0,0,0.339,0.238,MORTGAGE,education,0
53,66000.0,7.0,19000.0,19300.0,7.5,0,0.323,0.292,RENT,other,0
59,33000.0,10.7,18300.0,33800.0,4.3,0,0.677,1.024,RENT,medical,1
23,37000.0,11.7,5900.0,17300.0,13.4,0,0.216,0.468,RENT,debt_consolidation,0
22,61000.0,7.3,12200.0,60200.0,0.0,0,0.318,0.987,OWN,other,0
62,37000.0,5.5,14700.0,22000.0,9.5,1,0.469,0.595,OWN,debt_consolidation,0
43,19000.0,10.0,10100.0,2500.0,18.6,0,0.547,0.132,MORTGAGE,other,0
43,48000.0,1.9,3300.0,22400.0,7.1,0,0.125,0.467,OWN,debt_consolidation,0
41,25000.0,2.8,3100.0,5800.0,8.0,0,0.152,0.232,RENT,education,0
40,101000.0,5.8,57500.0,85600.0,10.1,0,0.671,0.848,RENT,debt_consolidation,0
51,53000.0,0.0,24700.0,58200.0,10.5,0,0.598,1.098,RENT,business,0
46,33000.0,9.7,6900.0,30600.0,6.0,1,0.32,0.927,RENT,home_improvement,0
28,36000.0,1.7,7700.0,34000.0,3.0,0,0.327,0.944,MORTGAGE,medical,0
48,21000.0,3.9,5900.0,21900.0,11.3,0,0.406,1.043,RENT,home_improvement,1
50,30000.0,5.0,12100.0,28300.0,0.0,0,0.517,0.943,OWN,business,0
25,77000.0,6.2,25900.0,54200.0,12.2,1,0.421,0.704,MORTGAGE,education,0
37,134000.0,4.5,62400.0,116800.0,6.0,1,0.57,0.872,RENT,home_improvement,0
55,68000.0,5.7,2200.0,35900.0,8.0,1,0.096,0.528,OWN,debt_consolidation,0
48,47000.0,5.7,23100.0,6200.0,5.4,0,0.507,0.132,OWN,education,1
27,40000.0,4.0,1400.0,34500.0,15.2,0,0.138,0.862,MORTGAGE,business,0
22,32000.0,2.5,16900.0,28200.0,9.2,1,0.634,0.881,RENT,debt_consolidation,1
46,124000.0,10.9,3200.0,38100.0,6.4,1,0.063,0.307,MORTGAGE,medical,0
41,45000.0,0.0,3500.0,51600.0,6.3,0,0.215,1.147,MORTGAGE,other,0
63,127000.0,5.1,13700.0,14000.0,7.3,1,0.121,0.11,MORTGAGE,other,0
43,92000.0,3.9,12300.0,82500.0,20.0,0,0.241,0.897,RENT,other,0
61,22000.0,7.9,5300.0,25600.0,1.4,0,0.381,1.164,OWN,other,0
30,36000.0,0.0,14200.0,14600.0,13.4,0,0.443,0.406,RENT,home_improvement,0
40,36000.0,3.8,19300.0,39600.0,10.8,0,0.668,1.1,OWN,debt_consolidation,1
27,47000.0,5.5,14800.0,47000.0,15.7,0,0.435,1.0,RENT,medical,0
46,48000.0,10.8,15300.0,43500.0,11.1,0,0.428,0.906,OWN,business,0
29,189000.0,7.5,36200.0,216800.0,8.0,0,0.329,1.147,RENT,education,0
42,30000.0,0.7,14400.0,24100.0,13.1,0,0.576,0.803,MORTGAGE,home_improvement,0
36,54000.0,3.8,3600.0,33400.0,9.1,0,0.141,0.619,OWN,debt_consolidation,0
29,65000.0,10.0,11700.0,53800.0,11.8,1,0.279,0.828,RENT,medical,0
25,49000.0,0.6,2900.0,25700.0,15.1,0,0.122,0.524,RENT,debt_consolidation,0
43,52000.0,5.6,6700.0,22000.0,8.5,1,0.18,0.423,OWN,business,0
62,31000.0,6.0,10900.0,4500.0,5.9,0,0.369,0.145,OWN,business,0
29,51000.0,4.3,3900.0,24700.0,4.8,1,0.135,0.484,MORTGAGE,business,0
38,62000.0,18.1,3700.0,60400.0,10.3,0,0.177,0.974,RENT,home_improvement,0
30,57000.0,4.1,28200.0,64800.0,3.6,1,0.631,1.137,RENT,debt_consolidation,1
56,63000.0,8.0,4500.0,73800.0,6.3,1,0.212,1.171,MORTGAGE,medical,0
39,93000.0,2.6,33900.0,26700.0,3.2,0,0.399,0.287,MORTGAGE,business,0
63,75000.0,8.4,15800.0,53000.0,10.5,2,0.295,0.707,RENT,other,1
31,51000.0,9.9,27400.0,36300.0,4.2,1,0.623,0.712,RENT,debt_consolidation,0
24,29000.0,3.4,12300.0,7300.0,1.6,1,0.454,0.252,OWN,debt_consolidation,0
46,37000.0,5.8,1300.0,26600.0,2.4,0,0.121,0.719,MORTGAGE,debt_consolidation,0
49,44000.0,2.0,23600.0,20600.0,5.1,0,0.593,0.468,MORTGAGE,medical,0
64,55000.0,0.9,13700.0,62400.0,5.6,2,0.385,1.135,OWN,debt_consolidation,0
59,40000.0,10.7,7200.0,13700.0,9.3,0,0.221,0.342,MORTGAGE,other,0
59,32000.0,3.5,12900.0,32300.0,7.2,1,0.524,1.009,RENT,education,0
48,29000.0,0.0,12500.0,31400.0,9.9,0,0.561,1.083,OWN,business,0
36,23000.0,13.9,4200.0,20600.0,10.3,0,0.29,0.896,OWN,home_improvement,0
39,44000.0,2.4,9300.0,13100.0,11.7,0,0.247,0.298,RENT,home_improvement,0
26,25000.0,4.9,2300.0,8700.0,0.0,0,0.134,0.348,RENT,debt_consolidation,0
39,31000.0,13.4,11000.0,36200.0,2.4,2,0.495,1.168,RENT,home_improvement,0
37,41000.0,5.4,23500.0,5600.0,10.8,0,0.59,0.137,RENT,business,0
22,27000.0,5.3,6700.0,5000.0,9.1,1,0.27,0.185,RENT,business,0
29,58000.0,0.5,34700.0,68200.0,12.9,0,0.739,1.176,RENT,business,1
44,68000.0,0.0,7200.0,64200.0,0.3,1,0.219,0.944,MORTGAGE,debt_consolidation,1
37,38000.0,5.3,18200.0,34500.0,5.6,2,0.588,0.908,RENT,home_improvement,1
64,40000.0,7.6,22300.0,9400.0,6.5,1,0.586,0.235,OWN,medical,0
42,62000.0,7.4,25600.0,38000.0,8.8,0,0.486,0.613,MORTGAGE,other,0
63,36000.0,3.8,2400.0,36600.0,8.2,1,0.189,1.017,RENT,home_improvement,0
50,34000.0,6.1,6700.0,14600.0,10.3,0,0.249,0.429,OWN,home_improvement,0
22,84000.0,0.0,4300.0,22800.0,7.4,0,0.084,0.271,MORTGAGE,other,0
29,73000.0,8.1,26400.0,4600.0,14.9,0,0.369,0.063,MORTGAGE,education,0
52,64000.0,6.7,38300.0,49000.0,16.5,0,0.69,0.766,OWN,education,0
44,74000.0,14.9,16600.0,28700.0,2.4,0,0.271,0.388,OWN,education,0
34,20000.0,6.0,2000.0,20900.0,8.2,0,0.225,1.045,MORTGAGE,education,0
43,90000.0,1.8,14500.0,33800.0,12.0,0,0.206,0.376,MORTGAGE,education,0
60,58000.0,5.8,19900.0,13000.0,10.9,0,0.37,0.224,RENT,business,0
38,77000.0,4.5,26300.0,88900.0,6.0,1,0.48,1.155,MORTGAGE,business,0
22,58000.0,8.0,8000.0,67300.0,9.3,0,0.277,1.16,MORTGAGE,debt_consolidation,0
34,50000.0,6.1,22500.0,41900.0,0.1,0,0.551,0.838,OWN,debt_consolidation,1
62,43000.0,0.3,2300.0,48100.0,7.9,0,0.188,1.119,MORTGAGE,medical,1
54,58000.0,0.0,21700.0,13700.0,0.7,0,0.402,0.236,RENT,other,0
57,43000.0,7.2,11000.0,24900.0,10.5,0,0.325,0.579,MORTGAGE,other,0
61,72000.0,12.2,5500.0,20500.0,2.4,2,0.111,0.285,MORTGAGE,other,0
26,24000.0,6.4,9100.0,14400.0,8.8,0,0.451,0.6,MORTGAGE,medical,1
33,38000.0,9.7,15300.0,36500.0,9.6,2,0.518,0.961,MORTGAGE,home_improvement,1
23,123000.0,10.6,32500.0,125700.0,8.4,1,0.387,1.022,OWN,debt_consolidation,1
21,37000.0,7.2,17700.0,2000.0,4.8,1,0.485,0.054,RENT,business,0
57,44000.0,2.3,13400.0,21900.0,6.9,0,0.364,0.498,OWN,other,1
62,33000.0,6.9,5700.0,39400.0,13.9,0,0.316,1.194,MORTGAGE,education,0
27,57000.0,11.4,32600.0,41500.0,5.9,1,0.659,0.728,RENT,debt_consolidation,0
52,35000.0,8.4,19800.0,13700.0,8.1,1,0.613,0.391,RENT,business,0
44,45000.0,9.4,2600.0,22400.0,5.2,2,0.118,0.498,OWN,education,0
24,72000.0,3.9,40900.0,30300.0,13.1,0,0.619,0.421,OWN,medical,0
61,36000.0,5.1,16800.0,20300.0,8.4,0,0.534,0.564,RENT,home_improvement,0
59,70000.0,5.5,4500.0,39300.0,4.2,1,0.132,0.561,MORTGAGE,education,0
45,71000.0,5.8,22100.0,44900.0,8.0,0,0.387,0.632,RENT,business,0
52,79000.0,11.3,1700.0,46200.0,6.8,0,0.092,0.585,MORTGAGE,other,0
38,52000.0,0.0,18400.0,33500.0,15.0,1,0.431,0.644,RENT,home_improvement,0
55,211000.0,6.1,118100.0,17300.0,7.8,2,0.57,0.082,RENT,business,0
40,79000.0,5.6,17500.0,8900.0,1.1,0,0.235,0.113,RENT,home_improvement,0
64,57000.0,0.0,17400.0,27200.0,10.5,1,0.363,0.477,MORTGAGE,business,0
23,33000.0,9.0,4500.0,35200.0,16.9,0,0.264,1.067,RENT,education,0
28,47000.0,2.7,15300.0,45100.0,14.0,0,0.441,0.96,MORTGAGE,business,0
63,93000.0,4.4,44800.0,16400.0,2.5,0,0.503,0.176,OWN,home_improvement,0
33,106000.0,14.3,13700.0,65600.0,6.7,0,0.204,0.619,MORTGAGE,debt_consolidation,0
34,95000.0,10.5,31500.0,70800.0,7.8,0,0.421,0.745,OWN,business,0
55,70000.0,8.6,14900.0,42200.0,7.9,0,0.285,0.603,MORTGAGE,debt_consolidation,0
29,28000.0,7.7,12600.0,23900.0,9.9,1,0.552,0.854,RENT,medical,0
43,61000.0,5.3,25700.0,73000.0,6.3,1,0.565,1.197,RENT,debt_consolidation,0
33,28000.0,15.0,11700.0,4500.0,3.4,0,0.437,0.161,MORTGAGE,medical,1
29,25000.0,9.6,5700.0,16100.0,12.8,0,0.305,0.644,MORTGAGE,debt_consolidation,0
63,55000.0,2.6,19800.0,35200.0,2.4,0,0.437,0.64,OWN,debt_consolidation,0
29,62000.0,0.0,24200.0,43200.0,4.0,0,0.474,0.697,RENT,other,1
25,74000.0,8.6,30200.0,17900.0,2.4,0,0.437,0.242,RENT,other,0
50,61000.0,5.7,21100.0,47800.0,11.1,0,0.44,0.784,OWN,education,0
59,62000.0,0.0,32200.0,6300.0,8.5,0,0.532,0.102,OWN,education,0
26,31000.0,7.9,4600.0,28000.0,12.4,0,0.257,0.903,MORTGAGE,business,0
52,47000.0,4.8,1600.0,38200.0,4.1,0,0.132,0.813,MORTGAGE,education,1
44,25000.0,8.4,14400.0,10700.0,1.7,0,0.627,0.428,OWN,debt_consolidation,0
57,20000.0,8.0,700.0,23700.0,5.8,0,0.177,1.185,MORTGAGE,home_improvement,0
26,68000.0,3.3,36800.0,68200.0,7.1,1,0.662,1.003,MORTGAGE,medical,1
63,35000.0,8.8,12900.0,23500.0,9.0,1,0.449,0.671,OWN,other,0
48,73000.0,3.8,40200.0,86800.0,0.0,0,0.693,1.189,RENT,medical,1
58,81000.0,4.1,27500.0,81400.0,10.4,1,0.46,1.005,RENT,medical,0
36,37000.0,3.6,18200.0,7700.0,3.5,1,0.517,0.208,OWN,business,1
62,64000.0,11.1,27700.0,46700.0,4.8,0,0.52,0.73,MORTGAGE,debt_consolidation,0
48,36000.0,4.7,11300.0,25800.0,13.9,0,0.4,0.717,RENT,medical,0
26,21000.0,12.2,4600.0,16800.0,0.0,1,0.315,0.8,MORTGAGE,home_improvement,0
61,52000.0,14.0,100.0,58900.0,9.6,0,0.138,1.133,MORTGAGE,education,0
56,40000.0,2.7,6000.0,24600.0,9.6,1,0.224,0.615,RENT,education,0
34,40000.0,0.0,22800.0,5600.0,3.9,0,0.587,0.14,MORTGAGE,business,0
45,119000.0,10.7,19700.0,71500.0,5.8,0,0.238,0.601,RENT,home_improvement,0
38,25000.0,4.5,11300.0,23900.0,14.1,0,0.567,0.956,RENT,other,0
44,58000.0,2.1,17700.0,26800.0,17.8,0,0.361,0.462,RENT,medical,1
63,31000.0,3.4,5700.0,2500.0,13.3,0,0.194,0.081,MORTGAGE,education,0
60,74000.0,4.1,44000.0,29500.0,17.4,0,0.642,0.399,OWN,home_improvement,0
30,56000.0,11.8,1600.0,46700.0,4.5,1,0.129,0.834,MORTGAGE,debt_consolidation,0
63,58000.0,6.7,20300.0,8600.0,0.1,0,0.368,0.148,OWN,education,0
40,32000.0,11.8,8900.0,15400.0,7.7,1,0.336,0.481,RENT,debt_consolidation,0
52,35000.0,8.2,1600.0,7100.0,12.0,0,0.07,0.203,RENT,business,0
54,74000.0,4.6,9500.0,44200.0,0.0,2,0.2,0.597,MORTGAGE,business,0
42,109000.0,4.2,45400.0,23200.0,3.4,1,0.442,0.213,OWN,medical,0
41,61000.0,8.5,4000.0,10700.0,3.9,0,0.087,0.175,MORTGAGE,other,0
41,33000.0,9.7,15900.0,28100.0,9.8,0,0.584,0.852,MORTGAGE,debt_consolidation,1
58,57000.0,10.5,21400.0,13200.0,9.1,0,0.403,0.232,RENT,other,0
37,146000.0,4.8,8800.0,33300.0,4.1,0,0.088,0.228,OWN,education,0
33,51000.0,6.8,8800.0,37300.0,8.9,1,0.26,0.731,OWN,business,0
36,95000.0,8.6,7800.0,9500.0,2.3,0,0.094,0.1,OWN,other,0
29,35000.0,4.3,16700.0,3100.0,5.9,0,0.488,0.089,RENT,debt_consolidation,0
38,48000.0,0.9,15300.0,26200.0,1.7,1,0.384,0.546,RENT,other,0
26,65000.0,2.4,100.0,30500.0,7.2,0,0.058,0.469,MORTGAGE,other,0
24,59000.0,4.9,19200.0,39900.0,4.0,1,0.407,0.676,MORTGAGE,business,0
52,35000.0,9.0,10100.0,41700.0,11.5,1,0.432,1.191,MORTGAGE,debt_consolidation,0
24,34000.0,11.7,13100.0,18700.0,7.9,1,0.451,0.55,RENT,other,0
46,76000.0,0.0,1600.0,54100.0,6.9,0,0.106,0.712,MORTGAGE,home_improvement,0
55,84000.0,3.3,1800.0,93000.0,16.8,0,0.154,1.107,RENT,debt_consolidation,0
52,97000.0,4.4,20300.0,58700.0,9.9,0,0.282,0.605,MORTGAGE,medical,0
40,110000.0,9.6,45400.0,104300.0,6.2,2,0.527,0.948,RENT,debt_consolidation,0
29,52000.0,3.6,20800.0,35400.0,5.1,1,0.482,0.681,OWN,medical,0
61,43000.0,4.1,7200.0,33700.0,2.1,0,0.261,0.784,RENT,debt_consolidation,0
57,90000.0,0.0,11700.0,101000.0,7.7,1,0.265,1.122,MORTGAGE,business,0
47,68000.0,8.2,27900.0,3500.0,9.5,1,0.416,0.051,RENT,debt_consolidation,0
24,32000.0,5.3,500.0,34800.0,0.0,0,0.146,1.088,RENT,business,0
22,31000.0,3.1,10400.0,19300.0,1.2,0,0.41,0.623,MORTGAGE,business,1
34,61000.0,4.8,15500.0,45600.0,5.4,0,0.344,0.748,RENT,debt_consolidation,0
27,45000.0,11.1,6500.0,25500.0,2.5,0,0.212,0.567,MORTGAGE,debt_consolidation,0
58,48000.0,1.5,15000.0,16800.0,8.2,0,0.354,0.35,RENT,other,0
30,79000.0,2.2,10300.0,9900.0,8.9,0,0.145,0.125,MORTGAGE,education,0
33,69000.0,11.6,23400.0,78400.0,7.4,1,0.475,1.136,OWN,medical,0
63,89000.0,6.3,8000.0,68300.0,10.8,0,0.182,0.767,MORTGAGE,home_improvement,0
57,21000.0,9.0,5100.0,22100.0,5.1,0,0.369,1.052,RENT,education,0
30,55000.0,7.8,16800.0,21100.0,7.8,0,0.351,0.384,MORTGAGE,business,0
37,67000.0,5.8,1300.0,24800.0,3.0,0,0.064,0.37,RENT,other,0
43,25000.0,4.4,9200.0,10900.0,9.4,0,0.42,0.436,MORTGAGE,business,0
50,37000.0,9.7,16700.0,11700.0,8.4,0,0.489,0.316,OWN,home_improvement,0
62,34000.0,11.2,19500.0,21200.0,2.0,1,0.648,0.624,RENT,business,1
59,50000.0,10.9,6100.0,56300.0,7.2,0,0.257,1.126,RENT,education,1
63,102000.0,0.7,12800.0,107900.0,7.8,1,0.252,1.058,OWN,education,1
22,122000.0,11.9,22300.0,75600.0,9.4,0,0.257,0.62,MORTGAGE,home_improvement,0
31,34000.0,4.4,18200.0,15300.0,9.6,0,0.589,0.45,RENT,other,0
45,62000.0,2.6,15100.0,46700.0,4.4,1,0.334,0.753,OWN,home_improvement,0
23,63000.0,5.2,11400.0,47500.0,11.8,0,0.271,0.754,RENT,other,0
36,58000.0,9.7,25800.0,48500.0,10.6,0,0.545,0.836,MORTGAGE,other,0
27,59000.0,8.4,1300.0,39300.0,4.4,1,0.102,0.666,RENT,medical,0
62,56000.0,4.9,18400.0,4500.0,2.3,1,0.338,0.08,OWN,debt_consolidation,0
23,105000.0,9.8,28400.0,14400.0,4.8,0,0.287,0.137,MORTGAGE,medical,0
27,81000.0,6.6,30400.0,94800.0,0.6,0,0.516,1.17,RENT,debt_consolidation,0
29,30000.0,3.4,13200.0,27200.0,9.0,1,0.549,0.907,OWN,education,0
27,70000.0,2.8,13600.0,79800.0,13.9,0,0.331,1.14,RENT,debt_consolidation,0
46,73000.0,7.8,27900.0,32200.0,15.1,1,0.435,0.441,OWN,business,0
37,56000.0,5.6,17600.0,37300.0,2.6,0,0.394,0.666,MORTGAGE,education,0
61,82000.0,0.0,6600.0,34500.0,11.9,0,0.131,0.421,RENT,other,0
32,53000.0,9.8,28000.0,58000.0,8.4,1,0.66,1.094,MORTGAGE,business,0
44,54000.0,3.8,24400.0,20600.0,0.0,1,0.498,0.381,RENT,home_improvement,0
50,52000.0,13.2,28800.0,44100.0,6.3,1,0.656,0.848,MORTGAGE,business,0
48,20000.0,0.0,8600.0,5000.0,5.8,0,0.46,0.25,MORTGAGE,home_improvement,0
56,47000.0,5.2,6900.0,8000.0,14.1,2,0.167,0.17,MORTGAGE,home_improvement,0
29,36000.0,2.9,9300.0,8200.0,3.6,0,0.286,0.228,OWN,home_improvement,0
43,29000.0,1.6,6700.0,19100.0,10.8,0,0.31,0.659,OWN,business,1
56,93000.0,3.8,2000.0,95000.0,7.5,0,0.144,1.022,MORTGAGE,other,0
58,62000.0,14.0,15300.0,74300.0,0.8,0,0.391,1.198,MORTGAGE,other,1
48,48000.0,6.6,10000.0,36800.0,5.2,0,0.3,0.767,RENT,medical,1
49,38000.0,2.4,100.0,25200.0,15.7,0,0.082,0.663,OWN,debt_consolidation,0
59,56000.0,0.0,28500.0,53500.0,7.1,0,0.624,0.955,OWN,other,0
48,77000.0,0.0,6600.0,9500.0,12.5,1,0.101,0.123,OWN,education,0
62,34000.0,3.6,10200.0,33300.0,12.3,0,0.418,0.979,MORTGAGE,medical,0
26,49000.0,3.1,23100.0,45200.0,5.8,2,0.582,0.922,RENT,education,1
36,72000.0,5.0,26100.0,47400.0,1.6,1,0.442,0.658,RENT,home_improvement,1
25,21000.0,0.0,2100.0,1600.0,2.2,2,0.109,0.076,MORTGAGE,home_improvement,0
24,48000.0,5.6,17800.0,13600.0,15.3,0,0.405,0.283,RENT,medical,0
41,40000.0,10.6,18200.0,19000.0,8.8,0,0.512,0.475,MORTGAGE,education,0
30,46000.0,13.3,23600.0,52100.0,0.0,0,0.649,1.133,RENT,debt_consolidation,0
38,39000.0,0.0,7500.0,30600.0,12.2,0,0.286,0.785,MORTGAGE,education,0
40,52000.0,2.4,1100.0,33100.0,0.0,0,0.098,0.637,MORTGAGE,education,1
48,116000.0,2.2,42300.0,71000.0,3.9,0,0.438,0.612,RENT,medical,0
62,42000.0,6.7,5700.0,39800.0,8.4,1,0.249,0.948,MORTGAGE,education,0
58,56000.0,0.5,26200.0,23600.0,20.6,0,0.518,0.421,RENT,home_improvement,0
37,120000.0,13.6,49000.0,19000.0,12.1,0,0.427,0.158,RENT,medical,0
35,38000.0,6.2,17600.0,31500.0,5.6,1,0.563,0.829,MORTGAGE,other,0
54,111000.0,5.4,64400.0,47500.0,8.1,0,0.632,0.428,RENT,education,0
26,49000.0,13.2,17200.0,20800.0,12.6,0,0.402,0.424,RENT,medical,0
44,109000.0,5.9,59100.0,62400.0,15.1,0,0.611,0.572,RENT,education,0
39,69000.0,7.8,26600.0,22700.0,6.8,0,0.425,0.329,RENT,home_improvement,0
29,56000.0,2.6,6100.0,62200.0,6.9,2,0.242,1.111,RENT,other,0
48,48000.0,0.0,23000.0,49200.0,3.8,0,0.602,1.025,MORTGAGE,other,0
35,37000.0,3.3,15400.0,44000.0,11.3,0,0.559,1.189,OWN,home_improvement,1
29,51000.0,15.8,29900.0,59100.0,13.1,0,0.725,1.159,RENT,medical,1
49,73000.0,8.8,10700.0,30000.0,0.0,0,0.196,0.411,RENT,other,0
28,49000.0,7.2,9800.0,23900.0,6.0,0,0.259,0.488,RENT,medical,0
50,43000.0,1.6,21200.0,36700.0,1.9,1,0.595,0.853,RENT,medical,1
28,44000.0,10.1,1700.0,3000.0,8.8,3,0.047,0.068,RENT,other,0
40,77000.0,0.0,29300.0,91900.0,1.8,0,0.524,1.194,MORTGAGE,medical,1
56,85000.0,0.0,27300.0,5300.0,1.4,0,0.329,0.062,MORTGAGE,other,0
31,36000.0,3.5,3600.0,23800.0,13.6,0,0.179,0.661,MORTGAGE,debt_consolidation,0
54,36000.0,14.8,3600.0,29500.0,7.2,0,0.198,0.819,OWN,medical,0
52,58000.0,14.5,28200.0,63900.0,7.7,0,0.618,1.102,OWN,debt_consolidation,0
60,97000.0,4.0,900.0,76700.0,10.2,1,0.104,0.791,RENT,home_improvement,0
28,82000.0,3.0,36700.0,60400.0,12.9,0,0.536,0.737,RENT,business,1
52,28000.0,0.0,12300.0,11100.0,5.9,1,0.487,0.396,MORTGAGE,other,0
62,44000.0,6.4,17200.0,32100.0,6.0,1,0.478,0.73,MORTGAGE,other,0
54,32000.0,6.7,7900.0,29200.0,6.0,0,0.356,0.912,MORTGAGE,business,0
29,43000.0,9.6,700.0,27600.0,13.4,0,0.093,0.642,MORTGAGE,medical,0
57,101000.0,10.1,48600.0,95600.0,7.7,1,0.595,0.947,OWN,education,1
25,26000.0,5.1,2000.0,3400.0,6.5,0,0.093,0.131,MORTGAGE,home_improvement,0
46,24000.0,8.5,4000.0,10500.0,10.0,1,0.219,0.438,OWN,business,1
42,34000.0,2.8,19300.0,39200.0,17.2,0,0.706,1.153,OWN,business,0
44,56000.0,8.4,10100.0,23600.0,8.4,3,0.231,0.421,MORTGAGE,debt_consolidation,0
43,65000.0,3.7,10000.0,49700.0,6.7,2,0.246,0.765,RENT,other,1
22,60000.0,8.1,35000.0,38900.0,17.7,1,0.661,0.648,RENT,home_improvement,0
43,83000.0,7.7,4300.0,93600.0,14.6,0,0.187,1.128,RENT,business,0
62,22000.0,6.3,2100.0,5200.0,13.9,0,0.124,0.236,OWN,debt_consolidation,0
40,84000.0,9.6,22100.0,33100.0,5.5,2,0.31,0.394,OWN,home_improvement,0
33,43000.0,0.0,20300.0,44800.0,5.0,1,0.597,1.042,RENT,medical,0
64,68000.0,1.2,36100.0,55500.0,0.0,0,0.629,0.816,RENT,education,1
25,27000.0,4.8,12200.0,18200.0,12.8,1,0.533,0.674,OWN,debt_consolidation,0
42,49000.0,0.0,28700.0,24700.0,8.4,4,0.646,0.504,MORTGAGE,other,1
43,55000.0,4.2,600.0,28800.0,0.0,0,0.074,0.524,MORTGAGE,other,0
42,82000.0,4.3,30500.0,92300.0,14.0,0,0.507,1.126,RENT,home_improvement,1
61,24000.0,11.9,1700.0,19700.0,6.3,0,0.169,0.821,RENT,medical,0
39,50000.0,6.6,27300.0,55900.0,6.9,0,0.68,1.118,RENT,home_improvement,1
63,30000.0,10.6,16800.0,35000.0,0.4,0,0.7,1.167,RENT,business,0
23,62000.0,7.4,11300.0,42100.0,10.5,0,0.264,0.679,RENT,business,0
53,70000.0,3.6,34800.0,52600.0,10.5,0,0.587,0.751,RENT,business,1
47,87000.0,6.6,32900.0,70000.0,7.8,0,0.475,0.805,MORTGAGE,medical,0
31,39000.0,9.3,2400.0,39600.0,5.9,0,0.183,1.015,MORTGAGE,debt_consolidation,0
31,74000.0,11.4,26800.0,59800.0,21.1,0,0.459,0.808,RENT,home_improvement,0
52,90000.0,5.4,52700.0,16400.0,2.0,2,0.607,0.182,OWN,other,0
49,23000.0,0.0,4300.0,26100.0,4.4,2,0.323,1.135,RENT,medical,0
47,65000.0,0.0,0.0,52700.0,11.5,0,0.097,0.811,MORTGAGE,education,0
23,75000.0,4.5,44000.0,78800.0,2.9,0,0.713,1.051,RENT,other,1
47,44000.0,0.0,10900.0,23700.0,2.6,1,0.312,0.539,OWN,education,0
64,28000.0,14.1,7200.0,16700.0,13.7,0,0.329,0.596,RENT,other,0
21,75000.0,8.7,32100.0,63200.0,11.0,0,0.529,0.843,MORTGAGE,business,1
41,29000.0,3.1,10500.0,27300.0,10.4,0,0.475,0.941,OWN,debt_consolidation,0
42,45000.0,1.0,8200.0,6300.0,8.9,0,0.199,0.14,RENT,other,0
60,48000.0,10.6,2900.0,24900.0,4.5,0,0.123,0.519,MORTGAGE,other,1
33,68000.0,1.0,33800.0,63600.0,6.7,0,0.609,0.935,MORTGAGE,other,1
41,37000.0,1.4,10700.0,44100.0,7.6,0,0.432,1.192,RENT,medical,0
52,36000.0,2.6,14500.0,2300.0,12.2,0,0.41,0.064,RENT,business,0
23,51000.0,6.5,26300.0,18100.0,10.1,0,0.558,0.355,OWN,home_improvement,0
56,77000.0,8.8,800.0,45000.0,3.4,0,0.081,0.584,OWN,debt_consolidation,0
57,137000.0,11.4,70600.0,42000.0,11.9,0,0.552,0.307,RENT,debt_consolidation,0
52,25000.0,10.7,11300.0,2000.0,0.0,0,0.462,0.08,OWN,home_improvement,0
49,56000.0,6.0,31800.0,37500.0,6.4,1,0.648,0.67,OWN,other,0
53,30000.0,10.6,4200.0,23900.0,2.3,1,0.236,0.797,MORTGAGE,home_improvement,0
55,78000.0,3.0,15100.0,41200.0,3.7,1,0.257,0.528,MORTGAGE,debt_consolidation,0
60,32000.0,0.0,12700.0,15200.0,17.6,0,0.454,0.475,RENT,business,0
39,36000.0,3.0,20000.0,42600.0,0.6,1,0.698,1.183,MORTGAGE,home_improvement,1
41,38000.0,2.4,22600.0,22800.0,3.9,0,0.667,0.6,OWN,medical,0
49,47000.0,3.2,11800.0,45500.0,10.6,1,0.367,0.968,MORTGAGE,business,0
29,57000.0,1.7,18400.0,21700.0,5.6,1,0.368,0.381,RENT,medical,0
58,61000.0,3.9,6200.0,61300.0,8.8,0,0.222,1.005,MORTGAGE,business,0
54,49000.0,8.8,20400.0,48900.0,15.1,0,0.536,0.998,RENT,debt_consolidation,0
48,27000.0,13.7,13600.0,9700.0,11.3,0,0.547,0.359,RENT,home_improvement,0
34,68000.0,0.0,32600.0,54700.0,5.7,0,0.576,0.804,RENT,education,0
36,48000.0,0.2,10000.0,40000.0,7.3,2,0.308,0.833,RENT,business,0
40,83000.0,2.4,48000.0,46400.0,10.7,0,0.645,0.559,MORTGAGE,medical,0
50,36000.0,9.4,2600.0,33800.0,11.2,0,0.185,0.939,RENT,business,0
55,24000.0,5.1,7100.0,9700.0,8.1,0,0.344,0.404,MORTGAGE,business,0
50,48000.0,2.7,16000.0,29100.0,9.8,0,0.406,0.606,OWN,business,0
61,88000.0,9.2,28300.0,104600.0,9.8,0,0.464,1.189,MORTGAGE,medical,0
63,53000.0,10.3,24100.0,13500.0,7.5,0,0.485,0.255,RENT,business,0
52,45000.0,5.9,16500.0,9900.0,5.0,1,0.393,0.22,OWN,business,0
37,33000.0,2.3,1500.0,7000.0,11.7,1,0.071,0.212,RENT,debt_consolidation,0
47,108000.0,7.2,11700.0,129400.0,9.5,0,0.252,1.198,MORTGAGE,home_improvement,0
39,31000.0,5.0,9900.0,7300.0,0.0,0,0.348,0.235,RENT,other,1
48,35000.0,4.9,14600.0,9400.0,3.9,1,0.449,0.269,OWN,debt_consolidation,1
56,63000.0,3.7,19400.0,53500.0,5.6,0,0.41,0.849,RENT,medical,1
37,21000.0,10.2,4500.0,19400.0,7.0,1,0.325,0.924,OWN,business,1
43,87000.0,7.1,2700.0,57100.0,14.0,0,0.11,0.656,OWN,education,0
23,65000.0,10.7,30600.0,76700.0,24.0,0,0.612,1.18,OWN,home_improvement,0
53,73000.0,12.0,21800.0,6900.0,0.0,1,0.31,0.095,MORTGAGE,debt_consolidation,0
42,63000.0,8.1,20400.0,48100.0,9.5,0,0.415,0.763,MORTGAGE,medical,0
41,46000.0,3.7,12900.0,34400.0,8.3,1,0.37,0.748,OWN,medical,0
44,30000.0,10.7,4800.0,12600.0,7.1,0,0.21,0.42,RENT,business,0
30,46000.0,8.1,7600.0,49900.0,10.7,0,0.295,1.085,OWN,debt_consolidation,0
47,32000.0,17.7,1200.0,21900.0,8.7,0,0.12,0.684,RENT,education,0
53,61000.0,7.4,25900.0,20300.0,6.2,0,0.465,0.333,RENT,medical,0
36,70000.0,9.1,11400.0,10600.0,8.1,0,0.181,0.151,MORTGAGE,other,0
26,95000.0,7.3,17000.0,16500.0,10.8,0,0.2,0.174,OWN,home_improvement,0
38,58000.0,5.6,34600.0,62800.0,10.3,0,0.726,1.083,RENT,business,0
29,74000.0,4.8,17100.0,25000.0,8.9,0,0.272,0.338,MORTGAGE,business,1
37,43000.0,7.3,13200.0,47000.0,5.1,0,0.438,1.093,MORTGAGE,medical,1
48,40000.0,8.3,9300.0,7500.0,22.1,0,0.255,0.188,MORTGAGE,debt_consolidation,0
25,61000.0,11.2,10600.0,72100.0,9.8,0,0.316,1.182,RENT,debt_consolidation,0
53,41000.0,7.4,100.0,41300.0,11.8,0,0.123,1.007,MORTGAGE,medical,0
30,55000.0,3.9,28200.0,10100.0,5.5,1,0.535,0.184,MORTGAGE,medical,0
60,30000.0,4.5,8500.0,4500.0,8.9,3,0.301,0.15,OWN,medical,0
53,33000.0,0.0,14300.0,32100.0,8.9,0,0.55,0.973,OWN,business,0
32,65000.0,13.5,37400.0,9100.0,0.0,1,0.592,0.14,RENT,education,0
45,73000.0,3.6,100.0,25700.0,4.4,0,0.044,0.352,RENT,home_improvement,0
25,31000.0,10.4,12600.0,30100.0,4.3,1,0.523,0.971,MORTGAGE,other,1
25,66000.0,7.2,4700.0,72200.0,5.0,0,0.202,1.094,MORTGAGE,business,0
63,39000.0,7.4,10700.0,36400.0,2.7,1,0.386,0.933,MORTGAGE,medical,0
56,49000.0,5.5,24900.0,52600.0,8.2,2,0.637,1.073,OWN,medical,1
27,93000.0,2.5,4000.0,64500.0,15.0,0,0.126,0.694,RENT,business,0
33,71000.0,1.6,42200.0,67200.0,8.7,1,0.708,0.946,OWN,home_improvement,0
29,70000.0,13.8,24400.0,31200.0,2.1,1,0.402,0.446,RENT,education,0
38,116000.0,6.5,27500.0,110500.0,2.8,0,0.351,0.953,OWN,debt_consolidation,1
33,36000.0,11.1,400.0,29900.0,6.1,1,0.111,0.831,MORTGAGE,business,0
35,31000.0,12.2,10900.0,22000.0,0.9,0,0.437,0.71,OWN,medical,0
44,35000.0,4.2,10400.0,41700.0,9.5,1,0.44,1.191,RENT,other,0
29,44000.0,7.9,5700.0,26000.0,14.8,0,0.2,0.591,MORTGAGE,home_improvement,0
59,17000.0,6.2,5000.0,13000.0,5.1,1,0.386,0.765,RENT,education,0
53,45000.0,0.8,300.0,28600.0,8.4,1,0.083,0.636,MORTGAGE,debt_consolidation,0
54,38000.0,5.2,22800.0,13300.0,5.9,1,0.642,0.35,OWN,other,1
28,70000.0,8.6,13900.0,30100.0,4.9,1,0.25,0.43,OWN,education,0
52,57000.0,3.8,16400.0,67000.0,8.9,2,0.429,1.175,MORTGAGE,debt_consolidation,1
57,37000.0,4.5,17400.0,18500.0,4.7,0,0.53,0.5,RENT,medical,0
28,64000.0,5.2,27400.0,53200.0,4.0,0,0.528,0.831,OWN,other,0
54,68000.0,15.5,36300.0,47700.0,0.0,0,0.618,0.701,RENT,debt_consolidation,0
36,35000.0,0.0,19800.0,37600.0,8.3,1,0.695,1.074,MORTGAGE,medical,0
55,39000.0,8.3,4400.0,35900.0,13.3,0,0.223,0.921,RENT,education,0
42,18000.0,4.9,4200.0,2600.0,11.5,0,0.251,0.144,OWN,debt_consolidation,0
56,30000.0,3.1,12400.0,13800.0,15.5,0,0.469,0.46,RENT,home_improvement,0
27,35000.0,4.7,900.0,30400.0,4.6,0,0.13,0.869,RENT,medical,0
38,51000.0,9.0,21900.0,12000.0,12.3,0,0.458,0.235,RENT,other,0
33,32000.0,9.3,100.0,20100.0,2.5,0,0.078,0.628,MORTGAGE,debt_consolidation,0
31,39000.0,6.8,21400.0,16200.0,11.5,0,0.599,0.415,RENT,medical,0
34,28000.0,10.9,12100.0,3500.0,16.2,0,0.447,0.125,OWN,other,0
37,53000.0,11.7,18000.0,63400.0,10.5,1,0.483,1.196,MORTGAGE,business,0
26,59000.0,9.7,15200.0,66000.0,16.3,0,0.392,1.119,OWN,business,0
52,59000.0,3.5,35000.0,53700.0,5.0,1,0.702,0.91,RENT,other,1
45,49000.0,8.2,21700.0,13800.0,7.3,2,0.477,0.282,MORTGAGE,medical,0
57,25000.0,8.2,12100.0,29700.0,3.4,0,0.627,1.188,MORTGAGE,debt_consolidation,0
52,37000.0,2.3,18300.0,28700.0,8.2,1,0.588,0.776,OWN,home_improvement,1
27,41000.0,0.0,500.0,47600.0,9.3,0,0.152,1.161,RENT,education,0
24,41000.0,0.0,1300.0,4100.0,8.1,1,0.044,0.1,RENT,other,0
39,51000.0,6.3,6100.0,12700.0,5.6,2,0.149,0.249,RENT,home_improvement,1
42,93000.0,7.3,36600.0,77100.0,5.5,0,0.493,0.829,MORTGAGE,other,0
31,71000.0,0.7,26600.0,77600.0,9.7,0,0.506,1.093,OWN,medical,1
55,31000.0,10.7,6000.0,7800.0,7.2,0,0.224,0.252,RENT,business,0
46,67000.0,6.7,39100.0,27800.0,2.2,1,0.633,0.415,MORTGAGE,debt_consolidation,0
53,65000.0,12.1,3600.0,47200.0,0.0,1,0.143,0.726,RENT,education,0
25,34000.0,7.7,15800.0,40800.0,5.0,0,0.609,1.2,RENT,education,1
56,72000.0,1.2,20800.0,69800.0,1.1,0,0.405,0.969,OWN,education,1
30,46000.0,8.1,11600.0,51200.0,3.8,1,0.386,1.113,MORTGAGE,other,0
40,26000.0,9.0,400.0,21500.0,5.9,0,0.115,0.827,OWN,education,1
40,60000.0,3.5,26200.0,63500.0,7.3,1,0.564,1.058,MORTGAGE,other,1
57,54000.0,0.0,25000.0,34200.0,4.7,0,0.539,0.633,MORTGAGE,other,0
33,44000.0,6.5,8400.0,8500.0,19.0,0,0.214,0.193,MORTGAGE,medical,0
31,48000.0,1.5,14900.0,41600.0,1.7,2,0.414,0.867,MORTGAGE,home_improvement,1
35,35000.0,11.0,12700.0,26000.0,14.0,0,0.452,0.743,RENT,debt_consolidation,1
36,65000.0,4.2,14300.0,39500.0,7.2,0,0.293,0.608,RENT,home_improvement,0
28,48000.0,13.8,17700.0,17600.0,4.7,1,0.413,0.367,RENT,medical,0
28,53000.0,0.0,13800.0,50400.0,10.9,0,0.374,0.951,MORTGAGE,home_improvement,0
31,58000.0,6.6,30600.0,57600.0,5.7,0,0.647,0.993,MORTGAGE,other,0
41,29000.0,12.4,12500.0,13600.0,4.0,0,0.487,0.469,MORTGAGE,education,1
36,33000.0,2.0,2200.0,36900.0,16.9,0,0.201,1.118,RENT,home_improvement,0
38,18000.0,5.3,8600.0,8600.0,0.0,0,0.535,0.478,MORTGAGE,medical,0
52,63000.0,4.2,12800.0,10900.0,6.8,2,0.224,0.173,RENT,debt_consolidation,0
31,28000.0,2.9,15700.0,6800.0,9.0,0,0.59,0.243,OWN,business,0
61,52000.0,7.1,18800.0,32200.0,15.0,0,0.436,0.619,RENT,medical,0
54,58000.0,0.2,1000.0,8200.0,6.0,0,0.034,0.141,MORTGAGE,other,0
28,64000.0,5.5,28200.0,56100.0,21.3,0,0.546,0.877,RENT,other,0
34,29000.0,8.3,2300.0,28000.0,11.8,0,0.195,0.966,RENT,debt_consolidation,0
29,48000.0,5.0,25300.0,32700.0,0.0,2,0.609,0.681,MORTGAGE,other,1
33,104000.0,1.5,59200.0,112000.0,0.7,1,0.698,1.077,MORTGAGE,debt_consolidation,1
37,106000.0,10.6,44200.0,121600.0,9.2,2,0.555,1.147,RENT,business,1
26,76000.0,9.3,24300.0,42900.0,2.3,0,0.387,0.564,MORTGAGE,education,0
21,57000.0,1.3,20600.0,8700.0,10.7,0,0.38,0.153,RENT,education,0
40,31000.0,0.2,8000.0,9800.0,5.7,1,0.296,0.316,OWN,business,0
51,68000.0,1.7,3400.0,54800.0,2.0,1,0.147,0.806,MORTGAGE,home_improvement,0
34,46000.0,8.5,25600.0,23800.0,3.2,0,0.619,0.517,MORTGAGE,other,0
58,63000.0,7.2,12400.0,52800.0,12.3,0,0.297,0.838,MORTGAGE,debt_consolidation,0
37,37000.0,9.6,6900.0,30200.0,0.0,1,0.284,0.816,MORTGAGE,home_improvement,1
60,45000.0,4.5,5200.0,33600.0,13.2,0,0.205,0.747,RENT,education,1
31,53000.0,1.8,31600.0,12300.0,13.4,1,0.624,0.232,MORTGAGE,home_improvement,0
44,55000.0,10.1,31100.0,20800.0,6.3,0,0.611,0.378,OWN,other,0
54,61000.0,3.5,12800.0,29600.0,1.0,0,0.268,0.485,MORTGAGE,other,0
23,38000.0,6.8,5900.0,37900.0,10.8,0,0.275,0.997,RENT,education,0
61,27000.0,0.0,13000.0,22500.0,5.6,0,0.581,0.833,RENT,medical,0
37,102000.0,3.4,25900.0,80800.0,0.4,1,0.349,0.792,OWN,education,1
42,150000.0,10.5,87100.0,123400.0,17.5,1,0.679,0.823,RENT,education,0
48,60000.0,2.8,32400.0,37700.0,3.6,0,0.615,0.628,RENT,education,1
49,27000.0,9.7,12300.0,2600.0,0.6,0,0.467,0.096,OWN,home_improvement,0
22,35000.0,0.0,1900.0,9800.0,9.4,1,0.088,0.28,OWN,business,0
59,62000.0,3.5,26100.0,13100.0,7.7,1,0.446,0.211,MORTGAGE,debt_consolidation,0
48,90000.0,5.2,53300.0,11100.0,15.4,0,0.607,0.123,RENT,home_improvement,0
64,28000.0,13.8,6300.0,11700.0,6.1,2,0.275,0.418,MORTGAGE,debt_consolidation,0
41,46000.0,0.7,24300.0,44000.0,6.2,0,0.643,0.957,OWN,education,1
47,54000.0,9.0,13200.0,9800.0,9.7,2,0.266,0.181,RENT,business,0
40,72000.0,10.8,42000.0,12800.0,9.0,1,0.605,0.178,RENT,medical,0
60,42000.0,2.8,16500.0,8100.0,9.2,0,0.416,0.193,OWN,business,0
57,24000.0,4.3,1400.0,8600.0,9.4,2,0.101,0.358,MORTGAGE,medical,0
60,65000.0,6.6,18700.0,18400.0,8.8,0,0.322,0.283,MORTGAGE,education,0
43,81000.0,0.0,2400.0,5400.0,5.9,0,0.038,0.067,OWN,other,0
55,47000.0,4.0,11100.0,17300.0,12.2,0,0.28,0.368,MORTGAGE,medical,1
36,59000.0,11.7,32400.0,70500.0,6.2,1,0.693,1.195,OWN,debt_consolidation,0
41,40000.0,8.4,5600.0,17500.0,12.0,0,0.192,0.438,RENT,debt_consolidation,0
54,34000.0,5.3,19400.0,10000.0,14.9,0,0.606,0.294,MORTGAGE,business,1
24,78000.0,6.5,4700.0,48400.0,4.6,1,0.135,0.621,MORTGAGE,debt_consolidation,0
52,58000.0,8.6,23100.0,18200.0,20.0,0,0.436,0.314,MORTGAGE,home_improvement,0
21,61000.0,9.5,35300.0,42300.0,4.4,1,0.662,0.693,RENT,debt_consolidation,1
46,96000.0,3.5,37700.0,49000.0,4.5,0,0.454,0.51,MORTGAGE,business,0
41,30000.0,12.9,16200.0,32400.0,10.7,1,0.67,1.08,MORTGAGE,debt_consolidation,1
41,38000.0,11.9,22600.0,42500.0,10.2,0,0.729,1.118,RENT,home_improvement,0
42,53000.0,9.0,20400.0,46100.0,8.4,0,0.489,0.87,MORTGAGE,other,0
42,38000.0,2.2,17800.0,11300.0,12.1,0,0.504,0.297,MORTGAGE,debt_consolidation,0
38,70000.0,1.4,1300.0,41600.0,9.3,0,0.09,0.594,MORTGAGE,home_improvement,0
40,45000.0,4.5,11500.0,18100.0,18.3,0,0.304,0.402,MORTGAGE,business,0
45,31000.0,6.3,5400.0,30000.0,7.7,1,0.29,0.968,RENT,debt_consolidation,0
54,50000.0,0.0,24700.0,4200.0,3.7,0,0.504,0.084,RENT,home_improvement,0
45,53000.0,8.2,21500.0,43000.0,5.2,0,0.503,0.811,OWN,business,0
49,75000.0,11.8,27600.0,31600.0,10.4,0,0.419,0.421,OWN,debt_consolidation,0
57,59000.0,8.6,33000.0,35600.0,10.4,0,0.632,0.603,MORTGAGE,education,1
64,60000.0,3.0,3200.0,25300.0,9.0,0,0.104,0.422,MORTGAGE,home_improvement,0
25,57000.0,2.4,32600.0,26800.0,3.8,0,0.628,0.47,RENT,home_improvement,0
52,45000.0,7.3,2700.0,37100.0,13.5,0,0.159,0.824,MORTGAGE,education,0
30,36000.0,5.3,7500.0,26500.0,17.7,0,0.297,0.736,MORTGAGE,home_improvement,0
29,56000.0,8.0,21200.0,18500.0,8.1,1,0.418,0.33,MORTGAGE,business,0
55,42000.0,8.7,8600.0,4200.0,17.1,0,0.217,0.1,RENT,debt_consolidation,0
24,105000.0,10.9,43000.0,108600.0,12.3,1,0.534,1.034,RENT,education,0
58,90000.0,0.9,41900.0,55500.0,19.1,0,0.54,0.617,OWN,debt_consolidation,0
54,65000.0,7.0,32300.0,49500.0,10.4,0,0.588,0.762,MORTGAGE,debt_consolidation,0
64,58000.0,4.4,6200.0,35500.0,8.7,0,0.18,0.612,OWN,business,1
50,47000.0,5.6,5100.0,35800.0,12.2,0,0.2,0.762,MORTGAGE,education,0
59,28000.0,9.9,900.0,21600.0,5.8,1,0.125,0.771,OWN,education,0
26,44000.0,10.4,13000.0,3000.0,10.0,0,0.304,0.068,RENT,home_improvement,0
60,51000.0,12.3,4200.0,33800.0,14.7,0,0.162,0.663,RENT,debt_consolidation,1
28,54000.0,7.9,10300.0,33900.0,12.1,0,0.266,0.628,MORTGAGE,other,0
34,61000.0,5.5,30800.0,9800.0,7.8,1,0.524,0.161,MORTGAGE,business,1
26,74000.0,4.9,42100.0,67200.0,9.0,0,0.678,0.908,RENT,education,1
38,36000.0,0.0,17800.0,11600.0,11.8,0,0.533,0.322,MORTGAGE,debt_consolidation,0
53,36000.0,12.0,0.0,4100.0,11.6,0,0.014,0.114,RENT,other,0
32,94000.0,4.6,32000.0,91500.0,11.8,0,0.457,0.973,RENT,education,0
57,69000.0,8.3,6900.0,72100.0,9.7,1,0.225,1.045,OWN,home_improvement,1
47,41000.0,9.1,9200.0,13400.0,3.9,0,0.264,0.327,MORTGAGE,debt_consolidation,0
48,47000.0,0.4,12100.0,39500.0,4.7,0,0.358,0.84,RENT,other,1
62,47000.0,1.8,26600.0,2600.0,10.3,2,0.573,0.055,RENT,debt_consolidation,1
40,50000.0,13.0,19000.0,44000.0,12.2,1,0.486,0.88,OWN,education,0
36,61000.0,7.3,9800.0,35700.0,11.5,0,0.231,0.585,OWN,medical,0
64,153000.0,3.4,59000.0,147100.0,4.6,1,0.501,0.961,RENT,home_improvement,1
45,53000.0,5.4,30300.0,26600.0,7.2,0,0.632,0.502,MORTGAGE,debt_consolidation,1
48,66000.0,10.9,2300.0,29900.0,2.1,0,0.089,0.453,MORTGAGE,medical,0
34,23000.0,10.2,11300.0,23400.0,1.0,0,0.613,1.017,RENT,debt_consolidation,0
30,39000.0,0.0,5100.0,3700.0,8.4,1,0.142,0.095,MORTGAGE,other,0
28,85000.0,13.4,7800.0,22500.0,14.8,0,0.124,0.265,RENT,education,0
30,59000.0,10.3,31800.0,30900.0,8.5,1,0.602,0.524,RENT,business,1
29,15000.0,5.3,0.0,11000.0,17.5,0,0.088,0.733,MORTGAGE,other,0
53,66000.0,0.6,29300.0,3700.0,7.2,0,0.451,0.056,RENT,business,0
23,116000.0,10.7,6100.0,82500.0,8.2,2,0.138,0.711,MORTGAGE,education,0
48,20000.0,8.1,7400.0,9700.0,3.0,1,0.428,0.485,RENT,debt_consolidation,0
62,97000.0,0.0,36100.0,75100.0,6.3,0,0.465,0.774,MORTGAGE,debt_consolidation,0
54,15000.0,5.0,7800.0,16400.0,2.1,1,0.651,1.093,OWN,education,0
38,75000.0,20.1,37000.0,41800.0,0.3,0,0.56,0.557,MORTGAGE,home_improvement,0
23,49000.0,6.1,20100.0,33700.0,2.1,0,0.493,0.688,MORTGAGE,other,0
57,17000.0,2.7,3900.0,9900.0,8.4,0,0.299,0.582,MORTGAGE,education,1
21,60000.0,1.5,6000.0,11200.0,4.3,0,0.122,0.187,OWN,other,0
50,82000.0,14.0,31300.0,78900.0,5.5,0,0.497,0.962,MORTGAGE,home_improvement,0
50,58000.0,9.8,17300.0,61900.0,10.0,0,0.426,1.067,RENT,other,0
29,64000.0,12.3,3000.0,62900.0,0.3,1,0.165,0.983,RENT,education,1
53,41000.0,7.1,23500.0,46700.0,8.4,1,0.71,1.139,MORTGAGE,other,1
28,21000.0,11.6,4000.0,12400.0,12.2,0,0.261,0.59,MORTGAGE,medical,0
30,67000.0,2.2,100.0,53600.0,12.7,0,0.097,0.8,RENT,debt_consolidation,0
56,108000.0,6.7,58400.0,26300.0,10.6,0,0.57,0.244,MORTGAGE,other,0
64,81000.0,7.3,28000.0,95000.0,7.7,1,0.486,1.173,MORTGAGE,home_improvement,0
32,20000.0,12.2,8800.0,14400.0,4.9,0,0.526,0.72,MORTGAGE,business,0
61,25000.0,7.4,2300.0,8800.0,7.6,1,0.134,0.352,MORTGAGE,business,0
61,34000.0,3.2,8300.0,33200.0,16.3,0,0.361,0.976,RENT,home_improvement,0
54,24000.0,6.3,9300.0,17400.0,9.4,0,0.474,0.725,MORTGAGE,medical,1
27,50000.0,0.0,7500.0,57100.0,7.5,1,0.287,1.142,MORTGAGE,business,1
34,59000.0,0.0,24800.0,55200.0,10.8,0,0.533,0.936,OWN,other,0
50,26000.0,9.7,3600.0,27500.0,8.2,2,0.265,1.058,MORTGAGE,education,0
64,70000.0,4.3,8800.0,47500.0,9.1,3,0.207,0.679,RENT,education,0
56,64000.0,4.8,400.0,41300.0,6.8,1,0.084,0.645,MORTGAGE,business,0
39,38000.0,9.7,6400.0,35000.0,5.9,1,0.279,0.921,OWN,education,1
31,45000.0,12.3,6700.0,7700.0,13.0,0,0.169,0.171,MORTGAGE,medical,0
63,20000.0,8.4,9200.0,2200.0,0.0,1,0.473,0.11,RENT,debt_consolidation,0
33,42000.0,14.7,14400.0,49600.0,10.4,1,0.485,1.181,RENT,business,0
36,49000.0,8.3,5200.0,54100.0,5.6,0,0.239,1.104,MORTGAGE,education,0
63,53000.0,7.4,18100.0,60900.0,0.0,0,0.479,1.149,MORTGAGE,education,0
45,58000.0,7.1,7800.0,7100.0,3.1,0,0.149,0.122,RENT,other,0
32,55000.0,0.2,14000.0,19800.0,7.8,2,0.298,0.36,MORTGAGE,business,0
21,44000.0,10.3,23400.0,47800.0,8.5,3,0.662,1.086,OWN,medical,1
39,56000.0,0.0,24200.0,8600.0,11.7,0,0.451,0.154,RENT,medical,0
64,77000.0,3.4,30100.0,43800.0,12.0,0,0.459,0.569,MORTGAGE,other,0
40,47000.0,6.1,7900.0,20800.0,0.3,2,0.221,0.443,OWN,medical,0
51,57000.0,2.4,4300.0,60500.0,9.9,0,0.203,1.061,OWN,home_improvement,0
32,45000.0,4.0,20300.0,29100.0,11.6,0,0.529,0.647,RENT,medical,0
55,37000.0,14.3,12600.0,14200.0,9.1,3,0.387,0.384,RENT,medical,0
55,62000.0,11.0,23200.0,40500.0,10.5,0,0.453,0.653,MORTGAGE,debt_consolidation,0
47,38000.0,2.9,22200.0,6800.0,0.0,0,0.606,0.179,RENT,debt_consolidation,0
54,58000.0,3.9,12100.0,51700.0,3.0,1,0.316,0.891,MORTGAGE,education,1
46,50000.0,0.3,24000.0,38100.0,14.8,0,0.571,0.762,MORTGAGE,medical,1
37,43000.0,9.2,14400.0,31900.0,6.6,1,0.424,0.742,MORTGAGE,debt_consolidation,0
53,42000.0,4.9,5900.0,23200.0,19.1,0,0.207,0.552,MORTGAGE,education,0
57,39000.0,0.0,1200.0,15100.0,1.6,1,0.077,0.387,OWN,home_improvement,0
58,23000.0,6.5,8500.0,2900.0,15.8,0,0.385,0.126,MORTGAGE,business,0
30,58000.0,8.0,10400.0,66100.0,4.9,0,0.316,1.14,MORTGAGE,education,0
50,54000.0,10.3,22500.0,28600.0,12.3,0,0.48,0.53,RENT,debt_consolidation,0
21,72000.0,5.7,30300.0,44700.0,6.5,0,0.495,0.621,OWN,education,1
46,39000.0,4.3,10700.0,18800.0,8.6,0,0.332,0.482,MORTGAGE,other,0
46,115000.0,14.9,37000.0,136400.0,11.0,0,0.464,1.186,RENT,debt_consolidation,0
36,41000.0,6.0,15400.0,39600.0,4.9,2,0.492,0.966,RENT,education,1
64,33000.0,9.2,9300.0,5300.0,12.0,0,0.301,0.161,MORTGAGE,debt_consolidation,0
59,31000.0,3.6,16300.0,23200.0,6.7,0,0.616,0.748,RENT,other,0
22,22000.0,9.1,1000.0,13400.0,8.9,0,0.119,0.609,MORTGAGE,education,0
30,98000.0,0.0,57600.0,94300.0,0.0,0,0.703,0.962,RENT,medical,0
30,91000.0,3.9,1800.0,108900.0,6.3,1,0.163,1.197,MORTGAGE,other,0
60,64000.0,0.6,8000.0,58000.0,14.3,0,0.234,0.906,RENT,debt_consolidation,0
43,33000.0,3.3,14000.0,34500.0,11.5,0,0.55,1.045,MORTGAGE,education,1
53,111000.0,11.6,5700.0,69700.0,12.4,0,0.127,0.628,OWN,debt_consolidation,0
56,42000.0,3.2,6600.0,20100.0,8.3,0,0.215,0.479,RENT,business,0
54,43000.0,9.2,4000.0,34000.0,16.4,0,0.188,0.791,RENT,medical,0
24,94000.0,12.8,40800.0,85700.0,9.4,1,0.543,0.912,RENT,education,0
27,66000.0,5.9,22900.0,20600.0,4.7,0,0.384,0.312,RENT,home_improvement,0
38,132000.0,10.5,5100.0,83000.0,12.3,0,0.114,0.629,MORTGAGE,home_improvement,0
35,55000.0,8.4,15200.0,9900.0,12.6,0,0.298,0.18,RENT,other,0
53,41000.0,6.5,5100.0,12300.0,11.1,0,0.16,0.3,MORTGAGE,debt_consolidation,0
27,37000.0,9.4,21500.0,39400.0,6.0,0,0.709,1.065,MORTGAGE,debt_consolidation,1
37,21000.0,14.3,1400.0,4500.0,9.4,2,0.092,0.214,OWN,education,0
31,43000.0,3.1,15400.0,42300.0,15.0,0,0.476,0.984,RENT,education,0
29,82000.0,1.7,23700.0,39200.0,10.4,0,0.346,0.478,OWN,other,1
28,64000.0,1.4,22200.0,52000.0,0.6,0,0.444,0.812,OWN,home_improvement,1
29,49000.0,10.5,28100.0,53700.0,4.9,0,0.705,1.096,MORTGAGE,home_improvement,0
45,31000.0,11.1,6300.0,29400.0,4.6,1,0.317,0.948,MORTGAGE,home_improvement,1
39,54000.0,3.6,24300.0,54000.0,4.2,0,0.57,1.0,MORTGAGE,education,0
40,77000.0,0.0,20700.0,27000.0,0.0,1,0.311,0.351,RENT,home_improvement,0
42,60000.0,3.0,23800.0,28000.0,17.5,0,0.453,0.467,OWN,business,1
53,53000.0,8.5,11600.0,47300.0,3.6,1,0.326,0.892,OWN,business,0
58,34000.0,5.7,4600.0,32100.0,4.0,0,0.249,0.944,RENT,business,0
44,72000.0,6.8,3600.0,69000.0,0.0,0,0.165,0.958,RENT,business,1
49,15000.0,3.6,900.0,13500.0,12.3,0,0.168,0.9,RENT,medical,0
53,58000.0,10.6,33400.0,18300.0,7.5,0,0.614,0.316,MORTGAGE,business,0
51,156000.0,7.5,73800.0,59700.0,6.2,0,0.519,0.383,OWN,education,0
26,25000.0,8.6,3700.0,28300.0,6.5,0,0.284,1.132,RENT,other,0
64,44000.0,6.7,14000.0,30200.0,10.9,1,0.401,0.686,MORTGAGE,other,0
28,49000.0,8.4,21000.0,45000.0,5.6,0,0.539,0.918,OWN,debt_consolidation,0
39,40000.0,8.1,8500.0,29600.0,0.0,1,0.301,0.74,RENT,education,0
49,78000.0,1.8,20600.0,86800.0,1.5,0,0.398,1.113,MORTGAGE,business,1
38,61000.0,7.7,26300.0,64000.0,1.3,0,0.557,1.049,MORTGAGE,home_improvement,1
31,52000.0,9.6,7100.0,18200.0,9.4,2,0.179,0.35,RENT,medical,0
61,70000.0,11.2,22100.0,74700.0,12.7,3,0.444,1.067,MORTGAGE,other,1
24,49000.0,7.9,6200.0,19400.0,15.3,0,0.174,0.396,RENT,other,0
31,205000.0,1.7,400.0,114200.0,0.0,2,0.069,0.557,MORTGAGE,other,0
64,52000.0,2.3,21500.0,53500.0,11.1,0,0.537,1.029,RENT,medical,0
53,54000.0,4.0,22900.0,22800.0,4.9,0,0.475,0.422,OWN,other,0
24,23000.0,6.9,13700.0,8800.0,22.6,0,0.642,0.383,MORTGAGE,medical,0
54,38000.0,5.4,4100.0,31100.0,14.9,0,0.206,0.818,OWN,medical,0
63,82000.0,0.9,36400.0,98400.0,16.5,0,0.588,1.2,MORTGAGE,home_improvement,0
25,27000.0,0.9,15400.0,5400.0,12.0,0,0.594,0.2,MORTGAGE,other,1
39,19000.0,0.0,7300.0,16300.0,9.9,1,0.487,0.858,RENT,home_improvement,1
41,50000.0,0.0,28900.0,32800.0,6.0,1,0.657,0.656,MORTGAGE,home_improvement,0
26,91000.0,5.4,54300.0,47500.0,5.0,1,0.659,0.522,MORTGAGE,business,0
29,50000.0,16.4,24000.0,45600.0,4.0,1,0.589,0.912,MORTGAGE,other,0
28,42000.0,14.1,25200.0,28900.0,11.1,0,0.683,0.688,MORTGAGE,other,1
29,21000.0,1.6,7900.0,20300.0,15.8,0,0.492,0.967,RENT,business,1
38,60000.0,6.7,17900.0,54300.0,6.2,0,0.407,0.905,RENT,other,1
41,66000.0,0.0,36300.0,78100.0,4.4,1,0.692,1.183,RENT,education,1
31,22000.0,0.1,11000.0,21600.0,0.6,1,0.618,0.982,RENT,debt_consolidation,0
33,82000.0,0.6,5400.0,10400.0,9.2,0,0.081,0.127,MORTGAGE,home_improvement,0
29,69000.0,5.0,12500.0,65300.0,14.1,0,0.295,0.946,MORTGAGE,debt_consolidation,0
56,82000.0,5.2,12800.0,65400.0,14.4,0,0.252,0.798,MORTGAGE,business,1
30,64000.0,7.1,32800.0,9800.0,14.9,0,0.531,0.153,RENT,education,0
60,66000.0,9.0,9200.0,49300.0,10.1,0,0.229,0.747,MORTGAGE,education,1
44,62000.0,4.5,11300.0,56600.0,8.5,1,0.292,0.913,RENT,other,0
56,72000.0,6.2,22400.0,19900.0,14.4,0,0.344,0.276,RENT,other,0
49,22000.0,1.1,1000.0,12100.0,2.4,0,0.111,0.55,OWN,debt_consolidation,0
32,25000.0,0.0,14400.0,16800.0,5.8,0,0.657,0.672,MORTGAGE,other,0
47,35000.0,0.0,10300.0,18400.0,16.6,2,0.357,0.526,RENT,medical,0
33,46000.0,8.9,5300.0,48600.0,2.6,2,0.242,1.057,RENT,business,0
26,58000.0,4.5,9400.0,14200.0,7.8,0,0.191,0.245,MORTGAGE,other,0
32,57000.0,0.0,27300.0,53400.0,11.2,0,0.591,0.937,MORTGAGE,education,0
33,81000.0,5.7,30800.0,76500.0,8.4,1,0.494,0.944,RENT,business,1
26,82000.0,0.4,22900.0,46300.0,13.7,0,0.347,0.565,MORTGAGE,business,0
22,33000.0,13.5,6600.0,22100.0,15.6,0,0.28,0.67,RENT,medical,0
62,55000.0,3.4,29700.0,12500.0,10.4,2,0.567,0.227,MORTGAGE,business,0
43,33000.0,9.1,15300.0,9100.0,15.0,0,0.497,0.276,MORTGAGE,business,0
38,45000.0,10.9,19400.0,29800.0,3.4,0,0.511,0.662,OWN,education,0
61,57000.0,1.7,15300.0,17600.0,7.2,1,0.305,0.309,RENT,other,0
30,15000.0,6.3,8800.0,14700.0,20.0,0,0.704,0.98,RENT,debt_consolidation,0
38,145000.0,8.5,61800.0,110000.0,17.7,0,0.517,0.759,RENT,home_improvement,0
58,63000.0,6.5,16000.0,7200.0,1.6,1,0.268,0.114,RENT,business,0
48,37000.0,7.6,21300.0,17100.0,7.9,0,0.631,0.462,RENT,education,1
38,117000.0,0.0,62900.0,121400.0,8.7,0,0.662,1.038,RENT,home_improvement,1
32,42000.0,8.5,18600.0,15500.0,10.1,0,0.487,0.369,OWN,medical,0
22,52000.0,3.8,23900.0,45600.0,14.4,0,0.565,0.877,OWN,debt_consolidation,0
24,39000.0,7.6,9900.0,6200.0,17.2,0,0.273,0.159,MORTGAGE,debt_consolidation,0
28,103000.0,10.1,31400.0,115400.0,8.2,1,0.439,1.12,RENT,debt_consolidation,1
55,47000.0,9.0,5400.0,26600.0,13.6,0,0.183,0.566,MORTGAGE,other,0
49,52000.0,7.6,18600.0,32000.0,11.2,0,0.432,0.615,MORTGAGE,home_improvement,0
40,84000.0,8.9,18600.0,59200.0,7.9,0,0.306,0.705,MORTGAGE,other,0
55,64000.0,9.1,13300.0,29900.0,0.0,2,0.264,0.467,RENT,medical,0
28,48000.0,12.7,27300.0,42400.0,13.1,0,0.675,0.883,OWN,home_improvement,0
30,81000.0,5.8,8000.0,5400.0,11.0,0,0.107,0.067,RENT,debt_consolidation,0
38,154000.0,6.7,76700.0,36400.0,9.9,1,0.526,0.236,RENT,debt_consolidation,0
61,57000.0,10.2,9600.0,15200.0,3.1,1,0.2,0.267,RENT,medical,0
48,52000.0,3.8,900.0,40600.0,17.8,0,0.111,0.781,RENT,medical,0
58,53000.0,0.0,1300.0,56900.0,8.8,0,0.153,1.074,OWN,other,0
31,88000.0,8.2,22700.0,10800.0,2.3,0,0.273,0.123,MORTGAGE,home_improvement,0
58,37000.0,5.1,10100.0,38100.0,1.5,0,0.397,1.03,OWN,medical,0
24,43000.0,0.6,8300.0,42700.0,11.4,0,0.312,0.993,OWN,debt_consolidation,1
31,25000.0,8.3,10000.0,3500.0,11.5,0,0.417,0.14,MORTGAGE,medical,0
44,29000.0,12.4,8400.0,6200.0,5.7,1,0.315,0.214,OWN,home_improvement,0
23,39000.0,0.0,1700.0,17600.0,10.3,0,0.098,0.451,OWN,home_improvement,0
58,48000.0,10.6,10000.0,8700.0,11.3,0,0.23,0.181,RENT,education,0
59,109000.0,0.0,6700.0,100500.0,8.7,0,0.172,0.922,RENT,education,0
44,62000.0,4.2,2300.0,39000.0,4.5,1,0.113,0.629,MORTGAGE,debt_consolidation,0
34,33000.0,14.3,4100.0,17200.0,12.8,1,0.187,0.521,MORTGAGE,medical,0
25,35000.0,4.5,14700.0,30900.0,12.2,0,0.526,0.883,MORTGAGE,education,0
48,91000.0,6.4,38000.0,35200.0,10.8,0,0.464,0.387,RENT,other,0
44,81000.0,9.4,41900.0,85200.0,3.8,0,0.644,1.052,OWN,medical,0
54,50000.0,0.0,22700.0,40100.0,1.3,0,0.55,0.802,MORTGAGE,other,1
47,40000.0,6.3,12900.0,17900.0,8.4,1,0.376,0.448,RENT,debt_consolidation,0
26,81000.0,6.3,15200.0,54300.0,12.6,0,0.268,0.67,MORTGAGE,education,1
26,31000.0,14.4,100.0,10800.0,13.2,0,0.045,0.348,OWN,other,0
55,58000.0,0.4,22500.0,68600.0,10.9,0,0.53,1.183,RENT,home_improvement,0
27,136000.0,4.3,23600.0,74900.0,5.7,0,0.24,0.551,RENT,home_improvement,1
62,54000.0,1.8,8100.0,58400.0,4.0,0,0.28,1.081,MORTGAGE,business,1
25,35000.0,1.3,20500.0,41100.0,7.9,0,0.727,1.174,MORTGAGE,debt_consolidation,1
53,59000.0,11.1,6200.0,39300.0,8.0,0,0.185,0.666,RENT,other,0
63,40000.0,6.1,800.0,35600.0,13.5,0,0.127,0.89,OWN,other,0
40,26000.0,3.5,14800.0,18400.0,5.6,1,0.654,0.708,RENT,other,0
23,67000.0,3.7,12300.0,10400.0,6.0,1,0.202,0.155,RENT,business,0
59,81000.0,3.5,19100.0,92800.0,18.3,0,0.373,1.146,OWN,other,0
29,43000.0,3.9,2100.0,24700.0,15.8,0,0.118,0.574,MORTGAGE,other,0
44,41000.0,0.3,9900.0,44200.0,3.6,0,0.371,1.078,MORTGAGE,home_improvement,1
64,32000.0,4.8,18700.0,25700.0,15.3,0,0.681,0.803,RENT,debt_consolidation,0
53,46000.0,4.4,19200.0,7900.0,2.4,0,0.438,0.172,RENT,other,0
23,38000.0,2.6,10800.0,20100.0,5.8,1,0.348,0.529,RENT,education,0
57,31000.0,6.7,5700.0,8500.0,6.4,0,0.217,0.274,OWN,debt_consolidation,0
28,115000.0,7.1,25300.0,28200.0,7.6,0,0.249,0.245,RENT,education,0
53,60000.0,3.5,22000.0,52300.0,11.1,0,0.471,0.872,RENT,debt_consolidation,0
48,63000.0,5.4,9600.0,5300.0,8.5,0,0.162,0.084,MORTGAGE,medical,0
33,73000.0,15.7,6700.0,84800.0,11.1,0,0.231,1.162,OWN,business,0
39,69000.0,15.5,28800.0,39200.0,6.0,0,0.486,0.568,MORTGAGE,debt_consolidation,1
26,41000.0,1.3,21400.0,25100.0,9.9,0,0.595,0.612,RENT,debt_consolidation,0
64,55000.0,1.9,29800.0,21700.0,8.4,2,0.589,0.395,RENT,other,1
31,43000.0,1.2,21700.0,6400.0,1.1,0,0.523,0.149,OWN,education,0
34,60000.0,10.8,19100.0,43600.0,10.4,0,0.406,0.727,MORTGAGE,debt_consolidation,0
43,57000.0,4.2,27000.0,25400.0,8.5,0,0.527,0.446,OWN,debt_consolidation,0
50,41000.0,7.1,22800.0,31500.0,4.4,1,0.648,0.768,MORTGAGE,education,0
43,27000.0,15.0,400.0,18600.0,5.9,0,0.097,0.689,MORTGAGE,debt_consolidation,0
43,52000.0,6.0,12900.0,15600.0,6.0,0,0.284,0.3,OWN,debt_consolidation,0
46,45000.0,9.2,5500.0,26100.0,6.8,0,0.192,0.58,RENT,home_improvement,0
58,21000.0,8.3,12600.0,8500.0,16.8,0,0.649,0.405,RENT,business,0
38,62000.0,3.4,34600.0,20200.0,18.5,0,0.597,0.326,RENT,medical,0
57,76000.0,10.8,36600.0,71100.0,0.0,1,0.594,0.936,MORTGAGE,business,1
55,153000.0,2.2,27200.0,9700.0,10.4,0,0.185,0.063,RENT,home_improvement,0
63,41000.0,12.0,23400.0,14700.0,12.8,0,0.614,0.359,RENT,debt_consolidation,0
61,38000.0,3.4,700.0,25100.0,6.9,1,0.098,0.661,MORTGAGE,medical,0
56,30000.0,3.8,3400.0,17900.0,12.6,0,0.185,0.597,MORTGAGE,other,0
31,54000.0,1.1,20000.0,61100.0,16.3,0,0.506,1.131,MORTGAGE,medical,0
55,54000.0,1.8,25700.0,55100.0,1.1,0,0.598,1.02,OWN,home_improvement,1
53,34000.0,4.1,18000.0,31100.0,8.7,0,0.639,0.915,RENT,debt_consolidation,0
33,45000.0,0.0,8100.0,28900.0,17.8,1,0.257,0.642,MORTGAGE,debt_consolidation,0
50,20000.0,5.0,4700.0,10900.0,1.8,1,0.3,0.545,MORTGAGE,other,0
32,74000.0,3.7,20200.0,6800.0,7.4,0,0.284,0.092,MORTGAGE,home_improvement,0
44,35000.0,9.6,600.0,34800.0,5.8,0,0.136,0.994,MORTGAGE,debt_consolidation,0
56,48000.0,7.9,24900.0,26200.0,13.3,0,0.584,0.546,MORTGAGE,education,0
29,26000.0,2.8,5300.0,10900.0,14.0,0,0.254,0.419,MORTGAGE,other,0
35,38000.0,3.9,4500.0,28400.0,8.8,1,0.208,0.747,OWN,education,0
55,43000.0,4.9,10600.0,39400.0,8.2,0,0.356,0.916,OWN,other,0
40,49000.0,12.7,20900.0,31900.0,0.0,0,0.505,0.651,OWN,medical,0
63,61000.0,2.3,31900.0,13500.0,15.1,0,0.55,0.221,MORTGAGE,other,0
21,94000.0,2.8,12100.0,104300.0,6.2,1,0.262,1.11,MORTGAGE,home_improvement,0
52,68000.0,0.9,7000.0,12200.0,7.3,0,0.124,0.179,MORTGAGE,medical,0
56,76000.0,0.0,43000.0,88500.0,12.9,0,0.706,1.164,MORTGAGE,education,1
61,94000.0,7.4,31100.0,52500.0,9.0,0,0.398,0.559,RENT,business,0
27,63000.0,6.9,13800.0,71700.0,13.0,0,0.356,1.138,RENT,debt_consolidation,0
64,48000.0,11.8,5700.0,52900.0,11.0,0,0.251,1.102,OWN,home_improvement,0
38,77000.0,10.7,46000.0,39800.0,9.0,1,0.659,0.517,MORTGAGE,home_improvement,0
36,79000.0,16.8,34100.0,76600.0,9.6,3,0.548,0.97,RENT,other,0
36,66000.0,5.7,8600.0,10100.0,2.4,2,0.149,0.153,MORTGAGE,other,0
49,25000.0,4.8,1400.0,3600.0,7.3,3,0.073,0.144,RENT,debt_consolidation,1
50,34000.0,0.1,4100.0,15600.0,13.4,0,0.176,0.459,OWN,education,0
41,43000.0,9.1,6400.0,32300.0,3.5,2,0.239,0.751,RENT,medical,0
24,70000.0,6.5,4700.0,4300.0,4.4,0,0.075,0.061,MORTGAGE,other,0
64,49000.0,8.9,6800.0,31500.0,3.6,1,0.216,0.643,MORTGAGE,education,0
30,82000.0,0.9,5700.0,96100.0,8.8,2,0.21,1.172,MORTGAGE,business,1
25,89000.0,7.6,20200.0,92300.0,15.0,0,0.351,1.037,RENT,business,0
47,84000.0,6.9,24500.0,26700.0,10.7,0,0.33,0.318,MORTGAGE,medical,0
39,84000.0,6.6,22900.0,55200.0,0.0,0,0.351,0.657,MORTGAGE,business,0
48,31000.0,2.9,15400.0,7700.0,11.2,0,0.527,0.248,RENT,debt_consolidation,0
59,61000.0,11.4,9300.0,21500.0,5.8,0,0.195,0.352,RENT,home_improvement,0
25,37000.0,15.2,19700.0,41100.0,10.5,0,0.666,1.111,MORTGAGE,other,1
33,23000.0,1.0,12500.0,27500.0,7.3,1,0.687,1.196,RENT,debt_consolidation,1
43,43000.0,9.2,24800.0,14100.0,3.7,0,0.616,0.328,RENT,medical,0
55,89000.0,0.0,9700.0,26200.0,7.6,0,0.144,0.294,MORTGAGE,business,0
47,60000.0,9.0,8800.0,29500.0,5.8,0,0.206,0.492,MORTGAGE,medical,0
37,122000.0,0.0,45700.0,68700.0,9.5,0,0.442,0.563,OWN,other,0
47,53000.0,3.6,4500.0,8100.0,3.6,2,0.103,0.153,OWN,other,0
64,147000.0,0.1,7600.0,32300.0,2.4,0,0.078,0.22,MORTGAGE,debt_consolidation,0
42,53000.0,5.0,2300.0,28500.0,11.7,0,0.108,0.538,RENT,medical,0
59,50000.0,9.8,18200.0,16000.0,13.5,1,0.402,0.32,RENT,business,0
55,28000.0,0.0,13500.0,28600.0,10.9,0,0.605,1.021,RENT,business,1
34,81000.0,4.4,12600.0,74100.0,4.8,0,0.265,0.915,MORTGAGE,medical,0
31,39000.0,3.7,21800.0,26000.0,4.3,0,0.639,0.667,MORTGAGE,education,0
54,37000.0,13.1,17600.0,20300.0,4.6,0,0.542,0.549,OWN,home_improvement,0
30,87000.0,7.9,4000.0,87500.0,12.5,0,0.167,1.006,MORTGAGE,education,0
35,83000.0,0.7,20300.0,20000.0,3.9,1,0.273,0.241,RENT,debt_consolidation,0
31,82000.0,3.9,3300.0,87800.0,12.4,1,0.169,1.071,MORTGAGE,other,0
47,42000.0,13.0,23100.0,4500.0,11.2,0,0.563,0.107,RENT,business,0
33,48000.0,9.2,21400.0,53400.0,14.2,0,0.579,1.112,RENT,home_improvement,0
49,48000.0,1.9,19800.0,10100.0,13.3,0,0.438,0.21,RENT,debt_consolidation,1
62,70000.0,4.8,28700.0,68900.0,10.7,1,0.528,0.984,RENT,medical,1
57,99000.0,4.9,16900.0,7000.0,0.7,0,0.179,0.071,RENT,other,0
62,58000.0,3.6,32500.0,57300.0,11.1,0,0.679,0.988,MORTGAGE,other,0
22,119000.0,0.0,65900.0,85900.0,8.6,0,0.64,0.722,OWN,home_improvement,0
41,73000.0,3.0,32400.0,5200.0,6.1,0,0.452,0.071,OWN,education,0
30,44000.0,12.3,12400.0,41400.0,14.8,0,0.395,0.941,RENT,medical,0
61,71000.0,4.3,2000.0,11800.0,7.2,0,0.048,0.166,MORTGAGE,medical,0
52,106000.0,5.5,1800.0,71100.0,5.4,1,0.097,0.671,OWN,home_improvement,0
35,120000.0,6.6,9900.0,51800.0,13.6,0,0.134,0.432,OWN,business,0
45,84000.0,16.0,30000.0,77500.0,6.0,0,0.468,0.923,OWN,business,0
47,50000.0,6.0,23900.0,51600.0,5.1,1,0.602,1.032,MORTGAGE,business,1
42,44000.0,10.9,25000.0,25700.0,2.4,0,0.638,0.584,OWN,debt_consolidation,1
41,64000.0,3.3,6700.0,59000.0,3.9,1,0.215,0.922,MORTGAGE,business,0
23,104000.0,4.8,17200.0,114800.0,4.3,0,0.298,1.104,RENT,education,0
40,60000.0,6.1,1900.0,50600.0,11.1,0,0.133,0.843,RENT,business,0
36,60000.0,2.5,35600.0,25200.0,2.9,1,0.644,0.42,OWN,medical,0
57,50000.0,5.1,23400.0,29100.0,0.0,1,0.538,0.582,OWN,medical,0
59,42000.0,10.0,12100.0,13200.0,9.5,2,0.326,0.314,MORTGAGE,medical,1
54,46000.0,2.4,15900.0,26500.0,4.8,1,0.415,0.576,MORTGAGE,home_improvement,0
22,52000.0,6.0,17500.0,17300.0,7.9,3,0.376,0.333,RENT,medical,0
58,106000.0,9.2,16200.0,103700.0,14.4,1,0.27,0.978,MORTGAGE,other,0
38,44000.0,2.3,4900.0,33100.0,8.4,1,0.202,0.752,MORTGAGE,debt_consolidation,0
39,50000.0,10.9,8900.0,38900.0,15.5,1,0.271,0.778,RENT,home_improvement,0
62,33000.0,6.3,4900.0,5800.0,7.7,0,0.17,0.176,MORTGAGE,debt_consolidation,0
59,68000.0,5.3,22700.0,3500.0,13.0,0,0.34,0.051,MORTGAGE,education,0
23,91000.0,0.0,16800.0,87100.0,5.3,0,0.299,0.957,OWN,home_improvement,0
36,102000.0,4.3,44600.0,68700.0,8.5,0,0.518,0.674,OWN,medical,0
53,54000.0,7.7,18400.0,60500.0,3.3,0,0.475,1.12,RENT,debt_consolidation,0
44,63000.0,13.9,20100.0,42100.0,3.9,0,0.399,0.668,RENT,debt_consolidation,0
32,46000.0,8.6,26300.0,13700.0,6.9,0,0.607,0.298,RENT,home_improvement,0
44,62000.0,11.1,12000.0,52900.0,1.4,3,0.296,0.853,RENT,medical,0
59,56000.0,0.6,21300.0,47900.0,8.8,1,0.483,0.855,MORTGAGE,debt_consolidation,1
30,50000.0,5.4,0.0,6300.0,6.5,2,0.015,0.126,MORTGAGE,medical,0
53,52000.0,11.5,23000.0,44100.0,9.2,2,0.544,0.848,RENT,medical,1
53,60000.0,2.0,18100.0,17700.0,1.4,2,0.337,0.295,OWN,home_improvement,0
59,43000.0,10.3,5400.0,14700.0,11.5,0,0.167,0.342,MORTGAGE,debt_consolidation,0
34,44000.0,9.3,0.0,3800.0,16.5,1,0.01,0.086,RENT,business,0
30,106000.0,7.2,45000.0,81800.0,15.4,0,0.517,0.772,MORTGAGE,education,0
45,166000.0,4.5,66000.0,148000.0,17.5,0,0.505,0.892,RENT,medical,1
44,29000.0,1.6,11600.0,9100.0,8.2,0,0.438,0.314,MORTGAGE,business,0
39,28000.0,14.0,7300.0,26900.0,6.2,0,0.376,0.961,MORTGAGE,debt_consolidation,0
55,32000.0,8.8,12300.0,29600.0,10.4,0,0.495,0.925,RENT,business,0
56,47000.0,7.5,16100.0,24500.0,6.8,1,0.405,0.521,MORTGAGE,debt_consolidation,0
31,73000.0,4.1,10500.0,9400.0,0.0,1,0.159,0.129,OWN,medical,0
56,64000.0,6.2,19900.0,23800.0,12.1,2,0.356,0.372,MORTGAGE,debt_consolidation,0
31,53000.0,6.7,16400.0,12700.0,6.8,0,0.338,0.24,MORTGAGE,debt_consolidation,0
38,62000.0,7.8,30600.0,71500.0,0.7,0,0.632,1.153,OWN,education,1
22,36000.0,9.3,9400.0,35700.0,5.5,0,0.38,0.992,OWN,medical,0
35,44000.0,2.5,11500.0,6200.0,6.9,0,0.278,0.141,OWN,home_improvement,1
63,49000.0,0.0,28900.0,31400.0,8.1,0,0.667,0.641,RENT,home_improvement,0
40,24000.0,6.4,12900.0,8600.0,8.1,0,0.58,0.358,RENT,home_improvement,0
52,29000.0,0.0,4200.0,2500.0,14.8,0,0.155,0.086,MORTGAGE,medical,0
25,30000.0,4.5,16400.0,12600.0,1.6,1,0.597,0.42,OWN,education,0
48,69000.0,3.7,5700.0,13600.0,7.2,0,0.106,0.197,MORTGAGE,other,0
37,55000.0,8.2,28200.0,16800.0,3.6,0,0.549,0.305,OWN,education,0
53,65000.0,14.9,7100.0,27700.0,14.3,0,0.16,0.426,MORTGAGE,medical,0
61,21000.0,0.0,5400.0,10900.0,5.2,0,0.319,0.519,RENT,other,0
44,25000.0,16.2,14800.0,14700.0,6.3,1,0.663,0.588,OWN,other,0
25,66000.0,5.0,3800.0,42800.0,13.2,0,0.135,0.648,OWN,education,1
41,15000.0,7.6,7600.0,7100.0,14.6,0,0.563,0.473,MORTGAGE,home_improvement,0
26,85000.0,0.0,25200.0,53000.0,15.4,0,0.371,0.624,MORTGAGE,education,0
40,22000.0,10.5,1500.0,11700.0,0.0,0,0.132,0.532,RENT,home_improvement,0
23,72000.0,6.2,41100.0,83500.0,10.4,0,0.71,1.16,MORTGAGE,education,0
49,33000.0,5.7,10900.0,4200.0,9.4,1,0.346,0.127,MORTGAGE,debt_consolidation,0
34,79000.0,0.0,41700.0,57200.0,7.7,0,0.615,0.724,MORTGAGE,education,1
29,208000.0,6.3,108500.0,56700.0,8.3,1,0.554,0.273,MORTGAGE,debt_consolidation,0
21,18000.0,9.8,200.0,8700.0,14.4,0,0.069,0.483,RENT,other,0
60,67000.0,4.9,10600.0,45500.0,13.2,2,0.24,0.679,RENT,debt_consolidation,0
57,22000.0,11.3,4400.0,20300.0,12.5,0,0.311,0.923,RENT,other,0
56,59000.0,11.1,18900.0,69300.0,9.0,0,0.461,1.175,MORTGAGE,other,1
23,45000.0,3.1,1900.0,27800.0,19.4,0,0.116,0.618,MORTGAGE,other,0
36,52000.0,13.2,12100.0,18000.0,6.0,0,0.274,0.346,MORTGAGE,education,0
63,33000.0,6.2,16100.0,31700.0,0.0,2,0.603,0.961,MORTGAGE,business,1
46,70000.0,6.2,7300.0,21300.0,6.7,0,0.141,0.304,RENT,other,0
26,26000.0,6.4,10900.0,16500.0,8.3,0,0.495,0.635,MORTGAGE,other,1
27,86000.0,6.3,23800.0,88000.0,14.5,0,0.4,1.023,MORTGAGE,other,0
32,41000.0,0.0,1700.0,21100.0,5.4,1,0.103,0.515,MORTGAGE,education,0
63,26000.0,5.2,2800.0,18000.0,10.5,1,0.191,0.692,RENT,business,0
28,100000.0,0.0,8500.0,18700.0,0.6,2,0.107,0.187,MORTGAGE,home_improvement,0
60,48000.0,13.3,17800.0,5500.0,13.4,0,0.385,0.115,MORTGAGE,other,0
50,116000.0,13.1,6100.0,137400.0,8.3,1,0.195,1.184,MORTGAGE,education,0
61,85000.0,9.8,42000.0,21700.0,6.6,1,0.525,0.255,RENT,home_improvement,0
57,34000.0,4.9,16500.0,14800.0,18.7,0,0.538,0.435,MORTGAGE,home_improvement,0
35,47000.0,1.5,2300.0,29600.0,13.3,0,0.125,0.63,OWN,other,0
57,52000.0,3.0,27700.0,25000.0,2.8,0,0.59,0.481,OWN,home_improvement,0
28,97000.0,14.7,55800.0,15700.0,7.5,1,0.595,0.162,OWN,business,0
33,60000.0,2.9,1600.0,16600.0,21.7,0,0.06,0.277,RENT,home_improvement,0
30,53000.0,0.0,30200.0,32700.0,17.9,0,0.644,0.617,MORTGAGE,medical,0
26,45000.0,10.6,7500.0,25000.0,12.6,0,0.233,0.556,RENT,medical,0
24,48000.0,12.8,19100.0,46500.0,0.0,1,0.514,0.969,MORTGAGE,medical,1
29,88000.0,13.5,9200.0,36000.0,14.7,0,0.154,0.409,MORTGAGE,home_improvement,0
26,49000.0,10.7,24000.0,55400.0,4.8,0,0.625,1.131,MORTGAGE,other,0
37,41000.0,11.4,20700.0,15400.0,14.6,0,0.55,0.376,OWN,other,0
24,38000.0,6.2,22300.0,16400.0,4.4,1,0.639,0.432,OWN,other,1
23,38000.0,0.0,22600.0,43400.0,10.4,0,0.732,1.142,RENT,education,1
64,26000.0,6.1,1200.0,26400.0,4.8,2,0.168,1.015,OWN,home_improvement,1
24,35000.0,8.8,13800.0,14500.0,6.2,2,0.444,0.414,OWN,medical,0
24,96000.0,5.4,15700.0,48400.0,11.1,1,0.224,0.504,MORTGAGE,debt_consolidation,0
22,45000.0,5.2,3400.0,45800.0,1.4,1,0.198,1.018,RENT,business,0
26,67000.0,1.7,6000.0,10000.0,19.9,0,0.107,0.149,RENT,home_improvement,0
44,16000.0,1.5,9000.0,6200.0,2.9,0,0.609,0.388,MORTGAGE,home_improvement,0
57,63000.0,14.3,25800.0,41700.0,2.6,0,0.489,0.662,RENT,business,0
53,46000.0,14.4,1400.0,46100.0,11.1,0,0.151,1.002,RENT,medical,0
46,39000.0,6.0,23000.0,27300.0,14.5,0,0.674,0.7,RENT,debt_consolidation,0
24,53000.0,7.3,25700.0,32500.0,6.4,0,0.558,0.613,MORTGAGE,other,1
55,39000.0,1.6,7200.0,45100.0,2.6,0,0.323,1.156,MORTGAGE,medical,0
22,19000.0,8.9,5400.0,3500.0,3.4,0,0.306,0.184,RENT,home_improvement,0
48,74000.0,13.9,32300.0,70100.0,2.8,0,0.55,0.947,OWN,education,0
39,55000.0,0.0,22300.0,10800.0,9.5,0,0.429,0.196,RENT,education,0
59,43000.0,8.1,11900.0,38400.0,7.7,0,0.384,0.893,RENT,other,0
34,32000.0,8.4,9800.0,21600.0,10.1,1,0.387,0.675,MORTGAGE,medical,0
49,25000.0,8.4,600.0,8900.0,9.8,0,0.067,0.356,MORTGAGE,business,0
40,54000.0,13.4,16200.0,36400.0,12.1,0,0.381,0.674,RENT,debt_consolidation,0
43,101000.0,15.2,20600.0,107200.0,6.0,0,0.331,1.061,MORTGAGE,medical,0
62,54000.0,4.9,9200.0,32000.0,4.3,1,0.241,0.593,RENT,debt_consolidation,1
52,26000.0,9.0,4200.0,1500.0,8.8,0,0.168,0.058,RENT,education,0
39,54000.0,6.4,21000.0,6200.0,7.7,2,0.403,0.115,MORTGAGE,medical,0
40,48000.0,3.2,12400.0,37300.0,9.3,1,0.352,0.777,RENT,other,0
52,72000.0,7.2,18400.0,59700.0,4.4,1,0.355,0.829,OWN,home_improvement,0
36,64000.0,9.0,6100.0,32800.0,11.2,0,0.157,0.512,MORTGAGE,home_improvement,0
28,15000.0,7.0,8700.0,4900.0,2.1,0,0.619,0.327,RENT,other,0
41,63000.0,2.0,8500.0,55000.0,5.8,0,0.24,0.873,MORTGAGE,medical,0
24,31000.0,3.9,7600.0,12400.0,13.6,0,0.293,0.4,MORTGAGE,business,0
28,26000.0,3.9,3000.0,3500.0,2.3,1,0.132,0.135,MORTGAGE,other,0
39,45000.0,2.2,19000.0,23400.0,13.3,0,0.485,0.52,OWN,debt_consolidation,0
56,59000.0,7.4,15400.0,39500.0,1.0,1,0.341,0.669,MORTGAGE,medical,0
55,23000.0,7.9,5700.0,26700.0,0.1,0,0.387,1.161,RENT,debt_consolidation,0
32,67000.0,10.4,35200.0,49000.0,0.5,0,0.613,0.731,MORTGAGE,other,0
39,69000.0,2.1,31400.0,20000.0,8.6,0,0.49,0.29,OWN,education,0
27,50000.0,3.4,15600.0,50400.0,11.6,0,0.433,1.008,RENT,education,0
54,33000.0,13.0,9300.0,12700.0,14.5,0,0.328,0.385,RENT,home_improvement,0
31,32000.0,5.3,18400.0,36900.0,14.1,0,0.713,1.153,MORTGAGE,medical,1
56,78000.0,6.1,44800.0,33100.0,12.3,0,0.625,0.424,MORTGAGE,medical,0
58,25000.0,5.2,10600.0,27400.0,3.8,1,0.556,1.096,RENT,other,1
51,79000.0,11.1,36000.0,83800.0,3.8,0,0.583,1.061,OWN,debt_consolidation,0
35,46000.0,11.3,24800.0,48000.0,11.9,0,0.664,1.043,RENT,business,0
62,47000.0,11.0,27200.0,4500.0,15.1,0,0.59,0.096,OWN,other,0
51,23000.0,6.1,1100.0,23600.0,2.8,0,0.171,1.026,OWN,other,0
49,46000.0,2.1,27500.0,40500.0,14.5,0,0.703,0.88,RENT,medical,0
58,65000.0,14.7,27400.0,28200.0,0.0,0,0.474,0.434,MORTGAGE,business,0
59,27000.0,9.9,9600.0,16600.0,9.9,0,0.429,0.615,RENT,debt_consolidation,0
24,61000.0,3.9,15100.0,47900.0,7.5,2,0.342,0.785,MORTGAGE,debt_consolidation,0
59,51000.0,12.4,10300.0,57900.0,7.0,1,0.338,1.135,MORTGAGE,business,0
54,37000.0,3.6,17900.0,35000.0,8.2,1,0.597,0.946,MORTGAGE,home_improvement,1
30,72000.0,12.3,28300.0,39100.0,3.7,1,0.458,0.543,MORTGAGE,business,0
34,18000.0,12.7,2200.0,14300.0,10.2,0,0.218,0.794,RENT,business,0
54,57000.0,1.9,20900.0,15000.0,8.3,0,0.398,0.263,RENT,business,0
30,102000.0,8.6,8600.0,54800.0,12.7,0,0.149,0.537,RENT,other,0
40,94000.0,9.5,28000.0,90200.0,16.0,0,0.413,0.96,MORTGAGE,home_improvement,0
51,58000.0,17.8,20300.0,43400.0,8.6,1,0.44,0.748,OWN,business,0
49,43000.0,2.7,16400.0,40900.0,3.9,1,0.496,0.951,MORTGAGE,business,1
61,37000.0,12.4,3200.0,23500.0,2.3,0,0.163,0.635,RENT,home_improvement,0
25,43000.0,6.1,2500.0,20900.0,16.5,0,0.116,0.486,OWN,home_improvement,0
33,63000.0,0.4,9800.0,56900.0,15.9,0,0.264,0.903,RENT,medical,0
64,34000.0,5.5,12400.0,5400.0,12.4,0,0.384,0.159,OWN,other,0
46,69000.0,6.0,38600.0,81100.0,8.3,0,0.7,1.175,RENT,medical,1
31,128000.0,1.2,59800.0,146000.0,12.1,0,0.604,1.141,RENT,debt_consolidation,0
33,48000.0,7.4,21500.0,51000.0,14.5,0,0.575,1.062,OWN,education,0
35,27000.0,10.3,5300.0,28800.0,4.9,1,0.324,1.067,MORTGAGE,education,0
45,27000.0,7.1,1800.0,17200.0,8.1,0,0.143,0.637,OWN,medical,0
33,70000.0,3.6,37500.0,43600.0,2.5,0,0.61,0.623,MORTGAGE,medical,0
48,48000.0,5.3,14400.0,47700.0,7.4,1,0.419,0.994,RENT,other,0
40,73000.0,6.0,4400.0,27400.0,15.7,0,0.105,0.375,RENT,other,0
47,39000.0,7.0,12500.0,40100.0,13.4,0,0.444,1.028,MORTGAGE,medical,0
27,71000.0,11.0,28800.0,20000.0,8.7,0,0.439,0.282,MORTGAGE,debt_consolidation,0
48,46000.0,7.2,8800.0,48800.0,0.0,1,0.319,1.061,MORTGAGE,home_improvement,0
61,35000.0,0.0,200.0,23500.0,4.7,1,0.086,0.671,RENT,home_improvement,0
26,41000.0,3.5,15300.0,41800.0,8.5,0,0.496,1.02,RENT,medical,0
35,29000.0,6.7,700.0,17900.0,6.9,1,0.098,0.617,MORTGAGE,debt_consolidation,0
51,120000.0,11.1,31200.0,90000.0,8.2,1,0.35,0.75,RENT,home_improvement,0
48,47000.0,11.8,23300.0,52400.0,9.2,0,0.63,1.115,MORTGAGE,debt_consolidation,1
50,66000.0,14.0,39600.0,35000.0,5.3,0,0.664,0.53,RENT,business,0
45,38000.0,6.6,8400.0,11500.0,8.0,2,0.257,0.303,OWN,home_improvement,0
51,31000.0,9.4,400.0,4800.0,7.3,1,0.031,0.155,MORTGAGE,other,0
47,44000.0,0.0,13000.0,32100.0,4.5,1,0.383,0.73,RENT,education,0
24,80000.0,7.9,13300.0,60200.0,17.2,1,0.257,0.752,MORTGAGE,business,0
54,39000.0,1.2,20900.0,29800.0,5.6,2,0.628,0.764,MORTGAGE,medical,0
40,33000.0,5.7,14100.0,3100.0,0.0,1,0.439,0.094,MORTGAGE,other,0
23,53000.0,19.6,12900.0,4300.0,16.9,1,0.253,0.081,RENT,debt_consolidation,0
38,61000.0,7.4,27900.0,65900.0,3.8,0,0.587,1.08,RENT,business,0
40,103000.0,2.1,21100.0,87500.0,12.5,0,0.307,0.85,OWN,medical,0
24,57000.0,7.8,17800.0,10300.0,4.6,2,0.334,0.181,RENT,education,1
64,65000.0,3.7,36000.0,8800.0,10.8,0,0.57,0.135,MORTGAGE,business,0
30,68000.0,1.7,8200.0,16100.0,7.8,0,0.149,0.237,RENT,medical,0
35,29000.0,15.5,5400.0,28400.0,13.0,0,0.304,0.979,MORTGAGE,medical,1
40,32000.0,10.8,17000.0,28200.0,6.9,0,0.637,0.881,MORTGAGE,medical,0
57,30000.0,7.6,8300.0,23500.0,4.7,0,0.371,0.783,RENT,debt_consolidation,0
53,27000.0,4.2,5100.0,21200.0,9.3,0,0.283,0.785,RENT,education,0
54,70000.0,4.6,1600.0,72600.0,6.1,1,0.147,1.037,MORTGAGE,other,0
31,56000.0,12.9,14100.0,24300.0,0.0,0,0.304,0.434,MORTGAGE,debt_consolidation,0
58,51000.0,7.4,15300.0,21400.0,5.0,0,0.35,0.42,OWN,home_improvement,0
57,15000.0,0.0,3700.0,8100.0,22.3,0,0.311,0.54,MORTGAGE,business,0
41,124000.0,16.9,20600.0,147300.0,0.0,0,0.309,1.188,OWN,debt_consolidation,0
45,33000.0,6.8,7300.0,22700.0,9.2,1,0.304,0.688,OWN,debt_consolidation,0
22,123000.0,7.5,47400.0,83500.0,6.8,1,0.467,0.679,RENT,business,1
54,26000.0,10.9,13900.0,25500.0,17.2,0,0.652,0.981,OWN,home_improvement,0
63,34000.0,8.1,13300.0,8700.0,2.4,1,0.422,0.256,OWN,home_improvement,0
41,18000.0,9.4,7000.0,9300.0,8.5,0,0.451,0.517,MORTGAGE,education,0
44,58000.0,4.1,28400.0,45700.0,11.4,0,0.584,0.788,MORTGAGE,other,0
42,30000.0,0.5,3000.0,35600.0,7.1,2,0.242,1.187,RENT,other,0
24,30000.0,7.3,5400.0,6800.0,4.2,1,0.207,0.227,RENT,home_improvement,0
48,26000.0,12.4,800.0,14800.0,7.9,2,0.099,0.569,RENT,home_improvement,0
52,70000.0,3.1,14700.0,76400.0,6.5,0,0.341,1.091,RENT,medical,0
61,68000.0,2.7,40800.0,60100.0,6.4,1,0.706,0.884,MORTGAGE,business,1
61,111000.0,11.5,21900.0,83900.0,12.7,0,0.288,0.756,MORTGAGE,debt_consolidation,0
42,36000.0,3.9,18600.0,12400.0,10.0,0,0.558,0.344,RENT,education,0
63,54000.0,4.2,2800.0,14300.0,10.8,0,0.084,0.265,RENT,debt_consolidation,0
44,27000.0,4.3,7400.0,13000.0,9.7,2,0.332,0.481,RENT,home_improvement,0
49,42000.0,5.7,8900.0,14400.0,12.8,0,0.253,0.343,OWN,medical,0
47,39000.0,0.0,4700.0,38200.0,14.5,0,0.238,0.979,OWN,debt_consolidation,0
64,60000.0,3.6,13400.0,52700.0,6.6,1,0.329,0.878,RENT,other,1
53,77000.0,7.0,30100.0,77800.0,12.1,0,0.512,1.01,OWN,debt_consolidation,0
26,77000.0,7.0,22700.0,19000.0,1.5,1,0.324,0.247,OWN,business,0
24,34000.0,11.2,17200.0,13800.0,0.0,0,0.555,0.406,OWN,education,0
39,77000.0,14.3,41800.0,71900.0,17.1,0,0.655,0.934,OWN,medical,0
43,48000.0,12.8,13900.0,11400.0,6.3,0,0.318,0.238,MORTGAGE,education,0
50,42000.0,10.1,24700.0,9100.0,9.3,2,0.614,0.217,RENT,education,0
42,36000.0,5.3,1600.0,17700.0,1.9,0,0.103,0.492,OWN,medical,0
43,38000.0,3.2,6300.0,10000.0,1.6,1,0.197,0.263,OWN,home_improvement,0
61,107000.0,6.1,26800.0,15100.0,4.4,1,0.267,0.141,RENT,debt_consolidation,0
35,56000.0,8.6,19600.0,22900.0,11.2,1,0.399,0.409,MORTGAGE,debt_consolidation,0
42,53000.0,9.7,17400.0,56000.0,5.4,0,0.455,1.057,MORTGAGE,home_improvement,0
45,44000.0,8.8,15000.0,5100.0,6.3,0,0.355,0.116,MORTGAGE,home_improvement,0
41,147000.0,5.5,79000.0,103100.0,4.3,0,0.622,0.701,MORTGAGE,debt_consolidation,0
63,88000.0,9.5,14700.0,61400.0,13.8,0,0.251,0.698,RENT,debt_consolidation,0
63,35000.0,11.7,17200.0,23100.0,12.3,0,0.571,0.66,MORTGAGE,other,0
43,43000.0,10.0,14400.0,27100.0,5.6,1,0.411,0.63,RENT,education,0
40,45000.0,5.9,13200.0,3100.0,11.4,0,0.302,0.069,RENT,education,0
46,52000.0,2.2,9300.0,5400.0,6.8,1,0.191,0.104,MORTGAGE,other,0
28,36000.0,2.1,6600.0,23000.0,6.3,0,0.26,0.639,RENT,medical,0
39,60000.0,2.9,14000.0,69800.0,7.8,2,0.373,1.163,MORTGAGE,debt_consolidation,0
30,94000.0,7.2,43100.0,48800.0,11.2,0,0.521,0.519,RENT,business,0
27,27000.0,8.3,7700.0,16000.0,3.5,0,0.356,0.593,MORTGAGE,business,0
25,30000.0,0.0,2800.0,35400.0,10.5,0,0.235,1.18,RENT,home_improvement,0
46,39000.0,3.7,17800.0,36900.0,20.5,0,0.57,0.946,RENT,business,0
21,40000.0,7.1,15900.0,37400.0,8.9,0,0.51,0.935,MORTGAGE,debt_consolidation,0
49,120000.0,2.0,68300.0,75700.0,8.2,0,0.645,0.631,MORTGAGE,other,1
40,77000.0,8.0,24500.0,83400.0,7.6,1,0.448,1.083,MORTGAGE,medical,0
37,75000.0,4.6,29400.0,53900.0,10.4,0,0.478,0.719,MORTGAGE,home_improvement,0
54,44000.0,2.7,12700.0,35400.0,0.0,1,0.385,0.805,RENT,other,0
44,43000.0,6.2,17600.0,41100.0,16.5,0,0.524,0.956,RENT,medical,0
53,26000.0,7.8,6800.0,13500.0,12.9,0,0.324,0.519,RENT,other,0
52,70000.0,2.2,5800.0,80200.0,4.8,1,0.22,1.146,MORTGAGE,debt_consolidation,0
22,61000.0,4.9,36100.0,72400.0,8.2,1,0.734,1.187,MORTGAGE,home_improvement,0
30,87000.0,8.1,37600.0,63100.0,5.2,1,0.519,0.725,MORTGAGE,education,0
46,45000.0,2.6,16400.0,13700.0,9.5,1,0.401,0.304,OWN,home_improvement,0
63,46000.0,0.0,13300.0,43300.0,8.3,0,0.402,0.941,RENT,medical,1
27,53000.0,0.0,22600.0,22300.0,9.1,1,0.477,0.421,OWN,education,0
25,73000.0,4.1,5600.0,52100.0,2.9,1,0.162,0.714,MORTGAGE,other,0
62,25000.0,0.1,4900.0,3700.0,5.6,1,0.214,0.148,MORTGAGE,home_improvement,0
63,68000.0,4.4,5100.0,66500.0,13.7,0,0.192,0.978,MORTGAGE,home_improvement,0
28,49000.0,13.5,3700.0,56500.0,5.3,0,0.214,1.153,MORTGAGE,other,0
38,30000.0,0.0,400.0,4800.0,0.0,1,0.033,0.16,RENT,business,0
48,19000.0,4.7,8600.0,16900.0,7.2,1,0.559,0.889,RENT,debt_consolidation,0
29,46000.0,15.6,6300.0,47800.0,20.1,0,0.262,1.039,RENT,other,0
35,94000.0,7.8,46900.0,16500.0,12.2,0,0.52,0.176,RENT,home_improvement,0
38,104000.0,4.3,56400.0,34700.0,5.1,1,0.582,0.334,RENT,business,0
49,58000.0,5.3,5900.0,29000.0,7.7,0,0.162,0.5,RENT,debt_consolidation,0
34,119000.0,7.9,50600.0,120500.0,11.4,0,0.547,1.013,OWN,home_improvement,0
39,48000.0,13.6,13300.0,29600.0,0.0,0,0.351,0.617,RENT,other,0
33,75000.0,3.6,41400.0,15600.0,3.7,1,0.577,0.208,OWN,debt_consolidation,1
54,40000.0,2.6,11600.0,13800.0,10.0,1,0.331,0.345,MORTGAGE,education,1
27,39000.0,0.0,8900.0,22900.0,16.0,0,0.299,0.587,RENT,education,0
31,36000.0,6.5,6400.0,3400.0,5.8,2,0.189,0.094,RENT,home_improvement,0
31,19000.0,0.0,10300.0,14700.0,15.8,0,0.635,0.774,RENT,debt_consolidation,1
60,87000.0,3.9,11800.0,6900.0,4.2,0,0.145,0.079,RENT,education,0
62,37000.0,1.9,18400.0,35100.0,0.0,0,0.611,0.949,RENT,education,1
43,34000.0,10.8,4000.0,30400.0,11.7,0,0.225,0.894,OWN,debt_consolidation,0
27,29000.0,3.7,11200.0,30300.0,10.7,0,0.512,1.045,RENT,business,1
54,45000.0,7.8,12200.0,10400.0,11.7,0,0.299,0.231,MORTGAGE,debt_consolidation,0
42,108000.0,0.0,6800.0,80200.0,11.5,0,0.152,0.743,MORTGAGE,education,0
58,126000.0,6.6,9500.0,119500.0,9.0,1,0.189,0.948,MORTGAGE,other,0
36,23000.0,0.6,3900.0,14800.0,6.7,3,0.247,0.643,OWN,education,1
64,42000.0,4.1,19300.0,8400.0,6.9,0,0.484,0.2,MORTGAGE,business,1
56,31000.0,16.0,13600.0,5100.0,5.7,0,0.458,0.165,RENT,education,0
30,76000.0,10.2,9400.0,56800.0,6.0,1,0.213,0.747,OWN,medical,0
52,56000.0,5.4,16000.0,34800.0,0.0,1,0.36,0.621,OWN,business,0
33,37000.0,20.4,2200.0,41400.0,1.9,1,0.194,1.119,MORTGAGE,education,0
36,51000.0,1.9,21900.0,51500.0,7.2,2,0.551,1.01,MORTGAGE,medical,1
32,40000.0,11.2,19000.0,35300.0,0.0,1,0.581,0.882,MORTGAGE,education,1
51,101000.0,0.0,54100.0,119200.0,0.0,0,0.677,1.18,MORTGAGE,home_improvement,1
32,63000.0,4.9,33500.0,53500.0,6.3,0,0.634,0.849,RENT,business,1
49,66000.0,0.0,13400.0,10300.0,7.4,1,0.222,0.156,MORTGAGE,education,0
46,15000.0,7.2,2300.0,2100.0,6.4,2,0.17,0.14,OWN,debt_consolidation,0
54,48000.0,6.3,25800.0,47400.0,0.0,0,0.656,0.988,RENT,home_improvement,0
64,125000.0,4.6,11000.0,58100.0,15.8,0,0.144,0.465,MORTGAGE,business,0
21,89000.0,10.9,3200.0,99100.0,0.8,0,0.17,1.113,MORTGAGE,medical,0
64,21000.0,3.4,4000.0,3900.0,3.9,1,0.213,0.186,RENT,medical,0
25,43000.0,7.5,19600.0,12000.0,1.7,2,0.489,0.279,MORTGAGE,education,0
44,29000.0,9.7,12100.0,27200.0,14.5,0,0.53,0.938,MORTGAGE,home_improvement,1
35,106000.0,0.0,62800.0,108600.0,10.1,0,0.715,1.025,RENT,debt_consolidation,1
49,55000.0,2.6,11900.0,57600.0,5.6,2,0.342,1.047,RENT,home_improvement,1
52,35000.0,6.2,5800.0,5700.0,5.3,2,0.185,0.163,RENT,other,0
58,50000.0,8.8,11300.0,24500.0,8.9,0,0.285,0.49,RENT,other,1
38,15000.0,12.4,7000.0,11900.0,1.8,1,0.562,0.793,MORTGAGE,debt_consolidation,0
62,30000.0,5.0,3900.0,33200.0,9.9,1,0.263,1.107,MORTGAGE,other,0
35,50000.0,4.6,28400.0,16200.0,5.3,1,0.607,0.324,RENT,business,0
29,72000.0,2.1,22100.0,53300.0,10.6,0,0.396,0.74,MORTGAGE,debt_consolidation,0
37,20000.0,7.5,9400.0,4300.0,10.4,0,0.496,0.215,RENT,education,0
44,41000.0,4.7,20400.0,37300.0,5.0,0,0.607,0.91,OWN,home_improvement,1
50,77000.0,4.8,22100.0,15100.0,0.0,0,0.311,0.196,RENT,business,0
57,26000.0,5.6,11600.0,31200.0,6.8,3,0.59,1.2,MORTGAGE,business,0
30,54000.0,8.5,11800.0,8400.0,0.8,0,0.237,0.156,RENT,home_improvement,0
34,50000.0,3.5,24300.0,41900.0,8.4,0,0.587,0.838,OWN,business,0
62,106000.0,2.5,52400.0,100000.0,6.7,2,0.608,0.943,MORTGAGE,home_improvement,1
40,44000.0,7.9,14900.0,15300.0,5.1,0,0.38,0.348,OWN,education,0
31,45000.0,0.0,5900.0,15400.0,1.5,0,0.172,0.342,MORTGAGE,debt_consolidation,0
64,72000.0,3.3,41900.0,53000.0,13.9,0,0.67,0.736,OWN,other,0
40,27000.0,0.8,15300.0,20900.0,5.7,1,0.66,0.774,MORTGAGE,home_improvement,1
64,44000.0,11.4,16400.0,38700.0,19.8,0,0.478,0.88,RENT,other,0
61,40000.0,4.0,23600.0,28700.0,8.2,1,0.676,0.718,MORTGAGE,other,1
60,46000.0,3.5,13900.0,11500.0,9.8,0,0.332,0.25,RENT,debt_consolidation,0
46,72000.0,5.8,16200.0,80100.0,8.2,1,0.358,1.112,MORTGAGE,debt_consolidation,0
56,63000.0,3.3,17400.0,15200.0,9.7,2,0.305,0.241,RENT,debt_consolidation,0
63,35000.0,4.2,1000.0,24500.0,13.5,0,0.113,0.7,MORTGAGE,other,0
32,52000.0,6.4,17100.0,57600.0,13.5,0,0.462,1.108,MORTGAGE,debt_consolidation,0
22,96000.0,4.1,38400.0,105600.0,0.0,1,0.532,1.1,MORTGAGE,medical,0
35,34000.0,4.1,2200.0,8300.0,12.3,0,0.094,0.244,MORTGAGE,other,0
49,52000.0,1.5,8000.0,16900.0,10.5,0,0.193,0.325,MORTGAGE,home_improvement,0
45,45000.0,0.8,19500.0,33400.0,8.2,0,0.522,0.742,MORTGAGE,medical,0
24,48000.0,6.3,22900.0,21000.0,16.6,0,0.53,0.438,MORTGAGE,debt_consolidation,0
45,24000.0,7.4,14200.0,21400.0,16.8,0,0.699,0.892,MORTGAGE,other,1
28,92000.0,0.0,14000.0,59900.0,12.5,0,0.23,0.651,OWN,medical,0
43,35000.0,9.4,17700.0,12500.0,5.3,0,0.549,0.357,RENT,business,0
46,78000.0,9.4,8100.0,40800.0,2.0,1,0.167,0.523,RENT,home_improvement,0
49,37000.0,10.4,2900.0,31300.0,11.8,0,0.18,0.846,MORTGAGE,business,1
39,37000.0,7.3,16200.0,35300.0,14.8,0,0.552,0.954,MORTGAGE,medical,1
38,85000.0,8.9,22700.0,40400.0,0.0,2,0.324,0.475,OWN,debt_consolidation,0
50,77000.0,15.8,36700.0,13100.0,13.4,2,0.497,0.17,OWN,medical,0
53,54000.0,4.6,9200.0,24600.0,6.7,0,0.225,0.456,OWN,debt_consolidation,0
56,69000.0,1.3,8800.0,53500.0,0.0,1,0.221,0.775,MORTGAGE,business,1
35,43000.0,0.0,14200.0,39700.0,10.3,1,0.441,0.923,MORTGAGE,other,0
39,49000.0,13.9,3400.0,52000.0,12.5,0,0.197,1.061,RENT,other,0
35,36000.0,14.0,6000.0,41600.0,6.2,1,0.305,1.156,RENT,education,0
44,74000.0,1.8,7400.0,48700.0,2.7,1,0.179,0.658,MORTGAGE,other,0
26,36000.0,2.7,6900.0,38200.0,16.6,0,0.319,1.061,MORTGAGE,other,1
39,96000.0,4.5,44100.0,33700.0,4.7,0,0.501,0.351,RENT,education,0
29,43000.0,11.5,3100.0,29800.0,13.8,0,0.155,0.693,OWN,home_improvement,0
44,49000.0,0.2,18000.0,32800.0,0.4,0,0.448,0.669,OWN,home_improvement,0
58,69000.0,0.0,24200.0,64400.0,10.1,0,0.463,0.933,RENT,medical,0
64,50000.0,15.8,16100.0,47000.0,9.9,0,0.435,0.94,RENT,education,0
40,43000.0,7.4,12500.0,16300.0,12.4,0,0.336,0.379,OWN,medical,0
23,48000.0,8.0,19100.0,51300.0,15.5,0,0.526,1.069,RENT,other,0
31,73000.0,5.1,37300.0,78500.0,3.9,0,0.64,1.075,RENT,debt_consolidation,0
25,36000.0,8.1,3500.0,41100.0,10.6,0,0.234,1.142,MORTGAGE,home_improvement,0
54,46000.0,0.0,22500.0,26500.0,1.2,0,0.558,0.576,OWN,medical,0
64,49000.0,2.2,1800.0,58100.0,1.1,1,0.179,1.186,MORTGAGE,business,1
45,72000.0,6.5,20800.0,68600.0,5.1,0,0.403,0.953,MORTGAGE,other,0
28,47000.0,0.0,14400.0,37700.0,10.0,0,0.403,0.802,OWN,other,1
21,111000.0,4.6,13200.0,60700.0,16.4,0,0.185,0.547,MORTGAGE,education,0
63,46000.0,4.4,2500.0,46900.0,17.3,0,0.177,1.02,MORTGAGE,medical,0
34,44000.0,4.6,2000.0,40900.0,6.2,1,0.157,0.93,RENT,education,0
25,45000.0,3.5,1000.0,32600.0,9.5,0,0.109,0.724,MORTGAGE,debt_consolidation,0
28,27000.0,1.5,9300.0,32300.0,12.7,0,0.488,1.196,MORTGAGE,business,0
32,31000.0,0.0,2900.0,10400.0,11.8,0,0.134,0.335,RENT,business,0
49,39000.0,6.7,18900.0,30700.0,7.2,0,0.579,0.787,MORTGAGE,business,0
60,82000.0,4.6,44200.0,34400.0,8.4,0,0.589,0.42,RENT,education,0
33,48000.0,0.0,8400.0,27700.0,7.4,0,0.244,0.577,RENT,business,0
51,39000.0,6.3,3800.0,17200.0,7.0,0,0.15,0.441,MORTGAGE,home_improvement,0
23,85000.0,4.7,20900.0,37000.0,6.3,0,0.298,0.435,RENT,education,0
21,99000.0,3.9,52400.0,47900.0,7.4,0,0.587,0.484,RENT,home_improvement,0
23,86000.0,0.0,20600.0,9900.0,6.0,0,0.253,0.115,MORTGAGE,education,0
61,33000.0,9.1,2100.0,3200.0,2.3,2,0.075,0.097,OWN,other,0
46,39000.0,0.5,23000.0,34500.0,12.3,0,0.696,0.885,MORTGAGE,education,0
56,111000.0,6.3,33300.0,45200.0,10.6,0,0.349,0.407,RENT,business,0
21,55000.0,2.4,11300.0,4100.0,17.4,0,0.214,0.075,MORTGAGE,other,0
21,43000.0,4.3,23100.0,6200.0,9.8,0,0.555,0.144,MORTGAGE,debt_consolidation,0
58,68000.0,11.2,37800.0,18700.0,5.9,0,0.589,0.275,RENT,other,0
25,77000.0,8.4,23000.0,8100.0,4.9,0,0.311,0.105,RENT,debt_consolidation,0
27,38000.0,11.1,7000.0,43200.0,8.2,0,0.321,1.137,MORTGAGE,medical,0
43,54000.0,7.5,15600.0,38000.0,10.8,0,0.373,0.704,MORTGAGE,education,0
47,74000.0,7.8,9700.0,37200.0,6.8,1,0.191,0.503,RENT,home_improvement,0
31,29000.0,0.0,8300.0,19200.0,0.6,0,0.366,0.662,RENT,medical,1
40,49000.0,4.6,6700.0,8800.0,4.3,0,0.158,0.18,MORTGAGE,other,0
50,30000.0,5.0,11200.0,25700.0,8.1,1,0.476,0.857,MORTGAGE,debt_consolidation,1
40,31000.0,11.5,14100.0,36100.0,11.7,0,0.595,1.165,MORTGAGE,home_improvement,0
37,38000.0,3.7,22100.0,7600.0,0.6,0,0.606,0.2,OWN,medical,0
24,61000.0,7.2,30800.0,13800.0,9.3,0,0.532,0.226,RENT,debt_consolidation,0
40,42000.0,7.0,2200.0,32500.0,9.1,2,0.145,0.774,MORTGAGE,home_improvement,0
56,37000.0,11.2,4700.0,8300.0,5.7,1,0.154,0.224,RENT,education,0
48,50000.0,5.4,16000.0,9700.0,5.1,0,0.343,0.194,MORTGAGE,education,0
60,29000.0,9.7,4500.0,23800.0,4.3,0,0.254,0.821,MORTGAGE,business,0
26,59000.0,0.0,500.0,44900.0,8.7,2,0.1,0.761,MORTGAGE,education,1
21,82000.0,0.0,37100.0,24600.0,13.6,0,0.488,0.3,MORTGAGE,debt_consolidation,0
45,47000.0,0.0,10100.0,46800.0,14.0,0,0.334,0.996,MORTGAGE,medical,0
28,45000.0,9.5,1800.0,7700.0,2.4,1,0.061,0.171,MORTGAGE,home_improvement,0
47,58000.0,9.0,17700.0,25100.0,7.1,0,0.357,0.433,RENT,debt_consolidation,0
60,20000.0,10.0,11700.0,18000.0,0.0,1,0.693,0.9,RENT,business,1
35,62000.0,3.0,25200.0,46900.0,8.5,0,0.497,0.756,OWN,education,0
45,198000.0,3.5,18900.0,146500.0,11.0,0,0.184,0.74,MORTGAGE,medical,0
50,46000.0,5.5,14200.0,38600.0,15.9,0,0.409,0.839,RENT,medical,0
27,46000.0,12.5,24900.0,36500.0,0.0,0,0.637,0.793,OWN,debt_consolidation,0
60,69000.0,13.6,2200.0,72800.0,2.6,1,0.158,1.055,OWN,business,0
29,103000.0,9.6,39400.0,72500.0,8.7,0,0.467,0.704,MORTGAGE,home_improvement,0
56,76000.0,7.5,32900.0,38900.0,0.0,2,0.494,0.512,MORTGAGE,business,0
50,19000.0,12.0,8000.0,17700.0,8.9,1,0.533,0.932,RENT,business,0
27,63000.0,4.8,5700.0,21900.0,11.1,1,0.132,0.348,MORTGAGE,debt_consolidation,0
52,156000.0,4.2,84900.0,144100.0,1.6,0,0.655,0.924,OWN,debt_consolidation,1
29,65000.0,5.4,12600.0,24200.0,8.7,1,0.239,0.372,RENT,other,0
47,29000.0,1.6,900.0,17500.0,1.9,1,0.103,0.603,RENT,debt_consolidation,0
63,56000.0,5.2,2800.0,50400.0,14.9,0,0.158,0.9,OWN,home_improvement,0
62,28000.0,1.0,7700.0,21600.0,9.0,0,0.368,0.771,RENT,other,0
59,85000.0,10.6,2000.0,12600.0,4.8,0,0.041,0.148,OWN,debt_consolidation,0
42,32000.0,8.4,15000.0,18000.0,1.8,0,0.536,0.562,RENT,medical,0
45,51000.0,12.4,26500.0,50200.0,9.9,0,0.638,0.984,RENT,education,0
34,33000.0,0.0,300.0,39500.0,14.8,0,0.153,1.197,OWN,education,0
61,38000.0,14.6,18500.0,22300.0,4.1,1,0.557,0.587,RENT,debt_consolidation,1
41,96000.0,0.0,56500.0,14300.0,5.8,0,0.606,0.149,MORTGAGE,medical,1
54,51000.0,0.6,900.0,24000.0,4.2,0,0.074,0.471,RENT,education,0
36,38000.0,3.2,16500.0,23300.0,15.8,0,0.508,0.613,MORTGAGE,business,0
53,29000.0,11.9,17400.0,3900.0,0.0,0,0.616,0.134,RENT,business,0
30,21000.0,7.0,10000.0,21900.0,14.4,0,0.601,1.043,OWN,education,0
53,28000.0,4.9,8500.0,18700.0,6.1,0,0.384,0.668,OWN,debt_consolidation,0
23,52000.0,2.4,27600.0,27500.0,7.6,1,0.594,0.529,RENT,medical,1
25,76000.0,0.0,32300.0,38500.0,6.3,2,0.486,0.507,RENT,education,1
36,38000.0,11.1,6700.0,3100.0,9.2,0,0.186,0.082,MORTGAGE,business,0
42,99000.0,9.6,13300.0,64000.0,4.4,0,0.212,0.646,OWN,business,0
52,35000.0,12.1,10800.0,20900.0,13.3,0,0.38,0.597,RENT,home_improvement,0
36,44000.0,7.8,9800.0,19700.0,13.5,0,0.276,0.448,OWN,debt_consolidation,0
21,30000.0,0.0,5900.0,24200.0,3.1,2,0.293,0.807,OWN,education,0
35,77000.0,0.4,8200.0,40200.0,11.3,0,0.169,0.522,MORTGAGE,other,0
40,126000.0,8.1,63900.0,89100.0,6.2,1,0.592,0.707,RENT,home_improvement,0
44,22000.0,4.3,9300.0,23500.0,8.3,0,0.551,1.068,MORTGAGE,education,1
49,42000.0,3.5,8300.0,19700.0,15.6,0,0.254,0.469,MORTGAGE,business,1
31,87000.0,1.0,12400.0,44200.0,4.6,0,0.203,0.508,MORTGAGE,business,0
47,26000.0,10.3,2000.0,27200.0,12.6,0,0.202,1.046,RENT,business,0
48,63000.0,8.1,4300.0,29100.0,10.3,0,0.124,0.462,MORTGAGE,other,0
55,85000.0,8.3,31900.0,47200.0,7.0,1,0.442,0.555,OWN,business,0
43,51000.0,3.1,3300.0,49500.0,9.8,0,0.181,0.971,MORTGAGE,debt_consolidation,0
56,63000.0,6.8,36300.0,46000.0,9.2,1,0.664,0.73,MORTGAGE,education,1
30,108000.0,0.0,18100.0,121400.0,2.2,0,0.302,1.124,RENT,business,1
52,118000.0,5.4,1800.0,69800.0,5.0,0,0.086,0.592,RENT,medical,0
23,48000.0,0.0,24600.0,28800.0,2.8,0,0.584,0.6,RENT,debt_consolidation,0
25,39000.0,0.0,8600.0,3900.0,6.6,2,0.233,0.1,MORTGAGE,business,0
59,32000.0,4.5,6600.0,8900.0,14.7,0,0.24,0.278,MORTGAGE,home_improvement,0
41,76000.0,16.7,5400.0,51000.0,10.9,1,0.152,0.671,MORTGAGE,home_improvement,0
48,26000.0,0.0,10300.0,6900.0,0.8,0,0.428,0.265,RENT,other,0
47,44000.0,0.4,9500.0,25200.0,6.6,2,0.285,0.573,RENT,other,0
51,51000.0,7.0,25200.0,19200.0,9.2,0,0.539,0.376,OWN,debt_consolidation,0
31,39000.0,14.0,14800.0,2900.0,11.7,0,0.388,0.074,RENT,education,0
28,56000.0,6.9,29600.0,33400.0,4.7,0,0.6,0.596,OWN,home_improvement,1
22,155000.0,9.2,57900.0,122900.0,1.8,0,0.469,0.793,MORTGAGE,medical,0
59,46000.0,4.5,21500.0,20200.0,7.7,1,0.52,0.439,OWN,business,0
30,40000.0,3.7,16700.0,37700.0,10.8,0,0.531,0.942,MORTGAGE,business,1
46,77000.0,6.4,21400.0,16800.0,9.2,0,0.304,0.218,OWN,debt_consolidation,0
41,55000.0,3.0,22700.0,8500.0,3.6,0,0.431,0.155,MORTGAGE,business,0
28,94000.0,9.3,37400.0,105800.0,16.8,2,0.533,1.126,RENT,debt_consolidation,0
39,53000.0,0.0,200.0,58800.0,7.5,1,0.137,1.109,OWN,medical,0
24,44000.0,10.0,18400.0,22800.0,9.0,0,0.48,0.518,RENT,medical,0
28,22000.0,6.2,3500.0,11700.0,4.7,1,0.223,0.532,MORTGAGE,education,1
27,24000.0,5.0,7800.0,24700.0,13.5,0,0.448,1.029,RENT,other,0
57,21000.0,0.0,1400.0,13900.0,10.9,0,0.146,0.662,MORTGAGE,medical,1
45,58000.0,1.6,800.0,10700.0,9.6,0,0.036,0.184,MORTGAGE,other,0
61,27000.0,11.4,200.0,4900.0,2.2,0,0.029,0.181,OWN,education,0
40,86000.0,5.1,8200.0,17300.0,13.5,0,0.119,0.201,RENT,education,0
29,50000.0,7.3,600.0,47400.0,11.8,0,0.126,0.948,OWN,medical,1
47,44000.0,2.0,3500.0,32700.0,13.1,0,0.169,0.743,OWN,home_improvement,0
61,34000.0,5.9,11400.0,13400.0,8.2,0,0.383,0.394,RENT,business,1
44,65000.0,0.0,15600.0,15400.0,7.6,0,0.268,0.237,RENT,home_improvement,0
21,34000.0,6.4,20000.0,6500.0,7.1,0,0.611,0.191,RENT,debt_consolidation,0
34,31000.0,7.7,15000.0,28000.0,19.4,0,0.592,0.903,RENT,education,0
61,84000.0,7.4,7400.0,89800.0,5.3,1,0.216,1.069,MORTGAGE,business,0
43,58000.0,1.9,14500.0,38300.0,2.1,0,0.329,0.66,RENT,medical,0
62,44000.0,4.5,11400.0,41300.0,6.1,2,0.372,0.939,MORTGAGE,debt_consolidation,1
43,65000.0,8.4,14100.0,24400.0,5.3,0,0.262,0.375,MORTGAGE,debt_consolidation,0
21,49000.0,5.0,14600.0,35500.0,14.3,0,0.385,0.724,MORTGAGE,business,1
59,58000.0,4.7,23300.0,32100.0,1.2,0,0.468,0.553,OWN,other,1
54,34000.0,14.6,13100.0,5100.0,5.2,0,0.403,0.15,RENT,home_improvement,0
52,124000.0,1.7,26600.0,75700.0,9.0,1,0.288,0.61,MORTGAGE,other,0
63,38000.0,10.9,16100.0,38900.0,14.3,0,0.547,1.024,OWN,education,1
29,99000.0,0.8,17200.0,10800.0,11.6,0,0.187,0.109,RENT,debt_consolidation,0
60,45000.0,8.9,22600.0,26900.0,16.1,0,0.574,0.598,MORTGAGE,home_improvement,0
31,70000.0,9.2,40500.0,73800.0,9.7,0,0.705,1.054,OWN,other,1
63,68000.0,3.7,12000.0,65200.0,7.0,0,0.292,0.959,MORTGAGE,home_improvement,1
29,82000.0,0.5,38600.0,50600.0,12.3,0,0.545,0.617,OWN,other,0
45,34000.0,0.0,16600.0,8400.0,1.2,0,0.518,0.247,OWN,medical,0
55,80000.0,3.2,23600.0,82100.0,0.0,0,0.418,1.026,RENT,business,0
24,113000.0,8.4,5900.0,25500.0,12.9,0,0.079,0.226,MORTGAGE,education,0
23,44000.0,1.2,20800.0,16200.0,9.1,1,0.517,0.368,MORTGAGE,debt_consolidation,0
58,50000.0,6.4,12200.0,9600.0,12.8,0,0.267,0.192,OWN,education,0
23,39000.0,0.0,4900.0,22500.0,3.7,1,0.195,0.577,MORTGAGE,other,0
48,42000.0,4.9,15800.0,32500.0,14.4,0,0.469,0.774,MORTGAGE,other,0
62,106000.0,0.8,27800.0,106100.0,11.4,0,0.382,1.001,RENT,education,0
48,31000.0,5.6,1600.0,18000.0,7.8,0,0.121,0.581,MORTGAGE,debt_consolidation,0
42,32000.0,3.7,18900.0,37300.0,9.0,2,0.73,1.166,MORTGAGE,home_improvement,1
39,101000.0,0.6,14800.0,74300.0,9.7,1,0.235,0.736,OWN,education,0
49,65000.0,3.0,19900.0,48400.0,3.7,1,0.396,0.745,RENT,other,0
46,127000.0,1.8,50800.0,32000.0,6.1,0,0.43,0.252,RENT,medical,0
43,40000.0,0.1,2800.0,10700.0,9.7,1,0.102,0.268,OWN,education,0
27,52000.0,10.9,23100.0,37100.0,5.9,1,0.53,0.713,MORTGAGE,business,0
50,36000.0,4.4,14000.0,31600.0,0.7,1,0.494,0.878,RENT,home_improvement,1
53,52000.0,0.0,15400.0,14800.0,9.5,0,0.33,0.285,MORTGAGE,home_improvement,0
52,22000.0,3.2,7000.0,13300.0,12.2,0,0.391,0.605,OWN,business,0
24,67000.0,10.1,38400.0,30800.0,13.3,0,0.628,0.46,OWN,education,0
51,57000.0,2.6,31200.0,31600.0,10.7,0,0.614,0.554,RENT,medical,0
53,48000.0,12.7,3200.0,14700.0,12.1,0,0.103,0.306,MORTGAGE,business,0
29,41000.0,2.1,9100.0,8700.0,12.9,0,0.247,0.212,MORTGAGE,business,0
58,33000.0,8.3,10200.0,13800.0,8.4,0,0.359,0.418,RENT,medical,0
44,68000.0,10.7,37500.0,71300.0,0.0,2,0.677,1.049,MORTGAGE,debt_consolidation,0
41,29000.0,8.0,14200.0,28300.0,13.8,0,0.607,0.976,RENT,other,0
52,62000.0,0.0,14400.0,10300.0,3.5,0,0.252,0.166,MORTGAGE,debt_consolidation,0
43,125000.0,1.8,66500.0,18900.0,2.3,0,0.55,0.151,RENT,debt_consolidation,0
44,96000.0,11.3,21800.0,59200.0,2.5,1,0.301,0.617,RENT,home_improvement,0
34,25000.0,2.4,4100.0,9200.0,20.4,0,0.208,0.368,RENT,home_improvement,0
61,39000.0,10.4,14300.0,38900.0,10.2,0,0.486,0.997,OWN,business,0
63,59000.0,4.1,12600.0,35900.0,2.8,0,0.287,0.608,MORTGAGE,medical,0
26,47000.0,6.6,17600.0,48400.0,4.6,0,0.498,1.03,MORTGAGE,other,0
53,26000.0,0.0,6400.0,4500.0,8.0,2,0.267,0.173,RENT,debt_consolidation,0
22,58000.0,3.3,27700.0,67600.0,10.7,0,0.617,1.166,OWN,other,0
37,49000.0,2.1,28100.0,45700.0,9.4,1,0.685,0.933,MORTGAGE,education,1
63,116000.0,7.0,18800.0,103400.0,3.4,1,0.269,0.891,OWN,medical,0
28,44000.0,6.4,13500.0,49800.0,9.6,1,0.443,1.132,RENT,debt_consolidation,0
37,83000.0,8.1,36100.0,49000.0,4.9,0,0.506,0.59,MORTGAGE,business,0
30,28000.0,3.8,2700.0,6200.0,13.2,0,0.123,0.221,RENT,medical,0
53,31000.0,1.8,14800.0,19300.0,8.3,0,0.552,0.623,RENT,business,0
41,68000.0,6.8,23800.0,67200.0,4.2,0,0.469,0.988,MORTGAGE,other,0
47,80000.0,1.4,7200.0,83100.0,11.4,0,0.215,1.039,OWN,home_improvement,0
62,32000.0,10.9,16700.0,19600.0,9.9,1,0.595,0.612,RENT,other,0
43,50000.0,5.5,12800.0,44600.0,5.6,0,0.363,0.892,MORTGAGE,education,0
53,26000.0,4.5,2800.0,8700.0,11.7,0,0.148,0.335,MORTGAGE,home_improvement,0
25,45000.0,8.1,5300.0,14200.0,11.1,0,0.156,0.316,MORTGAGE,business,0
30,71000.0,5.7,33500.0,51400.0,14.0,0,0.559,0.724,MORTGAGE,debt_consolidation,0
62,40000.0,0.0,22500.0,21400.0,11.6,0,0.627,0.535,MORTGAGE,business,0
58,44000.0,1.2,10000.0,10300.0,6.9,0,0.255,0.234,OWN,other,0
49,29000.0,10.8,1400.0,26800.0,0.0,1,0.159,0.924,MORTGAGE,home_improvement,1
37,37000.0,6.4,2200.0,24500.0,8.9,2,0.139,0.662,OWN,medical,0
29,108000.0,0.0,42400.0,70000.0,9.7,0,0.47,0.648,RENT,business,1
58,51000.0,7.6,11300.0,13700.0,8.3,0,0.254,0.269,OWN,medical,0
55,31000.0,3.5,7900.0,10100.0,0.0,0,0.294,0.326,OWN,other,0
31,43000.0,2.1,8700.0,36400.0,11.4,0,0.304,0.847,RENT,business,0
46,24000.0,0.8,6700.0,24700.0,3.4,0,0.403,1.029,MORTGAGE,home_improvement,0
48,31000.0,10.5,12000.0,7900.0,11.4,0,0.418,0.255,OWN,education,0
42,90000.0,0.0,29200.0,88600.0,16.5,0,0.443,0.984,RENT,business,1
61,46000.0,2.2,4500.0,44000.0,6.7,0,0.213,0.957,MORTGAGE,education,0
26,115000.0,6.5,33900.0,113500.0,10.2,0,0.413,0.987,MORTGAGE,education,0
32,47000.0,13.1,13000.0,33800.0,8.2,1,0.363,0.719,OWN,other,0
25,48000.0,8.5,15700.0,21800.0,10.6,0,0.382,0.454,RENT,debt_consolidation,0
51,65000.0,2.2,4300.0,60900.0,8.5,1,0.179,0.937,RENT,education,0
49,15000.0,12.9,1400.0,9000.0,5.4,1,0.165,0.6,RENT,education,0
64,54000.0,0.0,17200.0,16500.0,3.5,0,0.355,0.306,RENT,business,0
44,48000.0,7.2,7900.0,24600.0,16.0,0,0.226,0.512,RENT,other,0
27,96000.0,8.2,36200.0,55300.0,10.2,0,0.446,0.576,MORTGAGE,other,0
40,76000.0,2.0,17000.0,48000.0,12.2,0,0.299,0.632,OWN,education,0
24,29000.0,9.1,3800.0,31400.0,10.0,0,0.261,1.083,OWN,education,0
50,86000.0,3.7,33900.0,45000.0,12.9,0,0.457,0.523,OWN,debt_consolidation,0
50,44000.0,9.1,10400.0,16600.0,3.5,0,0.282,0.377,OWN,other,0
58,33000.0,0.0,3100.0,38200.0,8.4,0,0.233,1.158,RENT,home_improvement,0
35,54000.0,7.5,26200.0,17700.0,10.5,0,0.525,0.328,RENT,home_improvement,0
34,45000.0,4.1,11700.0,2800.0,14.5,0,0.267,0.062,RENT,education,0
24,98000.0,11.2,53800.0,100700.0,21.4,1,0.672,1.028,MORTGAGE,other,0
39,57000.0,5.8,6600.0,65400.0,10.0,0,0.253,1.147,OWN,other,0
41,54000.0,11.6,28400.0,45100.0,4.7,0,0.626,0.835,RENT,home_improvement,0
54,74000.0,8.3,36200.0,38400.0,2.0,1,0.551,0.519,MORTGAGE,medical,1
54,80000.0,5.4,5000.0,54000.0,3.5,3,0.144,0.675,MORTGAGE,home_improvement,0
27,70000.0,9.5,22300.0,70500.0,4.1,1,0.439,1.007,RENT,education,1
33,93000.0,9.6,36500.0,99300.0,0.0,0,0.521,1.068,OWN,business,0
43,64000.0,8.1,19000.0,10700.0,4.6,1,0.317,0.167,RENT,medical,0
35,53000.0,0.0,12400.0,55600.0,11.6,0,0.36,1.049,MORTGAGE,other,0
22,86000.0,1.6,48700.0,65400.0,8.4,1,0.658,0.76,OWN,medical,0
58,47000.0,12.2,19800.0,4100.0,6.7,1,0.432,0.087,RENT,business,0
53,50000.0,0.3,29000.0,8700.0,0.0,0,0.601,0.174,RENT,education,0
43,106000.0,10.0,53800.0,10900.0,13.3,0,0.52,0.103,MORTGAGE,business,0
34,102000.0,9.2,50000.0,116400.0,10.6,0,0.627,1.141,MORTGAGE,business,0
58,49000.0,2.7,21300.0,26500.0,7.9,0,0.5,0.541,MORTGAGE,other,0
22,40000.0,0.0,15500.0,34900.0,0.0,1,0.492,0.872,MORTGAGE,education,0
40,95000.0,3.4,50600.0,4900.0,5.5,0,0.539,0.052,RENT,medical,0
56,70000.0,15.4,25800.0,67400.0,10.2,0,0.484,0.963,RENT,business,1
62,57000.0,2.1,2600.0,34400.0,7.9,2,0.118,0.604,OWN,other,0
32,42000.0,2.4,14700.0,46700.0,9.0,0,0.483,1.112,RENT,debt_consolidation,0
49,57000.0,1.5,3500.0,37000.0,11.4,1,0.139,0.649,OWN,debt_consolidation,0
29,49000.0,11.5,27900.0,46900.0,8.8,1,0.684,0.957,RENT,debt_consolidation,0
26,36000.0,4.9,14000.0,27900.0,11.2,0,0.482,0.775,OWN,debt_consolidation,1
36,52000.0,3.2,17300.0,33700.0,3.8,1,0.41,0.648,OWN,home_improvement,0
59,55000.0,12.4,6500.0,62700.0,1.9,0,0.255,1.14,RENT,home_improvement,1
51,41000.0,8.6,12700.0,25400.0,10.4,0,0.384,0.62,MORTGAGE,debt_consolidation,1
42,74000.0,1.9,15200.0,79600.0,11.4,0,0.334,1.076,MORTGAGE,other,1
33,88000.0,0.5,35700.0,8100.0,10.6,0,0.417,0.092,MORTGAGE,business,0
27,76000.0,11.2,27600.0,61300.0,8.7,0,0.46,0.807,OWN,home_improvement,0
32,43000.0,6.1,12900.0,47200.0,6.4,1,0.432,1.098,RENT,education,1
27,69000.0,0.0,10500.0,74800.0,9.1,0,0.282,1.084,OWN,education,0
29,51000.0,0.0,16100.0,31000.0,9.9,1,0.389,0.608,MORTGAGE,other,0
51,28000.0,1.0,7800.0,16600.0,10.2,0,0.35,0.593,RENT,debt_consolidation,0
26,66000.0,0.4,33700.0,64800.0,21.0,0,0.628,0.982,MORTGAGE,other,0
23,52000.0,0.0,27900.0,22600.0,3.4,0,0.589,0.435,RENT,debt_consolidation,0
44,157000.0,1.1,71500.0,177100.0,24.1,0,0.591,1.128,MORTGAGE,medical,0
33,94000.0,1.9,18000.0,31800.0,1.7,0,0.232,0.338,RENT,medical,0
41,68000.0,3.9,1600.0,9200.0,9.9,0,0.04,0.135,OWN,home_improvement,0
27,55000.0,13.6,30500.0,51600.0,2.0,0,0.667,0.938,RENT,debt_consolidation,0
30,53000.0,4.8,31500.0,27300.0,9.5,0,0.656,0.515,MORTGAGE,education,0
40,31000.0,5.2,2400.0,14200.0,12.9,0,0.132,0.458,OWN,other,0
51,22000.0,8.3,9100.0,9200.0,8.2,0,0.464,0.418,OWN,medical,0
39,33000.0,4.9,8400.0,38900.0,12.9,0,0.396,1.179,MORTGAGE,other,1
44,48000.0,7.8,4300.0,34000.0,5.9,1,0.175,0.708,RENT,education,0
43,19000.0,7.3,11400.0,22600.0,0.0,1,0.743,1.189,OWN,medical,1
32,38000.0,6.6,21300.0,16900.0,11.1,0,0.614,0.445,RENT,other,0
33,44000.0,18.4,25900.0,23100.0,8.2,0,0.652,0.525,MORTGAGE,education,0
39,44000.0,10.1,3800.0,12900.0,5.6,0,0.122,0.293,OWN,other,0
22,36000.0,1.1,10600.0,19600.0,5.9,1,0.36,0.544,RENT,other,0
51,42000.0,7.7,22600.0,5100.0,10.0,0,0.553,0.121,RENT,medical,0
48,106000.0,2.4,42900.0,5400.0,3.9,1,0.411,0.051,MORTGAGE,education,0
34,66000.0,8.0,17200.0,37700.0,9.9,0,0.329,0.571,MORTGAGE,home_improvement,0
37,38000.0,0.0,11800.0,34500.0,13.9,0,0.419,0.908,RENT,home_improvement,0
35,48000.0,1.0,1100.0,26500.0,18.3,0,0.089,0.552,OWN,other,0
49,48000.0,7.5,17600.0,31000.0,15.0,0,0.444,0.646,OWN,education,0
54,35000.0,10.5,18100.0,19700.0,8.8,0,0.585,0.563,OWN,other,0
25,35000.0,8.3,100.0,23000.0,9.3,1,0.082,0.657,RENT,education,0
39,77000.0,9.8,7400.0,72500.0,6.0,1,0.209,0.942,MORTGAGE,home_improvement,0
21,41000.0,7.7,12700.0,39900.0,5.7,2,0.427,0.973,OWN,medical,0
40,30000.0,6.8,10100.0,30400.0,12.4,1,0.458,1.013,RENT,home_improvement,0
31,48000.0,3.7,9900.0,14100.0,6.5,0,0.242,0.294,MORTGAGE,education,0
35,52000.0,9.7,900.0,30000.0,9.8,0,0.087,0.577,RENT,education,0
41,20000.0,10.6,8900.0,20100.0,3.2,0,0.566,1.005,RENT,business,0
35,48000.0,5.7,7000.0,54400.0,14.9,0,0.282,1.133,RENT,other,0
38,72000.0,5.5,27800.0,48600.0,6.4,0,0.467,0.675,MORTGAGE,medical,0
54,60000.0,13.2,20100.0,37000.0,13.4,0,0.409,0.617,MORTGAGE,other,0
56,134000.0,5.9,34600.0,124500.0,4.5,0,0.37,0.929,RENT,home_improvement,0
21,86000.0,6.3,30500.0,102400.0,4.2,0,0.498,1.191,MORTGAGE,medical,0
37,94000.0,8.2,39200.0,50700.0,14.6,0,0.482,0.539,RENT,education,0
58,173000.0,5.6,59400.0,41500.0,4.9,0,0.372,0.24,RENT,education,0
44,69000.0,2.3,23100.0,69700.0,0.2,0,0.456,1.01,OWN,business,0
30,53000.0,7.7,13900.0,46000.0,2.8,0,0.366,0.868,MORTGAGE,education,0
47,76000.0,5.8,19600.0,16500.0,12.3,0,0.284,0.217,MORTGAGE,home_improvement,0
27,38000.0,14.3,11200.0,16000.0,11.8,1,0.345,0.421,RENT,education,0
21,51000.0,9.5,13800.0,35000.0,4.2,1,0.353,0.686,RENT,debt_consolidation,0
48,37000.0,3.3,9700.0,33000.0,4.8,1,0.369,0.892,OWN,medical,0
43,59000.0,9.3,7400.0,55900.0,11.4,0,0.239,0.947,RENT,business,0
54,37000.0,7.4,16100.0,8500.0,14.6,0,0.463,0.23,RENT,debt_consolidation,1
36,36000.0,11.9,2900.0,10800.0,7.7,3,0.117,0.3,MORTGAGE,education,0
58,59000.0,3.6,32200.0,53400.0,10.8,0,0.654,0.905,MORTGAGE,home_improvement,1
39,46000.0,6.8,17200.0,8400.0,12.4,0,0.396,0.183,OWN,debt_consolidation,0
53,21000.0,5.6,600.0,13100.0,18.8,0,0.103,0.624,OWN,debt_consolidation,0
25,25000.0,6.3,9900.0,16900.0,2.2,2,0.477,0.676,RENT,education,0
25,29000.0,2.0,6300.0,12800.0,4.7,0,0.27,0.441,RENT,medical,0
55,33000.0,8.6,18400.0,31900.0,5.5,1,0.674,0.967,MORTGAGE,medical,0
57,59000.0,7.9,33100.0,6700.0,12.1,1,0.575,0.114,RENT,debt_consolidation,0
62,54000.0,11.8,27400.0,51000.0,6.7,1,0.621,0.944,MORTGAGE,debt_consolidation,1
35,79000.0,6.0,26900.0,62600.0,9.6,0,0.436,0.792,RENT,debt_consolidation,1
21,69000.0,4.1,38100.0,43700.0,8.6,0,0.628,0.633,OWN,business,1
64,79000.0,9.6,30800.0,83200.0,8.0,1,0.516,1.053,OWN,medical,0
47,64000.0,2.4,33600.0,18100.0,8.5,1,0.559,0.283,RENT,education,0
31,54000.0,10.9,5200.0,52400.0,13.1,0,0.213,0.97,RENT,debt_consolidation,0
54,80000.0,10.9,43400.0,21300.0,3.1,1,0.574,0.266,OWN,debt_consolidation,1
60,74000.0,11.7,29400.0,88000.0,7.3,0,0.54,1.189,RENT,education,0
33,58000.0,7.7,10600.0,5100.0,1.9,0,0.193,0.088,RENT,other,0
54,87000.0,3.8,52100.0,59700.0,9.1,2,0.681,0.686,RENT,debt_consolidation,0
55,17000.0,6.5,7000.0,4100.0,7.0,1,0.441,0.241,RENT,medical,0
43,43000.0,7.7,23400.0,22300.0,13.3,0,0.606,0.519,RENT,medical,1
48,43000.0,3.5,100.0,9500.0,8.0,0,0.029,0.221,RENT,other,0
32,82000.0,12.0,27200.0,22400.0,5.8,1,0.364,0.273,RENT,home_improvement,0
61,99000.0,8.6,42300.0,11900.0,6.8,0,0.442,0.12,OWN,home_improvement,0
64,26000.0,2.0,200.0,1500.0,16.6,0,0.015,0.058,RENT,medical,0
64,93000.0,14.5,42600.0,81600.0,0.1,1,0.563,0.877,OWN,education,1
53,29000.0,6.4,11300.0,16600.0,4.9,0,0.458,0.572,MORTGAGE,home_improvement,1
22,29000.0,1.1,4800.0,3000.0,8.2,0,0.178,0.103,MORTGAGE,medical,0
37,44000.0,2.3,18200.0,49700.0,4.8,1,0.549,1.13,OWN,other,0
40,42000.0,12.7,3300.0,34200.0,10.5,0,0.176,0.814,RENT,other,0
63,24000.0,14.2,11900.0,8500.0,7.7,0,0.538,0.354,RENT,debt_consolidation,0
45,66000.0,10.5,34300.0,36600.0,9.3,0,0.586,0.555,MORTGAGE,business,0
44,67000.0,11.9,19500.0,41000.0,8.6,1,0.364,0.612,RENT,business,0
27,79000.0,11.5,24100.0,55700.0,7.5,1,0.39,0.705,RENT,medical,0
55,40000.0,8.5,9600.0,41400.0,1.5,2,0.364,1.035,OWN,education,0
35,48000.0,7.5,9900.0,35000.0,8.9,2,0.294,0.729,OWN,business,0
25,48000.0,8.4,25100.0,56400.0,0.0,2,0.664,1.175,MORTGAGE,medical,1
64,105000.0,9.3,19200.0,93000.0,4.6,0,0.289,0.886,MORTGAGE,debt_consolidation,0
29,15000.0,2.7,3600.0,17800.0,10.4,1,0.382,1.187,MORTGAGE,debt_consolidation,1
21,32000.0,9.3,5800.0,21900.0,13.9,0,0.263,0.684,RENT,business,1
24,49000.0,12.6,19300.0,40700.0,19.7,0,0.494,0.831,RENT,education,0
40,30000.0,5.1,14700.0,27000.0,5.9,0,0.598,0.9,MORTGAGE,medical,0
25,44000.0,4.6,4300.0,40400.0,3.7,0,0.208,0.918,RENT,business,0
58,46000.0,8.1,7000.0,3600.0,10.6,0,0.162,0.078,RENT,home_improvement,0
43,36000.0,3.1,2200.0,7100.0,17.3,0,0.085,0.197,MORTGAGE,other,0
35,50000.0,0.1,4800.0,15600.0,15.7,0,0.133,0.312,MORTGAGE,home_improvement,0
21,65000.0,11.2,15900.0,23500.0,2.8,0,0.288,0.362,RENT,education,0
42,44000.0,4.0,20500.0,48000.0,7.3,1,0.597,1.091,OWN,home_improvement,1
27,40000.0,6.1,13000.0,35200.0,12.3,0,0.431,0.88,MORTGAGE,business,0
64,45000.0,3.3,1400.0,9700.0,12.6,0,0.057,0.216,MORTGAGE,debt_consolidation,0
33,49000.0,11.7,18400.0,26500.0,11.0,0,0.44,0.541,RENT,education,0
41,22000.0,9.8,10500.0,7300.0,5.8,0,0.517,0.332,MORTGAGE,home_improvement,0
21,60000.0,4.9,14200.0,60300.0,10.9,1,0.357,1.005,MORTGAGE,business,0
26,40000.0,0.7,5900.0,44200.0,12.6,0,0.28,1.105,MORTGAGE,debt_consolidation,0
30,86000.0,4.4,39400.0,20500.0,3.3,1,0.487,0.238,MORTGAGE,medical,0
23,64000.0,8.6,900.0,33900.0,14.7,0,0.078,0.53,RENT,business,0
52,83000.0,6.8,40600.0,95100.0,13.0,1,0.627,1.146,RENT,business,0
62,31000.0,6.5,15000.0,25000.0,4.3,2,0.581,0.806,OWN,medical,1
64,41000.0,7.0,21800.0,43000.0,12.6,0,0.658,1.049,RENT,medical,1
32,28000.0,9.4,1500.0,12900.0,12.1,0,0.109,0.461,MORTGAGE,debt_consolidation,0
55,36000.0,5.8,2300.0,10500.0,12.3,0,0.099,0.292,OWN,medical,0
43,86000.0,8.0,45000.0,72700.0,15.9,0,0.625,0.845,RENT,business,0
23,96000.0,1.6,27400.0,20000.0,7.9,1,0.31,0.208,OWN,home_improvement,0
24,29000.0,17.5,6800.0,29500.0,9.7,0,0.357,1.017,OWN,home_improvement,0
45,40000.0,4.7,13800.0,36700.0,0.0,0,0.455,0.918,MORTGAGE,home_improvement,0
39,47000.0,6.9,1700.0,18800.0,13.6,0,0.084,0.4,MORTGAGE,education,0
21,64000.0,8.5,24700.0,39900.0,13.1,0,0.461,0.623,OWN,debt_consolidation,0
61,22000.0,4.2,12500.0,21300.0,14.8,0,0.684,0.968,RENT,other,1
53,24000.0,6.0,9700.0,27000.0,3.3,0,0.539,1.125,MORTGAGE,medical,1
43,61000.0,6.0,17000.0,27800.0,12.8,0,0.333,0.456,RENT,business,0
64,20000.0,1.9,11500.0,19200.0,13.1,0,0.69,0.96,OWN,other,0
63,40000.0,8.0,16500.0,10900.0,4.7,1,0.445,0.272,MORTGAGE,medical,1
63,53000.0,0.0,1800.0,57700.0,13.3,0,0.165,1.089,MORTGAGE,business,0
32,59000.0,13.9,23700.0,49500.0,10.3,0,0.502,0.839,RENT,medical,0
59,46000.0,9.6,1600.0,10400.0,0.0,3,0.062,0.226,RENT,business,1
43,42000.0,8.9,7700.0,37800.0,10.9,0,0.291,0.9,OWN,debt_consolidation,0
52,72000.0,0.0,26600.0,63600.0,4.2,0,0.475,0.883,RENT,business,1
58,56000.0,2.4,7200.0,50600.0,0.0,0,0.237,0.904,MORTGAGE,education,0
28,37000.0,12.3,800.0,16500.0,9.8,0,0.075,0.446,MORTGAGE,education,0
40,50000.0,24.7,18500.0,45000.0,7.7,2,0.478,0.9,RENT,home_improvement,0
26,58000.0,11.4,9900.0,58000.0,15.0,0,0.291,1.0,RENT,education,0
33,106000.0,10.7,33900.0,47600.0,8.9,1,0.374,0.449,RENT,education,0
39,70000.0,8.4,11000.0,20200.0,11.9,0,0.192,0.289,OWN,education,0
58,85000.0,2.2,35000.0,91000.0,10.5,0,0.54,1.071,RENT,other,0
58,37000.0,10.5,19900.0,28300.0,13.1,2,0.63,0.765,RENT,medical,1
38,39000.0,1.0,2000.0,22600.0,3.6,0,0.121,0.579,OWN,business,0
35,44000.0,0.6,20800.0,46700.0,9.0,0,0.6,1.061,OWN,other,0
44,46000.0,0.3,4300.0,9500.0,7.3,1,0.118,0.207,MORTGAGE,medical,0
61,31000.0,10.4,6100.0,30400.0,11.3,0,0.314,0.981,MORTGAGE,education,1
63,87000.0,5.7,18700.0,53500.0,9.3,0,0.289,0.615,OWN,business,0
30,73000.0,6.5,9000.0,7200.0,4.9,1,0.135,0.099,OWN,debt_consolidation,0
29,43000.0,5.9,1900.0,50200.0,6.3,1,0.184,1.167,OWN,business,0
52,65000.0,0.9,30000.0,61400.0,16.2,0,0.575,0.945,MORTGAGE,debt_consolidation,0
34,54000.0,3.0,25700.0,16000.0,0.0,0,0.511,0.296,MORTGAGE,education,0
29,68000.0,3.2,40700.0,75600.0,11.5,0,0.732,1.112,MORTGAGE,home_improvement,0
22,27000.0,0.0,15100.0,30400.0,14.2,0,0.694,1.126,OWN,other,0
38,46000.0,3.7,12000.0,44600.0,10.9,1,0.377,0.97,MORTGAGE,medical,0
38,48000.0,1.1,3800.0,9400.0,17.9,0,0.103,0.196,RENT,medical,0
45,65000.0,8.6,400.0,17200.0,12.7,0,0.038,0.265,MORTGAGE,medical,0
29,37000.0,9.0,11800.0,33900.0,9.9,0,0.429,0.916,RENT,business,0
52,16000.0,0.2,8300.0,17600.0,5.7,0,0.651,1.1,RENT,debt_consolidation,0
50,30000.0,4.7,4800.0,8900.0,10.0,1,0.196,0.297,RENT,debt_consolidation,0
41,48000.0,14.4,5700.0,27800.0,11.4,0,0.188,0.579,RENT,other,0
28,50000.0,1.6,13200.0,11400.0,8.0,2,0.291,0.228,MORTGAGE,medical,0
43,105000.0,7.9,56300.0,63000.0,4.3,1,0.608,0.6,RENT,business,0
50,64000.0,6.5,17300.0,50500.0,2.0,0,0.365,0.789,MORTGAGE,education,0
37,51000.0,10.9,22100.0,3600.0,8.9,0,0.442,0.071,OWN,other,0
32,48000.0,7.3,13300.0,37900.0,0.6,0,0.372,0.79,RENT,debt_consolidation,0
43,81000.0,4.1,18100.0,63600.0,5.6,0,0.318,0.785,RENT,education,0
36,38000.0,6.3,10100.0,21800.0,0.0,0,0.335,0.574,RENT,medical,1
38,46000.0,6.4,21200.0,49700.0,12.2,0,0.591,1.08,OWN,education,0
36,30000.0,5.6,13600.0,6200.0,13.8,0,0.478,0.207,RENT,other,1
34,93000.0,0.1,24100.0,10100.0,8.4,0,0.272,0.109,RENT,debt_consolidation,0
52,58000.0,11.6,9300.0,36000.0,17.2,0,0.235,0.621,RENT,business,0
41,36000.0,10.8,3000.0,23900.0,14.7,0,0.163,0.664,RENT,other,0
41,47000.0,1.3,0.0,16800.0,10.4,2,0.043,0.357,MORTGAGE,debt_consolidation,0
49,62000.0,4.6,4200.0,71700.0,7.4,0,0.207,1.156,MORTGAGE,medical,0
36,44000.0,5.0,4300.0,15000.0,6.3,0,0.139,0.341,RENT,debt_consolidation,0
25,39000.0,0.8,16100.0,14100.0,10.8,1,0.456,0.362,MORTGAGE,medical,0
58,37000.0,0.0,18200.0,36400.0,7.3,0,0.61,0.984,MORTGAGE,education,1
23,57000.0,3.0,25200.0,63300.0,10.7,0,0.575,1.111,OWN,business,1
46,42000.0,4.4,18200.0,28000.0,11.1,0,0.513,0.667,MORTGAGE,home_improvement,0
32,40000.0,0.0,23900.0,2900.0,6.9,0,0.606,0.072,OWN,education,0
30,27000.0,6.8,15600.0,12400.0,13.5,0,0.633,0.459,OWN,debt_consolidation,0
22,51000.0,11.2,8200.0,15700.0,6.9,0,0.198,0.308,RENT,business,0
60,45000.0,9.8,3900.0,28700.0,8.1,2,0.163,0.638,RENT,debt_consolidation,0
39,42000.0,5.4,3900.0,35100.0,3.1,0,0.193,0.836,MORTGAGE,business,1
36,54000.0,0.0,29000.0,27100.0,6.6,0,0.597,0.502,RENT,education,0
53,69000.0,9.2,4200.0,46100.0,18.8,0,0.141,0.668,MORTGAGE,other,0
22,67000.0,6.7,13700.0,61900.0,3.5,1,0.315,0.924,MORTGAGE,debt_consolidation,0
45,63000.0,7.9,20000.0,21000.0,10.2,0,0.357,0.333,MORTGAGE,medical,0
42,44000.0,14.7,16200.0,12100.0,5.7,0,0.401,0.275,RENT,home_improvement,0
45,38000.0,2.3,13600.0,37100.0,0.0,0,0.475,0.976,MORTGAGE,debt_consolidation,1
26,31000.0,0.0,14600.0,2900.0,10.8,0,0.482,0.094,RENT,other,1
62,38000.0,1.3,13000.0,8500.0,5.2,0,0.369,0.224,RENT,other,0
31,49000.0,8.2,25000.0,3100.0,9.6,0,0.518,0.063,MORTGAGE,other,0
50,34000.0,6.1,1700.0,23400.0,12.9,0,0.133,0.688,RENT,home_improvement,0
53,51000.0,0.5,26300.0,37700.0,9.2,1,0.604,0.739,OWN,business,0
36,32000.0,0.0,11300.0,21100.0,9.6,2,0.432,0.659,MORTGAGE,education,1
26,23000.0,4.4,3100.0,12100.0,3.7,0,0.198,0.526,OWN,home_improvement,0
34,71000.0,0.4,41700.0,46700.0,11.5,0,0.666,0.658,OWN,education,0
56,40000.0,8.3,22600.0,10900.0,7.1,0,0.598,0.272,MORTGAGE,home_improvement,0
60,34000.0,4.1,17300.0,34000.0,0.0,2,0.629,1.0,MORTGAGE,medical,1
62,30000.0,3.2,16400.0,35300.0,12.1,0,0.688,1.177,OWN,medical,0
30,59000.0,2.6,13500.0,39600.0,13.7,0,0.309,0.671,RENT,home_improvement,0
47,91000.0,7.2,12400.0,43700.0,15.4,0,0.194,0.48,MORTGAGE,business,0
27,41000.0,6.2,4500.0,39400.0,18.9,0,0.225,0.961,RENT,medical,0
52,44000.0,6.9,23100.0,12000.0,11.9,0,0.558,0.273,MORTGAGE,medical,0
39,79000.0,6.8,39200.0,33100.0,10.6,0,0.546,0.419,OWN,debt_consolidation,0
52,22000.0,5.7,12900.0,24900.0,13.5,1,0.722,1.132,MORTGAGE,business,0
51,119000.0,1.4,60600.0,31400.0,3.6,1,0.541,0.264,MORTGAGE,education,0
64,147000.0,2.7,55800.0,26300.0,0.0,0,0.401,0.179,MORTGAGE,education,0
42,15000.0,4.2,1300.0,10200.0,5.6,2,0.168,0.68,MORTGAGE,debt_consolidation,0
36,47000.0,15.3,4600.0,34100.0,14.4,0,0.185,0.726,MORTGAGE,other,0
44,35000.0,0.0,9900.0,25800.0,4.7,0,0.371,0.737,OWN,medical,0
28,44000.0,4.1,20300.0,10500.0,10.3,0,0.49,0.239,RENT,business,0
25,41000.0,6.4,4300.0,36100.0,10.9,1,0.211,0.88,RENT,medical,0
43,71000.0,4.6,39000.0,23300.0,9.2,3,0.589,0.328,RENT,debt_consolidation,1
57,47000.0,10.8,19300.0,53600.0,1.6,1,0.547,1.14,MORTGAGE,business,1
44,33000.0,4.6,6200.0,10300.0,9.7,0,0.225,0.312,OWN,education,0
55,45000.0,4.9,23900.0,3100.0,5.9,2,0.539,0.069,RENT,medical,0
28,62000.0,9.7,22300.0,43600.0,16.5,1,0.444,0.703,MORTGAGE,medical,1
40,29000.0,14.1,12800.0,8200.0,13.7,0,0.475,0.283,OWN,business,0
47,23000.0,12.3,5300.0,17800.0,6.1,0,0.323,0.774,RENT,home_improvement,0
36,120000.0,5.4,28300.0,37600.0,16.8,0,0.273,0.313,OWN,other,0
21,37000.0,5.8,300.0,20100.0,9.7,1,0.073,0.543,OWN,education,0
24,46000.0,6.2,14800.0,11800.0,0.0,0,0.353,0.257,MORTGAGE,business,0
61,41000.0,6.7,18700.0,22300.0,7.6,3,0.521,0.544,RENT,medical,1
47,63000.0,2.2,36600.0,13000.0,16.2,1,0.606,0.206,MORTGAGE,medical,0
32,109000.0,10.2,58400.0,47800.0,3.9,1,0.588,0.439,RENT,medical,0
32,64000.0,6.9,3300.0,17800.0,7.7,0,0.085,0.278,RENT,medical,0
22,25000.0,5.8,14700.0,24700.0,1.2,0,0.707,0.988,RENT,other,0
62,26000.0,0.3,2300.0,23100.0,2.0,1,0.195,0.888,RENT,home_improvement,0
25,41000.0,6.3,1000.0,9900.0,3.8,0,0.053,0.241,OWN,home_improvement,0
54,43000.0,0.0,19300.0,6200.0,1.9,3,0.466,0.144,MORTGAGE,other,0
31,23000.0,3.4,12500.0,1800.0,4.9,0,0.553,0.078,RENT,other,0
35,71000.0,3.5,40500.0,22100.0,16.7,0,0.608,0.311,MORTGAGE,education,0
33,30000.0,7.3,14800.0,18100.0,7.8,2,0.566,0.603,MORTGAGE,home_improvement,0
57,96000.0,14.5,11800.0,48900.0,11.9,0,0.184,0.509,RENT,business,1
22,111000.0,8.6,10300.0,129600.0,13.5,0,0.233,1.168,RENT,other,0
36,44000.0,12.5,1600.0,42300.0,2.5,0,0.152,0.961,MORTGAGE,other,0
33,60000.0,8.9,21000.0,8400.0,3.8,0,0.367,0.14,OWN,home_improvement,0
33,28000.0,11.1,8200.0,6500.0,11.8,0,0.321,0.232,RENT,home_improvement,0
29,65000.0,14.4,4300.0,5200.0,4.8,0,0.076,0.08,OWN,medical,0
61,39000.0,2.7,10900.0,8100.0,11.5,0,0.304,0.208,MORTGAGE,home_improvement,0
37,30000.0,2.4,10200.0,19800.0,16.4,0,0.419,0.66,MORTGAGE,other,0
39,43000.0,9.0,18700.0,5900.0,0.7,0,0.451,0.137,RENT,education,0
37,40000.0,6.0,9900.0,4800.0,6.2,0,0.262,0.12,MORTGAGE,home_improvement,0
64,42000.0,7.0,8000.0,7800.0,7.0,1,0.213,0.186,RENT,other,0
35,75000.0,4.9,30000.0,61500.0,5.4,1,0.498,0.82,RENT,other,1
36,34000.0,3.3,14000.0,2500.0,5.0,1,0.421,0.074,OWN,other,0
35,107000.0,13.3,17400.0,124700.0,5.5,1,0.302,1.165,MORTGAGE,medical,0
35,27000.0,1.1,300.0,13200.0,7.9,0,0.07,0.489,RENT,business,0
24,101000.0,9.1,57300.0,44100.0,8.8,0,0.62,0.437,RENT,education,0
47,31000.0,8.4,14000.0,18500.0,12.8,0,0.523,0.597,RENT,debt_consolidation,0
22,49000.0,0.0,5900.0,31600.0,7.9,0,0.198,0.645,OWN,medical,0
30,39000.0,2.3,13200.0,20800.0,13.6,0,0.402,0.533,RENT,debt_consolidation,0
29,42000.0,3.0,15000.0,25600.0,5.0,1,0.43,0.61,MORTGAGE,home_improvement,0
33,70000.0,8.5,5300.0,30800.0,2.0,0,0.129,0.44,MORTGAGE,home_improvement,0
54,96000.0,4.3,11000.0,40300.0,6.5,1,0.165,0.42,RENT,medical,0
47,84000.0,5.6,48200.0,6800.0,10.3,0,0.584,0.081,MORTGAGE,business,0
64,41000.0,0.0,12500.0,33700.0,12.3,0,0.404,0.822,MORTGAGE,home_improvement,0
36,53000.0,16.5,6100.0,40300.0,15.3,0,0.206,0.76,OWN,business,0
61,34000.0,6.3,16300.0,27900.0,9.5,1,0.578,0.821,MORTGAGE,business,1
22,31000.0,8.2,8800.0,35100.0,11.8,0,0.42,1.132,RENT,medical,1
43,29000.0,3.6,11100.0,17200.0,14.8,0,0.454,0.593,RENT,medical,0
56,40000.0,3.1,7100.0,42600.0,4.1,0,0.305,1.065,RENT,education,0
44,55000.0,14.6,1900.0,30800.0,6.9,0,0.102,0.56,RENT,debt_consolidation,0
62,21000.0,0.0,2100.0,12600.0,21.9,0,0.172,0.6,OWN,debt_consolidation,0
34,48000.0,7.3,28000.0,37300.0,12.3,0,0.677,0.777,RENT,debt_consolidation,0
22,97000.0,0.5,36300.0,28900.0,10.6,0,0.41,0.298,RENT,education,0
55,81000.0,4.2,40400.0,24300.0,12.5,0,0.535,0.3,MORTGAGE,medical,0
23,38000.0,3.1,500.0,24200.0,1.3,1,0.09,0.637,RENT,debt_consolidation,0
54,26000.0,1.6,11900.0,3400.0,4.8,0,0.473,0.131,MORTGAGE,debt_consolidation,0
53,60000.0,6.2,17500.0,19300.0,2.9,1,0.33,0.322,RENT,business,1
58,17000.0,0.0,6800.0,16400.0,10.1,0,0.516,0.965,OWN,medical,1
42,81000.0,4.6,17400.0,47200.0,6.2,0,0.285,0.583,RENT,other,0
60,45000.0,5.6,16800.0,3600.0,8.5,0,0.383,0.08,MORTGAGE,other,0
28,112000.0,0.0,2400.0,13400.0,6.4,1,0.036,0.12,MORTGAGE,other,0
40,23000.0,12.8,600.0,25500.0,0.0,0,0.159,1.109,RENT,debt_consolidation,1
26,74000.0,3.3,35500.0,85100.0,12.4,0,0.618,1.15,RENT,education,0
54,47000.0,4.9,3500.0,37000.0,0.0,0,0.169,0.787,MORTGAGE,education,0
52,42000.0,3.3,400.0,11000.0,4.4,0,0.041,0.262,OWN,business,0
56,26000.0,5.6,14200.0,12300.0,1.4,2,0.603,0.473,MORTGAGE,other,1
54,64000.0,11.9,10200.0,25700.0,3.6,0,0.208,0.402,MORTGAGE,business,0
34,66000.0,17.1,23100.0,62900.0,9.0,1,0.464,0.953,MORTGAGE,other,0
23,109000.0,9.4,54900.0,72800.0,14.2,1,0.584,0.668,MORTGAGE,debt_consolidation,1
61,77000.0,10.9,34500.0,72900.0,0.2,1,0.562,0.947,MORTGAGE,debt_consolidation,0
42,38000.0,13.7,1100.0,17700.0,5.2,0,0.085,0.466,RENT,education,0
25,31000.0,7.1,10400.0,32500.0,0.0,2,0.461,1.048,MORTGAGE,business,0
61,26000.0,13.1,8500.0,14100.0,5.0,1,0.392,0.542,OWN,home_improvement,0
64,95000.0,9.6,20000.0,50300.0,8.4,3,0.274,0.529,MORTGAGE,home_improvement,1
40,35000.0,6.6,15800.0,21400.0,11.8,0,0.525,0.611,MORTGAGE,home_improvement,0
54,95000.0,7.6,54900.0,69400.0,0.0,1,0.666,0.731,MORTGAGE,business,0
22,62000.0,0.0,5500.0,66900.0,10.8,0,0.218,1.079,RENT,business,1
25,57000.0,7.3,5000.0,32900.0,3.1,0,0.157,0.577,MORTGAGE,education,0
33,43000.0,0.0,19000.0,48100.0,1.9,0,0.576,1.119,RENT,debt_consolidation,1
49,66000.0,0.0,18000.0,33200.0,8.3,0,0.333,0.503,RENT,home_improvement,0
26,49000.0,6.9,23400.0,20700.0,11.1,0,0.528,0.422,RENT,home_improvement,0
22,42000.0,1.0,3600.0,16400.0,7.5,0,0.133,0.39,MORTGAGE,education,0
50,67000.0,6.0,1600.0,5000.0,2.5,1,0.033,0.075,MORTGAGE,education,0
54,46000.0,6.6,19300.0,47200.0,7.5,1,0.543,1.026,OWN,home_improvement,1
53,34000.0,6.8,20300.0,4800.0,4.4,1,0.614,0.141,RENT,other,1
56,64000.0,1.9,3600.0,27800.0,11.0,0,0.108,0.434,RENT,education,0
56,48000.0,10.0,24900.0,16200.0,13.4,0,0.559,0.338,MORTGAGE,home_improvement,0
47,61000.0,5.6,14100.0,55300.0,13.1,0,0.34,0.907,RENT,education,0
43,40000.0,8.0,400.0,44900.0,7.9,0,0.145,1.122,MORTGAGE,business,0
58,28000.0,0.6,8600.0,27700.0,13.6,0,0.426,0.989,RENT,other,0
36,107000.0,5.2,17900.0,44700.0,2.9,1,0.217,0.418,RENT,education,0
25,98000.0,10.9,40800.0,56300.0,16.9,0,0.485,0.574,MORTGAGE,medical,1
54,73000.0,10.4,12600.0,24400.0,2.9,1,0.213,0.334,MORTGAGE,home_improvement,0
33,41000.0,2.4,11800.0,45600.0,0.0,2,0.421,1.112,RENT,business,1
64,43000.0,3.5,5200.0,8000.0,14.8,0,0.143,0.186,RENT,business,0
39,91000.0,1.6,45200.0,104200.0,4.4,1,0.634,1.145,RENT,home_improvement,0
58,42000.0,3.0,23300.0,41400.0,8.6,0,0.673,0.986,RENT,medical,0
22,37000.0,0.0,9000.0,32100.0,2.8,0,0.347,0.868,OWN,other,0
50,114000.0,5.4,30700.0,107200.0,19.8,0,0.382,0.94,MORTGAGE,home_improvement,0
40,48000.0,8.8,28300.0,21100.0,17.1,0,0.642,0.44,RENT,education,0
41,109000.0,2.5,9300.0,42500.0,15.7,0,0.132,0.39,RENT,business,0
32,26000.0,5.6,12600.0,12700.0,8.4,0,0.543,0.488,RENT,debt_consolidation,0
63,62000.0,5.0,21100.0,16000.0,12.9,0,0.371,0.258,RENT,medical,0
38,124000.0,10.7,65500.0,112600.0,7.7,1,0.637,0.908,OWN,medical,0
58,50000.0,3.2,8800.0,29800.0,13.6,0,0.248,0.596,RENT,medical,0
39,44000.0,3.4,7800.0,47000.0,5.9,0,0.305,1.068,OWN,home_improvement,0
23,29000.0,2.2,5700.0,30700.0,15.9,0,0.324,1.059,OWN,business,0
59,80000.0,0.9,800.0,18300.0,5.7,1,0.037,0.229,MORTGAGE,home_improvement,0
29,35000.0,8.4,3600.0,10600.0,6.3,2,0.139,0.303,MORTGAGE,medical,0
32,47000.0,5.4,28000.0,24500.0,5.7,2,0.658,0.521,RENT,home_improvement,1
58,28000.0,6.2,4200.0,5200.0,9.0,0,0.172,0.186,OWN,other,0
60,99000.0,11.7,1200.0,83400.0,6.1,1,0.113,0.842,OWN,education,1
61,82000.0,12.0,13700.0,73700.0,10.4,0,0.275,0.899,MORTGAGE,education,0
39,48000.0,0.0,11800.0,42200.0,5.6,0,0.351,0.879,RENT,home_improvement,1
54,29000.0,8.9,9500.0,17100.0,12.0,0,0.398,0.59,RENT,medical,0
35,98000.0,7.0,4000.0,99900.0,15.6,1,0.163,1.019,RENT,business,0
53,42000.0,3.9,19900.0,31400.0,8.4,1,0.564,0.748,RENT,medical,0
43,30000.0,7.5,14900.0,35800.0,19.1,0,0.64,1.193,MORTGAGE,home_improvement,1
23,22000.0,0.0,2800.0,21700.0,13.6,1,0.246,0.986,OWN,debt_consolidation,0
39,37000.0,12.6,17700.0,32600.0,18.7,0,0.584,0.881,MORTGAGE,debt_consolidation,0
41,25000.0,8.3,5400.0,4800.0,7.7,0,0.239,0.192,MORTGAGE,other,0
32,37000.0,2.1,9400.0,37300.0,0.0,1,0.375,1.008,MORTGAGE,debt_consolidation,1
37,69000.0,3.4,38800.0,27700.0,4.5,0,0.61,0.401,MORTGAGE,home_improvement,0
43,41000.0,0.0,21900.0,21800.0,5.0,1,0.598,0.532,MORTGAGE,education,0
23,58000.0,4.6,13100.0,33800.0,3.2,0,0.296,0.583,OWN,home_improvement,0
27,35000.0,3.8,10300.0,15100.0,0.0,0,0.346,0.431,RENT,debt_consolidation,0
54,50000.0,0.0,8600.0,8700.0,13.1,0,0.193,0.174,OWN,home_improvement,0
36,116000.0,9.5,35900.0,32400.0,0.0,0,0.343,0.279,RENT,debt_consolidation,0
47,42000.0,11.7,17200.0,40900.0,12.6,0,0.526,0.974,MORTGAGE,medical,0
45,58000.0,5.9,3200.0,46400.0,18.9,0,0.151,0.8,MORTGAGE,home_improvement,0
45,24000.0,4.6,13200.0,27200.0,4.1,0,0.686,1.133,MORTGAGE,home_improvement,1
39,97000.0,8.0,41800.0,96400.0,9.9,0,0.55,0.994,MORTGAGE,other,0
42,40000.0,5.9,2300.0,20500.0,6.0,1,0.119,0.512,RENT,other,1
57,79000.0,1.1,41200.0,75400.0,12.1,0,0.636,0.954,MORTGAGE,debt_consolidation,0
63,46000.0,3.1,20500.0,32800.0,2.0,0,0.531,0.713,RENT,other,0
32,65000.0,4.7,12200.0,24700.0,7.3,0,0.233,0.38,MORTGAGE,debt_consolidation,0
50,66000.0,7.1,20600.0,77300.0,13.6,0,0.453,1.171,OWN,medical,0
63,40000.0,6.0,20600.0,44700.0,7.8,1,0.649,1.118,MORTGAGE,medical,0
21,80000.0,6.9,46500.0,14300.0,0.0,1,0.603,0.179,OWN,medical,0
55,35000.0,0.0,5900.0,35500.0,14.2,0,0.29,1.014,RENT,education,0
42,70000.0,9.0,27300.0,9800.0,1.5,0,0.407,0.14,RENT,business,0
63,41000.0,6.0,21200.0,45800.0,8.4,1,0.651,1.117,RENT,debt_consolidation,1
46,57000.0,17.5,33800.0,43800.0,10.9,1,0.685,0.768,OWN,education,0
57,40000.0,4.3,1700.0,9700.0,8.6,0,0.072,0.242,MORTGAGE,other,0
28,50000.0,7.5,15100.0,49500.0,20.7,0,0.421,0.99,OWN,medical,0
27,30000.0,18.7,15700.0,19300.0,11.7,0,0.601,0.643,MORTGAGE,business,0
61,55000.0,6.9,100.0,6500.0,7.0,0,0.016,0.118,RENT,debt_consolidation,1
44,50000.0,5.7,13100.0,48400.0,11.0,0,0.378,0.968,RENT,education,0
45,38000.0,1.6,13300.0,36400.0,9.0,0,0.465,0.958,MORTGAGE,debt_consolidation,0
28,48000.0,12.9,15200.0,29000.0,8.2,1,0.389,0.604,RENT,medical,0
30,52000.0,0.8,22900.0,46300.0,9.2,0,0.547,0.89,MORTGAGE,education,0
57,37000.0,7.9,1500.0,3600.0,5.8,0,0.052,0.097,OWN,business,0
34,46000.0,3.9,21700.0,19100.0,9.1,0,0.522,0.415,RENT,business,0
46,31000.0,5.1,5300.0,25600.0,5.5,1,0.27,0.826,MORTGAGE,debt_consolidation,0
34,141000.0,0.0,69700.0,44400.0,0.0,3,0.532,0.315,MORTGAGE,education,1
32,79000.0,12.0,19900.0,44900.0,13.7,0,0.32,0.568,RENT,other,0
28,55000.0,4.7,1400.0,61700.0,5.2,3,0.16,1.122,RENT,debt_consolidation,0
61,83000.0,0.5,48000.0,83100.0,8.7,1,0.698,1.001,MORTGAGE,debt_consolidation,0
62,20000.0,11.6,9400.0,13800.0,4.2,0,0.553,0.69,MORTGAGE,other,0
26,16000.0,3.7,3300.0,11400.0,4.3,3,0.292,0.712,MORTGAGE,education,0
36,41000.0,7.5,6600.0,43900.0,2.8,0,0.289,1.071,RENT,medical,0
45,26000.0,9.8,9200.0,27100.0,12.7,0,0.479,1.042,RENT,home_improvement,1
37,44000.0,8.1,26100.0,6700.0,13.9,0,0.611,0.152,MORTGAGE,education,0
52,54000.0,0.0,9400.0,31600.0,8.1,0,0.244,0.585,RENT,medical,0
32,74000.0,9.1,42100.0,19900.0,5.3,1,0.601,0.269,MORTGAGE,home_improvement,0
23,29000.0,5.5,5700.0,4200.0,0.0,2,0.214,0.145,RENT,other,0
35,59000.0,4.5,24900.0,22800.0,12.0,0,0.468,0.386,MORTGAGE,other,0
47,49000.0,5.5,11200.0,36900.0,4.6,0,0.319,0.753,RENT,medical,1
28,57000.0,0.0,2900.0,54900.0,2.4,1,0.166,0.963,RENT,home_improvement,0
56,39000.0,6.9,21900.0,42900.0,8.1,0,0.694,1.1,MORTGAGE,home_improvement,0
21,91000.0,0.0,9000.0,48800.0,6.3,0,0.163,0.536,MORTGAGE,debt_consolidation,0
23,47000.0,4.7,26600.0,25200.0,0.4,1,0.63,0.536,OWN,business,0
43,109000.0,6.7,6800.0,24700.0,1.1,2,0.09,0.227,OWN,other,0
43,34000.0,10.8,5400.0,9300.0,9.7,2,0.192,0.274,MORTGAGE,other,0
33,68000.0,2.3,37600.0,11400.0,4.7,0,0.573,0.168,MORTGAGE,other,0
32,48000.0,12.5,19000.0,56300.0,10.6,0,0.537,1.173,MORTGAGE,debt_consolidation,0
24,42000.0,10.3,4800.0,8300.0,8.7,0,0.138,0.198,MORTGAGE,business,0
50,65000.0,4.1,23100.0,59800.0,13.2,0,0.466,0.92,RENT,home_improvement,0
37,43000.0,1.0,4700.0,17900.0,3.8,0,0.159,0.416,MORTGAGE,home_improvement,0
26,15000.0,0.0,7900.0,10000.0,9.2,1,0.607,0.667,OWN,medical,0
38,15000.0,7.2,400.0,15800.0,11.2,0,0.153,1.053,RENT,business,0
62,87000.0,2.7,27700.0,98000.0,4.9,1,0.454,1.126,RENT,business,1
32,85000.0,11.4,3200.0,27700.0,13.6,0,0.077,0.326,RENT,education,0
60,115000.0,2.9,48000.0,126300.0,0.0,0,0.549,1.098,MORTGAGE,debt_consolidation,1
32,49000.0,1.9,27500.0,16700.0,3.8,1,0.602,0.341,MORTGAGE,debt_consolidation,0
29,27000.0,7.1,13500.0,26300.0,0.0,1,0.617,0.974,RENT,debt_consolidation,0
32,41000.0,2.9,9100.0,2800.0,4.3,1,0.23,0.068,MORTGAGE,business,0
35,49000.0,6.0,7000.0,32600.0,7.2,1,0.223,0.665,OWN,medical,0
26,31000.0,10.4,2300.0,27400.0,12.2,0,0.18,0.884,RENT,education,0
46,103000.0,6.5,54000.0,104500.0,7.2,0,0.646,1.015,MORTGAGE,business,1
35,134000.0,6.5,6500.0,136300.0,5.0,0,0.171,1.017,MORTGAGE,education,0
52,61000.0,6.9,23000.0,24000.0,0.3,0,0.424,0.393,MORTGAGE,home_improvement,0
42,49000.0,0.0,10800.0,50500.0,1.9,0,0.344,1.031,RENT,business,0
40,27000.0,7.8,16100.0,11400.0,9.6,1,0.647,0.422,OWN,medical,0
41,98000.0,6.7,29900.0,31200.0,12.4,0,0.343,0.318,RENT,business,0
27,51000.0,10.0,16800.0,2600.0,5.9,0,0.336,0.051,RENT,business,0
52,43000.0,8.7,23700.0,13800.0,14.1,0,0.59,0.321,RENT,home_improvement,0
25,61000.0,5.1,35500.0,11400.0,3.3,1,0.604,0.187,OWN,debt_consolidation,1
52,38000.0,10.6,13300.0,31400.0,6.0,0,0.449,0.826,RENT,medical,0
64,52000.0,4.7,24800.0,11300.0,6.5,2,0.503,0.217,MORTGAGE,education,0
54,26000.0,7.1,9900.0,18800.0,15.6,0,0.468,0.723,MORTGAGE,other,0
41,80000.0,4.6,20500.0,15600.0,8.7,0,0.28,0.195,MORTGAGE,home_improvement,0
34,47000.0,8.1,1600.0,40400.0,0.0,1,0.137,0.86,MORTGAGE,business,0
59,83000.0,4.3,35700.0,31400.0,12.8,0,0.476,0.378,RENT,business,0
32,45000.0,13.4,18900.0,18200.0,17.2,0,0.469,0.404,MORTGAGE,business,0
42,46000.0,15.1,3200.0,36200.0,6.8,2,0.164,0.787,RENT,medical,0
54,28000.0,9.9,3900.0,31600.0,3.5,0,0.275,1.129,RENT,debt_consolidation,0
61,69000.0,12.9,30300.0,82100.0,12.3,0,0.582,1.19,RENT,business,0
61,33000.0,0.0,3000.0,15200.0,17.8,0,0.146,0.461,MORTGAGE,home_improvement,0
24,39000.0,0.0,16200.0,44400.0,12.2,0,0.552,1.138,RENT,medical,0
60,49000.0,4.6,21100.0,37000.0,0.0,1,0.521,0.755,MORTGAGE,home_improvement,0
26,52000.0,6.2,11000.0,56800.0,11.8,0,0.343,1.092,RENT,home_improvement,1
46,23000.0,5.1,3600.0,1900.0,10.0,0,0.166,0.083,MORTGAGE,education,0
61,44000.0,0.0,9800.0,3900.0,3.2,0,0.233,0.089,RENT,education,0
49,70000.0,11.2,15100.0,9500.0,14.4,1,0.232,0.136,MORTGAGE,other,0
62,41000.0,15.7,14900.0,40000.0,10.2,0,0.48,0.976,OWN,education,0
36,44000.0,11.8,19600.0,9200.0,14.6,1,0.471,0.209,RENT,other,0
34,53000.0,10.9,27400.0,13400.0,2.7,0,0.547,0.253,MORTGAGE,business,0
35,46000.0,7.0,800.0,33300.0,10.0,0,0.104,0.724,MORTGAGE,medical,0
36,31000.0,2.2,13500.0,35700.0,3.5,0,0.574,1.152,RENT,other,1
51,48000.0,6.3,9000.0,33700.0,9.2,0,0.272,0.702,RENT,other,0
40,77000.0,15.5,38700.0,68700.0,15.4,0,0.61,0.892,RENT,education,0
53,31000.0,4.4,1400.0,8200.0,0.9,1,0.077,0.265,MORTGAGE,education,0
39,41000.0,4.0,13600.0,45200.0,1.2,1,0.464,1.102,RENT,medical,1
34,26000.0,11.0,8600.0,3000.0,12.8,0,0.345,0.115,OWN,home_improvement,0
29,75000.0,11.3,14700.0,28100.0,7.9,2,0.241,0.375,MORTGAGE,home_improvement,1
45,47000.0,2.2,27400.0,26900.0,13.9,2,0.652,0.572,MORTGAGE,home_improvement,1
60,33000.0,4.8,2100.0,10200.0,4.0,1,0.101,0.309,OWN,medical,0
58,51000.0,3.7,4200.0,41500.0,8.3,0,0.18,0.814,RENT,other,0
32,29000.0,6.3,11200.0,24100.0,11.4,0,0.486,0.831,MORTGAGE,business,0
42,31000.0,11.0,9600.0,9100.0,9.1,1,0.345,0.294,RENT,home_improvement,0
52,25000.0,2.4,4000.0,1500.0,0.0,0,0.167,0.06,MORTGAGE,business,1
47,30000.0,10.9,5500.0,4100.0,22.1,0,0.2,0.137,RENT,medical,0
23,90000.0,6.5,8500.0,4500.0,9.1,0,0.1,0.05,OWN,other,0
47,35000.0,16.5,18200.0,38200.0,1.3,0,0.651,1.091,RENT,medical,1
22,60000.0,7.4,20500.0,45900.0,9.6,0,0.433,0.765,MORTGAGE,other,0
26,34000.0,5.6,5000.0,7100.0,10.1,0,0.172,0.209,OWN,business,0
49,69000.0,8.6,16300.0,10800.0,13.0,0,0.255,0.157,RENT,medical,0
25,31000.0,4.5,16900.0,30700.0,12.6,0,0.664,0.99,OWN,business,0
35,50000.0,0.0,26600.0,49100.0,6.9,1,0.65,0.982,MORTGAGE,other,0
46,50000.0,4.9,2100.0,55800.0,0.0,1,0.176,1.116,MORTGAGE,home_improvement,0
49,140000.0,4.8,54900.0,32600.0,10.3,0,0.42,0.233,MORTGAGE,business,0
40,65000.0,0.0,6000.0,42300.0,0.0,0,0.17,0.651,OWN,other,0
25,38000.0,5.7,4800.0,7200.0,14.1,0,0.149,0.189,OWN,medical,0
56,67000.0,0.0,34700.0,64700.0,4.3,0,0.634,0.966,RENT,education,1
62,128000.0,4.4,68800.0,67100.0,11.2,0,0.6,0.524,MORTGAGE,debt_consolidation,0
60,24000.0,7.1,1200.0,20400.0,4.7,0,0.152,0.85,OWN,business,0
53,34000.0,6.4,17800.0,2900.0,5.5,0,0.534,0.085,MORTGAGE,other,1
38,44000.0,4.2,19200.0,41600.0,4.0,0,0.55,0.945,OWN,medical,1
59,41000.0,5.6,19100.0,12900.0,11.6,0,0.504,0.315,MORTGAGE,other,0
42,42000.0,2.5,20000.0,42800.0,4.9,0,0.598,1.019,RENT,debt_consolidation,0
27,27000.0,6.0,8200.0,7100.0,11.8,0,0.335,0.263,OWN,medical,0
58,92000.0,6.3,52300.0,88200.0,5.0,0,0.684,0.959,MORTGAGE,business,0
35,26000.0,1.9,3100.0,5300.0,6.8,1,0.144,0.204,RENT,education,1
62,45000.0,7.2,13600.0,36600.0,8.2,2,0.4,0.813,RENT,other,0
37,78000.0,7.2,14900.0,73800.0,8.8,0,0.305,0.946,RENT,debt_consolidation,0
59,48000.0,5.3,23700.0,23700.0,3.4,0,0.553,0.494,MORTGAGE,other,0
44,32000.0,16.9,1600.0,10600.0,11.5,0,0.09,0.331,MORTGAGE,debt_consolidation,0
41,27000.0,5.4,7000.0,12000.0,6.6,1,0.313,0.444,OWN,debt_consolidation,0
34,44000.0,4.7,20400.0,17200.0,10.7,1,0.511,0.391,RENT,business,0
57,35000.0,4.1,6600.0,27200.0,7.9,0,0.282,0.777,RENT,other,0
23,54000.0,1.6,7800.0,5500.0,10.9,0,0.157,0.102,RENT,education,0
41,26000.0,9.1,4100.0,2500.0,5.9,1,0.169,0.096,MORTGAGE,home_improvement,0
37,71000.0,2.9,30400.0,27000.0,4.1,1,0.474,0.38,OWN,medical,1
44,52000.0,3.4,8900.0,19200.0,10.1,1,0.215,0.369,OWN,home_improvement,0
32,53000.0,3.6,12800.0,13400.0,5.5,0,0.272,0.253,RENT,home_improvement,0
50,94000.0,1.6,30800.0,82200.0,15.3,0,0.433,0.874,MORTGAGE,debt_consolidation,0
37,40000.0,0.0,22600.0,3100.0,8.3,1,0.574,0.078,MORTGAGE,medical,0
29,35000.0,3.9,16700.0,39000.0,1.1,1,0.611,1.114,OWN,debt_consolidation,0
29,38000.0,9.9,4200.0,35000.0,5.1,0,0.221,0.921,MORTGAGE,business,0
51,45000.0,6.9,23800.0,23100.0,3.0,0,0.59,0.513,MORTGAGE,home_improvement,0
32,47000.0,13.0,23800.0,48800.0,13.4,0,0.631,1.038,MORTGAGE,other,1
34,34000.0,9.4,15200.0,25900.0,11.9,0,0.538,0.762,RENT,business,1
48,20000.0,8.4,6200.0,14100.0,7.7,0,0.395,0.705,MORTGAGE,education,0
35,38000.0,14.5,1600.0,15600.0,9.5,0,0.091,0.411,MORTGAGE,education,0
38,58000.0,5.6,24800.0,47100.0,7.6,0,0.525,0.812,OWN,home_improvement,0
31,52000.0,6.3,16200.0,11000.0,12.3,0,0.337,0.212,RENT,debt_consolidation,0
36,84000.0,5.9,15600.0,54900.0,10.6,1,0.264,0.654,OWN,debt_consolidation,0
51,118000.0,12.9,700.0,21700.0,11.5,0,0.028,0.184,RENT,medical,0
44,69000.0,6.0,9600.0,38800.0,7.0,2,0.207,0.562,MORTGAGE,other,0
64,91000.0,3.1,33100.0,69000.0,4.8,0,0.455,0.758,OWN,business,1
54,69000.0,8.6,4600.0,15800.0,11.3,1,0.094,0.229,RENT,other,0
21,106000.0,2.3,41700.0,32400.0,15.8,0,0.43,0.306,MORTGAGE,business,0
37,113000.0,8.4,55600.0,111300.0,13.5,0,0.61,0.985,MORTGAGE,education,0
33,75000.0,7.9,14300.0,25800.0,15.9,0,0.232,0.344,OWN,other,0
46,67000.0,5.1,3300.0,10700.0,8.8,0,0.068,0.16,RENT,home_improvement,0
32,45000.0,8.5,3800.0,19400.0,3.2,1,0.136,0.431,OWN,home_improvement,0
63,48000.0,0.0,10300.0,54000.0,3.6,2,0.35,1.125,OWN,business,0
34,42000.0,6.7,20500.0,35600.0,14.9,1,0.59,0.848,MORTGAGE,debt_consolidation,1
43,65000.0,3.9,24700.0,46300.0,0.0,0,0.465,0.712,MORTGAGE,business,0
26,35000.0,18.9,18200.0,35600.0,15.5,0,0.642,1.017,MORTGAGE,home_improvement,0
61,45000.0,6.7,26800.0,36400.0,4.1,2,0.693,0.809,RENT,business,1
61,17000.0,3.3,2100.0,16700.0,17.6,0,0.241,0.982,MORTGAGE,business,0
55,106000.0,0.0,44200.0,85400.0,7.6,0,0.514,0.806,RENT,debt_consolidation,1
36,44000.0,11.9,12300.0,45900.0,11.6,0,0.405,1.043,RENT,home_improvement,0
23,60000.0,4.4,17800.0,46100.0,19.9,1,0.389,0.768,RENT,other,0
52,94000.0,2.4,18400.0,33300.0,6.3,0,0.238,0.354,MORTGAGE,other,0
39,56000.0,7.5,11500.0,5400.0,6.3,0,0.217,0.096,MORTGAGE,medical,0
64,94000.0,8.9,38100.0,16100.0,4.5,0,0.426,0.171,MORTGAGE,education,0
51,28000.0,8.9,10400.0,17900.0,3.0,0,0.448,0.639,RENT,medical,0
44,144000.0,6.1,27500.0,168100.0,6.4,0,0.331,1.167,RENT,business,0
64,80000.0,6.7,5700.0,73900.0,5.2,1,0.182,0.924,MORTGAGE,debt_consolidation,0
56,54000.0,7.0,18700.0,50900.0,1.7,2,0.459,0.943,MORTGAGE,home_improvement,1
41,93000.0,7.5,41300.0,75600.0,6.9,1,0.542,0.813,RENT,debt_consolidation,0
21,29000.0,7.9,9700.0,31600.0,10.2,0,0.465,1.09,MORTGAGE,medical,1
25,43000.0,10.9,100.0,38500.0,3.5,0,0.11,0.895,RENT,debt_consolidation,0
40,94000.0,6.3,15900.0,32600.0,7.2,0,0.211,0.347,OWN,other,0
45,21000.0,2.3,9800.0,13100.0,15.0,0,0.542,0.624,MORTGAGE,education,0
22,63000.0,5.4,28100.0,32400.0,0.9,1,0.508,0.514,RENT,other,0
26,62000.0,9.4,400.0,14900.0,17.7,1,0.035,0.24,RENT,other,0
51,119000.0,0.0,33600.0,36400.0,4.6,1,0.319,0.306,RENT,home_improvement,1
54,24000.0,0.0,6300.0,9100.0,9.0,0,0.308,0.379,RENT,business,1
22,101000.0,10.1,39500.0,25200.0,14.4,0,0.421,0.25,MORTGAGE,debt_consolidation,0
43,38000.0,12.8,2800.0,11400.0,15.9,0,0.11,0.3,MORTGAGE,other,0
24,40000.0,0.3,14900.0,44200.0,10.3,2,0.505,1.105,RENT,business,1
52,28000.0,6.5,15900.0,12500.0,4.5,0,0.621,0.446,OWN,business,1
57,30000.0,4.2,6700.0,30000.0,4.1,0,0.343,1.0,RENT,medical,0
59,59000.0,4.8,11900.0,7300.0,5.1,1,0.217,0.124,MORTGAGE,debt_consolidation,0
47,30000.0,7.4,500.0,35400.0,17.4,1,0.158,1.18,RENT,home_improvement,0
48,68000.0,0.2,2300.0,63200.0,6.1,0,0.145,0.929,RENT,business,0
61,36000.0,1.0,20100.0,39300.0,9.6,1,0.689,1.092,MORTGAGE,home_improvement,0
47,28000.0,4.6,16400.0,18300.0,2.8,0,0.664,0.654,RENT,medical,1
40,39000.0,5.3,100.0,30400.0,2.2,0,0.096,0.779,RENT,business,0
54,57000.0,0.9,30800.0,26500.0,8.1,2,0.596,0.465,MORTGAGE,other,1
46,43000.0,9.6,4500.0,23500.0,6.4,0,0.17,0.547,MORTGAGE,debt_consolidation,0
58,50000.0,4.1,16800.0,45700.0,6.7,1,0.446,0.914,OWN,medical,0
44,67000.0,4.1,27300.0,7200.0,0.6,2,0.42,0.107,MORTGAGE,debt_consolidation,0
59,80000.0,7.3,17200.0,7400.0,7.6,0,0.226,0.092,RENT,home_improvement,0
22,43000.0,5.4,13600.0,45400.0,15.7,0,0.443,1.056,MORTGAGE,other,0
22,31000.0,9.8,11700.0,5500.0,3.7,0,0.399,0.177,OWN,business,0
25,51000.0,1.8,5900.0,44800.0,12.5,0,0.221,0.878,RENT,business,0
45,61000.0,0.0,36400.0,17000.0,0.0,0,0.63,0.279,RENT,business,1
52,25000.0,4.6,3100.0,11800.0,4.0,0,0.181,0.472,MORTGAGE,debt_consolidation,1
30,33000.0,6.3,200.0,12800.0,0.0,1,0.053,0.388,MORTGAGE,medical,0
27,35000.0,0.4,19800.0,21500.0,14.2,0,0.639,0.614,RENT,home_improvement,1
58,45000.0,0.0,11600.0,45000.0,12.4,0,0.378,1.0,MORTGAGE,debt_consolidation,0
54,35000.0,6.8,8400.0,37000.0,2.8,1,0.367,1.057,RENT,other,1
49,67000.0,2.6,11100.0,20500.0,9.4,0,0.202,0.306,MORTGAGE,education,0
42,24000.0,0.0,400.0,10500.0,14.0,1,0.069,0.438,MORTGAGE,home_improvement,1
39,24000.0,10.3,3800.0,24300.0,14.8,0,0.28,1.012,RENT,other,0
21,42000.0,3.2,9900.0,6400.0,6.0,0,0.254,0.152,RENT,business,0
29,45000.0,11.2,14000.0,8300.0,0.0,0,0.333,0.184,MORTGAGE,home_improvement,0
60,25000.0,6.1,6900.0,15000.0,3.5,2,0.348,0.6,RENT,business,1
35,37000.0,7.3,19500.0,35500.0,11.8,0,0.642,0.959,OWN,business,1
51,41000.0,5.0,22400.0,17900.0,18.5,0,0.599,0.437,OWN,home_improvement,0
51,41000.0,0.0,7800.0,5300.0,7.7,0,0.206,0.129,MORTGAGE,home_improvement,0
34,52000.0,0.9,29900.0,60500.0,5.0,0,0.715,1.163,MORTGAGE,home_improvement,0
29,36000.0,5.4,18700.0,40700.0,20.0,0,0.655,1.131,OWN,home_improvement,0
51,95000.0,7.6,52900.0,76000.0,10.0,0,0.653,0.8,MORTGAGE,home_improvement,0
25,61000.0,0.0,25900.0,50900.0,1.9,1,0.525,0.834,MORTGAGE,education,0
42,34000.0,5.8,4000.0,38200.0,7.4,1,0.252,1.124,RENT,home_improvement,0
60,51000.0,0.9,6000.0,40300.0,13.0,0,0.212,0.79,OWN,debt_consolidation,0
52,52000.0,7.1,28300.0,49700.0,7.6,1,0.659,0.956,RENT,business,1
54,85000.0,5.9,25900.0,49600.0,12.0,1,0.375,0.584,RENT,education,1
24,37000.0,9.3,19800.0,11600.0,0.0,0,0.573,0.314,MORTGAGE,debt_consolidation,0
29,69000.0,10.8,29800.0,69500.0,0.8,1,0.553,1.007,RENT,business,1
33,50000.0,8.1,6400.0,41900.0,4.3,1,0.229,0.838,RENT,home_improvement,1
33,96000.0,9.9,22200.0,36800.0,6.6,0,0.277,0.383,MORTGAGE,education,0
29,88000.0,4.4,51100.0,67500.0,9.7,0,0.673,0.767,RENT,other,1
63,54000.0,18.7,600.0,53400.0,11.2,0,0.13,0.989,OWN,home_improvement,0
28,44000.0,0.5,18900.0,15900.0,20.3,1,0.473,0.361,OWN,home_improvement,0
52,62000.0,3.6,36400.0,57900.0,4.3,1,0.699,0.934,MORTGAGE,business,0
46,45000.0,10.1,2800.0,6000.0,6.4,0,0.078,0.133,RENT,debt_consolidation,0
47,104000.0,9.4,17000.0,79900.0,4.4,0,0.256,0.768,MORTGAGE,medical,0
30,51000.0,8.2,16700.0,61100.0,13.4,0,0.471,1.198,RENT,business,1
34,41000.0,9.0,20800.0,42900.0,13.7,0,0.633,1.046,MORTGAGE,education,0
47,40000.0,0.0,12200.0,42300.0,5.8,1,0.432,1.058,RENT,debt_consolidation,0
34,28000.0,13.2,1000.0,23300.0,18.3,0,0.136,0.832,MORTGAGE,business,0
51,63000.0,5.1,4800.0,36600.0,4.5,1,0.146,0.581,RENT,business,0
22,34000.0,11.6,7700.0,28200.0,13.1,0,0.326,0.829,OWN,education,1
24,80000.0,0.0,15500.0,33500.0,15.3,0,0.244,0.419,RENT,debt_consolidation,0
53,27000.0,7.2,3600.0,18500.0,1.2,1,0.216,0.685,MORTGAGE,medical,0
48,52000.0,3.5,26200.0,34900.0,10.9,0,0.584,0.671,RENT,business,0
22,82000.0,8.6,1300.0,55400.0,0.0,2,0.097,0.676,MORTGAGE,debt_consolidation,0
60,19000.0,7.4,9500.0,10000.0,12.1,0,0.563,0.526,OWN,education,0
21,122000.0,7.6,67500.0,55600.0,2.5,1,0.608,0.456,RENT,education,0
63,40000.0,1.2,15100.0,17200.0,10.8,0,0.429,0.43,RENT,education,0
53,52000.0,5.7,19500.0,16000.0,11.8,0,0.412,0.308,RENT,home_improvement,0
64,63000.0,5.2,5600.0,34900.0,13.6,0,0.155,0.554,MORTGAGE,medical,0
62,68000.0,8.2,23200.0,12600.0,12.5,0,0.363,0.185,MORTGAGE,other,0
34,55000.0,10.5,12400.0,59800.0,8.3,1,0.356,1.087,OWN,debt_consolidation,0
54,77000.0,6.7,10600.0,10000.0,6.1,0,0.153,0.13,OWN,debt_consolidation,0
30,62000.0,0.3,21700.0,62800.0,7.6,1,0.472,1.013,RENT,education,0
41,108000.0,6.5,100.0,35400.0,2.4,2,0.04,0.328,OWN,business,0
31,62000.0,17.7,10300.0,63900.0,6.9,1,0.29,1.031,OWN,debt_consolidation,0
42,119000.0,13.4,46800.0,104500.0,6.5,0,0.499,0.878,MORTGAGE,business,0
59,74000.0,0.0,20200.0,82100.0,4.1,0,0.406,1.109,RENT,business,0
40,22000.0,6.3,1900.0,23100.0,0.0,1,0.212,1.05,MORTGAGE,home_improvement,1
25,159000.0,10.2,100.0,136100.0,1.6,1,0.103,0.856,MORTGAGE,home_improvement,0
35,38000.0,5.2,6200.0,8500.0,0.0,1,0.19,0.224,RENT,home_improvement,0
55,96000.0,3.9,31600.0,65400.0,6.5,0,0.411,0.681,RENT,business,0
43,50000.0,4.8,16000.0,22000.0,9.8,1,0.373,0.44,MORTGAGE,debt_consolidation,0
45,79000.0,8.5,6200.0,84400.0,0.0,0,0.207,1.068,MORTGAGE,education,0
39,36000.0,0.8,13300.0,37900.0,9.2,1,0.496,1.053,RENT,home_improvement,0
33,65000.0,11.3,39000.0,26700.0,7.4,0,0.649,0.411,OWN,education,0
47,44000.0,5.7,15400.0,36200.0,2.1,2,0.449,0.823,RENT,other,0
48,100000.0,1.8,31700.0,43900.0,5.8,1,0.37,0.439,RENT,debt_consolidation,0
60,60000.0,11.1,22400.0,49800.0,13.3,0,0.473,0.83,RENT,debt_consolidation,0
48,75000.0,0.0,39600.0,56700.0,3.1,1,0.619,0.756,MORTGAGE,education,0
64,19000.0,3.5,10800.0,12100.0,8.4,1,0.645,0.637,RENT,education,0
57,47000.0,3.4,1200.0,49800.0,9.7,0,0.153,1.06,MORTGAGE,other,1
24,59000.0,15.6,7300.0,19600.0,3.9,0,0.164,0.332,MORTGAGE,home_improvement,0
38,54000.0,2.9,3800.0,52200.0,13.0,0,0.186,0.967,RENT,medical,0
37,76000.0,0.0,35200.0,64100.0,10.0,0,0.564,0.843,RENT,business,0
21,42000.0,3.4,1100.0,15700.0,6.7,3,0.071,0.374,MORTGAGE,business,0
28,50000.0,8.0,27100.0,26700.0,19.8,0,0.606,0.534,MORTGAGE,education,0
54,83000.0,9.5,1000.0,10700.0,13.1,0,0.028,0.129,RENT,other,0
36,18000.0,16.2,6500.0,13300.0,0.0,0,0.45,0.739,MORTGAGE,education,0
27,64000.0,12.3,10600.0,68500.0,6.1,0,0.294,1.07,MORTGAGE,education,0
33,42000.0,6.8,11900.0,7800.0,20.3,1,0.306,0.186,OWN,debt_consolidation,0
33,33000.0,2.0,8700.0,6700.0,3.1,2,0.288,0.203,MORTGAGE,other,0
28,57000.0,13.3,25600.0,34000.0,8.3,0,0.521,0.596,RENT,other,0
25,85000.0,4.3,25300.0,31700.0,14.2,0,0.342,0.373,MORTGAGE,home_improvement,0
54,78000.0,3.0,19700.0,28700.0,11.3,0,0.297,0.368,RENT,medical,0
57,46000.0,4.1,20200.0,36100.0,12.0,0,0.533,0.785,MORTGAGE,other,1
42,73000.0,0.4,40600.0,38100.0,11.7,0,0.619,0.522,RENT,debt_consolidation,0
48,72000.0,3.9,34300.0,73500.0,8.1,0,0.599,1.021,OWN,business,0
61,47000.0,5.0,20800.0,25500.0,4.0,0,0.508,0.543,MORTGAGE,business,0
58,36000.0,9.3,10500.0,27300.0,10.2,0,0.383,0.758,OWN,medical,1
22,37000.0,4.3,20000.0,18800.0,6.0,2,0.602,0.508,MORTGAGE,business,1
62,71000.0,0.3,20700.0,24500.0,5.6,0,0.333,0.345,RENT,home_improvement,0
23,48000.0,0.0,26800.0,28400.0,15.4,1,0.629,0.592,RENT,education,1
22,31000.0,6.9,14900.0,27200.0,6.1,0,0.586,0.877,RENT,medical,1
38,23000.0,6.3,2100.0,26400.0,16.5,0,0.229,1.148,MORTGAGE,other,0
53,71000.0,3.5,2000.0,7000.0,9.3,0,0.04,0.099,OWN,debt_consolidation,0
24,38000.0,3.9,16900.0,25100.0,7.2,0,0.524,0.661,RENT,home_improvement,0
33,57000.0,7.7,23500.0,44500.0,0.0,1,0.506,0.781,MORTGAGE,home_improvement,1
32,86000.0,12.3,31100.0,12800.0,18.6,0,0.379,0.149,RENT,other,0
38,27000.0,2.5,15800.0,27100.0,8.0,0,0.706,1.004,MORTGAGE,business,0
64,48000.0,6.4,15700.0,17600.0,0.0,0,0.371,0.367,OWN,other,1
35,45000.0,10.3,9400.0,47500.0,12.9,0,0.336,1.056,RENT,medical,0
30,58000.0,2.5,19700.0,39800.0,7.7,0,0.422,0.686,RENT,medical,0
26,86000.0,5.9,1500.0,19300.0,3.3,1,0.044,0.224,MORTGAGE,education,0
29,27000.0,5.8,9400.0,24300.0,12.7,0,0.456,0.9,RENT,medical,0
26,63000.0,0.1,34100.0,14500.0,0.0,0,0.569,0.23,RENT,debt_consolidation,0
46,78000.0,6.8,200.0,68500.0,4.4,1,0.108,0.878,RENT,debt_consolidation,0
39,45000.0,6.1,22800.0,44100.0,6.5,1,0.624,0.98,MORTGAGE,debt_consolidation,0
42,46000.0,8.5,22100.0,32700.0,12.3,0,0.566,0.711,OWN,debt_consolidation,0
57,59000.0,0.7,3800.0,21300.0,19.2,0,0.108,0.361,OWN,home_improvement,0
46,57000.0,6.0,29000.0,31500.0,6.8,0,0.575,0.553,MORTGAGE,education,0
27,64000.0,12.2,29300.0,42100.0,10.3,0,0.537,0.658,MORTGAGE,other,0
37,63000.0,15.3,18600.0,51400.0,21.7,0,0.393,0.816,MORTGAGE,other,0
34,32000.0,11.8,4700.0,24900.0,8.0,1,0.24,0.778,MORTGAGE,business,0
57,77000.0,0.7,13300.0,39300.0,10.3,0,0.234,0.51,RENT,home_improvement,0
34,83000.0,8.0,30500.0,76500.0,1.8,0,0.478,0.922,RENT,medical,1
27,53000.0,3.8,7800.0,49700.0,17.8,0,0.26,0.938,MORTGAGE,education,0
53,25000.0,7.3,4900.0,21300.0,4.4,0,0.298,0.852,OWN,medical,1
39,47000.0,2.5,26200.0,17100.0,9.3,3,0.601,0.364,MORTGAGE,debt_consolidation,1
25,54000.0,0.0,23600.0,31800.0,9.2,0,0.508,0.589,OWN,debt_consolidation,1
51,29000.0,4.4,12800.0,15900.0,8.4,0,0.507,0.548,RENT,home_improvement,0
30,42000.0,9.3,24100.0,41600.0,5.8,0,0.693,0.99,RENT,debt_consolidation,0
59,26000.0,7.3,100.0,25500.0,9.2,0,0.122,0.981,OWN,education,0
57,64000.0,7.8,9400.0,66900.0,16.8,0,0.272,1.045,RENT,education,0
37,53000.0,7.0,20900.0,16700.0,19.4,0,0.432,0.315,MORTGAGE,other,0
45,23000.0,7.8,6000.0,20900.0,7.1,1,0.37,0.909,RENT,business,1
45,57000.0,8.4,3900.0,59900.0,5.8,1,0.195,1.051,OWN,home_improvement,0
49,48000.0,4.8,22500.0,11600.0,4.0,0,0.498,0.242,RENT,medical,0
24,62000.0,6.4,1800.0,5900.0,21.4,0,0.04,0.095,OWN,debt_consolidation,0
35,41000.0,13.8,13400.0,7000.0,8.6,0,0.347,0.171,RENT,other,0
28,34000.0,6.6,11500.0,25400.0,13.6,0,0.428,0.747,RENT,debt_consolidation,0
51,35000.0,6.2,13400.0,18700.0,11.5,0,0.447,0.534,OWN,home_improvement,0
24,38000.0,6.5,7200.0,10400.0,19.0,0,0.222,0.274,RENT,medical,0
43,49000.0,5.0,700.0,32200.0,6.8,0,0.093,0.657,RENT,business,0
53,52000.0,4.0,27700.0,49600.0,2.5,0,0.647,0.954,MORTGAGE,medical,1
62,45000.0,6.9,25100.0,46500.0,17.3,0,0.682,1.033,RENT,other,0
33,41000.0,3.7,11900.0,37500.0,12.5,0,0.4,0.915,RENT,home_improvement,0
21,42000.0,5.3,500.0,44900.0,10.3,0,0.14,1.069,RENT,other,1
52,152000.0,2.4,53000.0,113200.0,15.7,0,0.438,0.745,MORTGAGE,home_improvement,0
21,35000.0,6.5,6600.0,35400.0,10.6,0,0.31,1.011,RENT,business,0
23,38000.0,8.6,4200.0,20100.0,15.8,0,0.174,0.529,OWN,home_improvement,0
64,216000.0,5.0,21900.0,222600.0,9.2,0,0.225,1.031,MORTGAGE,business,0
58,59000.0,0.0,6300.0,63700.0,12.5,0,0.236,1.08,RENT,debt_consolidation,0
52,26000.0,8.7,5200.0,21800.0,10.6,0,0.301,0.838,MORTGAGE,business,0
57,72000.0,6.5,12100.0,39300.0,6.4,1,0.234,0.546,MORTGAGE,business,0
24,33000.0,1.5,16600.0,12300.0,7.0,0,0.548,0.373,MORTGAGE,education,0
24,74000.0,9.5,22000.0,31400.0,6.0,0,0.348,0.424,MORTGAGE,business,0
34,45000.0,0.0,11500.0,9100.0,9.3,0,0.28,0.202,MORTGAGE,medical,0
22,40000.0,10.7,3500.0,4200.0,5.7,1,0.1,0.105,RENT,home_improvement,0
60,101000.0,5.7,53100.0,53200.0,10.2,0,0.589,0.527,MORTGAGE,medical,0
23,63000.0,0.0,2100.0,6200.0,10.0,0,0.045,0.098,RENT,medical,0
44,76000.0,6.8,10900.0,80800.0,9.0,0,0.271,1.063,OWN,education,0
58,60000.0,4.2,22400.0,47800.0,9.1,0,0.469,0.797,MORTGAGE,home_improvement,0
53,40000.0,3.5,16900.0,40800.0,5.2,0,0.545,1.02,MORTGAGE,education,1
31,65000.0,2.7,31200.0,36500.0,6.6,1,0.547,0.562,MORTGAGE,debt_consolidation,1
41,84000.0,5.4,20700.0,25800.0,0.0,0,0.283,0.307,RENT,medical,0
45,52000.0,3.8,10800.0,20000.0,7.4,1,0.254,0.385,RENT,medical,0
54,110000.0,0.0,19000.0,113600.0,3.1,1,0.297,1.033,RENT,medical,1
39,72000.0,11.7,24500.0,13700.0,8.5,1,0.363,0.19,MORTGAGE,business,0
33,54000.0,4.9,11300.0,46100.0,4.4,1,0.312,0.854,MORTGAGE,education,0
56,55000.0,2.7,10800.0,17000.0,0.0,3,0.233,0.309,RENT,education,0
60,52000.0,0.9,500.0,23700.0,19.3,0,0.064,0.456,MORTGAGE,business,0
42,28000.0,9.5,15900.0,1500.0,6.8,0,0.574,0.054,RENT,home_improvement,0
22,47000.0,0.2,1700.0,28200.0,15.2,0,0.108,0.6,MORTGAGE,debt_consolidation,0
43,54000.0,6.6,8800.0,10700.0,5.4,1,0.187,0.198,RENT,home_improvement,0
60,41000.0,3.4,22700.0,42600.0,16.5,0,0.678,1.039,OWN,business,0
64,57000.0,3.6,25100.0,9300.0,2.2,0,0.46,0.163,MORTGAGE,education,0
38,49000.0,1.0,17000.0,16600.0,8.9,1,0.388,0.339,MORTGAGE,home_improvement,0
27,69000.0,3.2,27400.0,4600.0,2.5,0,0.405,0.067,MORTGAGE,education,0
46,66000.0,6.0,3800.0,78700.0,21.0,0,0.201,1.192,MORTGAGE,home_improvement,0
57,53000.0,7.1,25700.0,41700.0,6.8,0,0.579,0.787,MORTGAGE,business,0
62,26000.0,2.5,3900.0,20500.0,12.1,0,0.245,0.788,RENT,debt_consolidation,0
23,110000.0,5.6,63100.0,71100.0,10.3,0,0.651,0.646,RENT,home_improvement,0
33,46000.0,10.0,6400.0,48200.0,7.9,1,0.265,1.048,RENT,business,0
42,47000.0,0.0,17600.0,10100.0,10.6,0,0.4,0.215,MORTGAGE,business,0
25,42000.0,6.0,13700.0,40400.0,14.8,0,0.442,0.962,MORTGAGE,home_improvement,0
59,39000.0,1.7,3300.0,38100.0,11.3,1,0.202,0.977,RENT,other,0
25,98000.0,1.3,21300.0,9000.0,8.8,0,0.228,0.092,RENT,debt_consolidation,0
50,91000.0,7.2,42700.0,18400.0,10.6,0,0.493,0.202,MORTGAGE,home_improvement,0
61,60000.0,3.5,7700.0,40800.0,17.6,0,0.21,0.68,MORTGAGE,home_improvement,1
51,47000.0,0.5,27200.0,7200.0,5.9,0,0.597,0.153,MORTGAGE,medical,0
54,65000.0,12.0,11500.0,24400.0,0.0,0,0.222,0.375,MORTGAGE,medical,0
32,51000.0,10.1,19200.0,26200.0,2.5,0,0.438,0.514,RENT,education,0
57,45000.0,0.0,16700.0,10400.0,2.9,1,0.399,0.231,MORTGAGE,home_improvement,0
39,57000.0,0.0,16100.0,49000.0,3.6,1,0.386,0.86,MORTGAGE,medical,1
23,40000.0,8.7,15700.0,24800.0,3.8,2,0.467,0.62,MORTGAGE,education,0
37,55000.0,4.7,24500.0,43200.0,7.9,0,0.54,0.785,RENT,other,0
36,54000.0,12.8,20100.0,32200.0,9.2,0,0.444,0.596,MORTGAGE,debt_consolidation,0
43,64000.0,8.8,21500.0,33600.0,9.2,1,0.399,0.525,RENT,other,0
32,37000.0,7.3,13500.0,22800.0,4.3,2,0.439,0.616,RENT,business,0
41,67000.0,1.4,16200.0,72700.0,13.0,1,0.372,1.085,RENT,education,0
39,33000.0,8.2,1400.0,16700.0,10.7,0,0.103,0.506,MORTGAGE,business,0
35,38000.0,0.3,3600.0,30000.0,15.9,0,0.189,0.789,MORTGAGE,business,0
51,39000.0,11.9,14200.0,39400.0,12.2,0,0.485,1.01,RENT,other,1
34,30000.0,7.9,16700.0,22900.0,6.3,0,0.648,0.763,RENT,medical,0
54,77000.0,2.3,1200.0,23900.0,14.5,0,0.053,0.31,RENT,debt_consolidation,0
32,32000.0,9.6,10400.0,6100.0,9.4,1,0.348,0.191,MORTGAGE,business,0
59,36000.0,16.1,5400.0,26300.0,12.0,0,0.238,0.731,MORTGAGE,debt_consolidation,0
37,86000.0,5.0,29000.0,76200.0,11.6,0,0.444,0.886,MORTGAGE,other,0
22,38000.0,8.5,17100.0,35500.0,7.4,1,0.562,0.934,MORTGAGE,business,0
27,45000.0,4.1,19900.0,38200.0,8.5,0,0.544,0.849,OWN,business,0
56,31000.0,6.4,13500.0,1700.0,7.3,1,0.442,0.055,MORTGAGE,education,0
59,71000.0,0.0,33200.0,66700.0,3.7,0,0.58,0.939,OWN,debt_consolidation,0
30,72000.0,6.0,3100.0,53700.0,0.0,1,0.133,0.746,MORTGAGE,education,0
47,68000.0,6.2,20800.0,80700.0,4.5,0,0.448,1.187,MORTGAGE,home_improvement,0
46,62000.0,14.1,9700.0,57600.0,9.0,0,0.268,0.929,MORTGAGE,other,0
26,51000.0,0.0,28200.0,27800.0,13.4,0,0.618,0.545,OWN,business,0
40,39000.0,4.7,18300.0,32300.0,12.0,0,0.569,0.828,RENT,home_improvement,0
51,34000.0,11.8,2200.0,25800.0,6.6,0,0.156,0.759,MORTGAGE,debt_consolidation,0
63,88000.0,4.9,12800.0,38500.0,4.6,1,0.198,0.438,MORTGAGE,other,0
58,69000.0,5.2,18800.0,45800.0,7.1,0,0.352,0.664,OWN,medical,0
25,36000.0,2.3,20800.0,10300.0,3.1,0,0.612,0.286,RENT,business,1
31,50000.0,1.8,3300.0,7600.0,0.0,1,0.084,0.152,MORTGAGE,medical,0
40,43000.0,0.0,14700.0,38400.0,0.3,0,0.449,0.893,RENT,home_improvement,0
27,30000.0,3.2,6100.0,14800.0,14.9,0,0.263,0.493,OWN,business,0
46,53000.0,1.5,20600.0,48700.0,17.3,0,0.499,0.919,MORTGAGE,home_improvement,0
21,41000.0,6.5,16000.0,25100.0,11.8,0,0.464,0.612,MORTGAGE,business,0
25,32000.0,2.5,4600.0,31400.0,7.7,3,0.262,0.981,MORTGAGE,other,1
23,25000.0,3.8,11800.0,22500.0,1.0,0,0.58,0.9,MORTGAGE,debt_consolidation,0
34,24000.0,4.0,1300.0,22300.0,7.2,0,0.166,0.929,MORTGAGE,business,0
54,41000.0,5.8,20100.0,22300.0,11.1,0,0.556,0.544,RENT,business,0
28,47000.0,3.6,6000.0,54300.0,12.1,0,0.266,1.155,OWN,business,0
64,33000.0,1.2,11700.0,17000.0,11.4,0,0.416,0.515,MORTGAGE,business,1
32,66000.0,6.4,13800.0,63500.0,14.0,2,0.325,0.962,RENT,other,0
22,48000.0,10.8,17600.0,29400.0,17.7,0,0.44,0.612,MORTGAGE,debt_consolidation,0
35,64000.0,6.6,10300.0,20500.0,6.0,0,0.199,0.32,RENT,home_improvement,0
53,45000.0,3.3,15400.0,34800.0,22.0,0,0.435,0.773,MORTGAGE,education,0
25,34000.0,5.4,200.0,20000.0,0.0,1,0.076,0.588,MORTGAGE,other,0
24,52000.0,0.0,11700.0,18400.0,4.1,1,0.267,0.354,MORTGAGE,medical,0
58,28000.0,5.4,13900.0,13700.0,9.0,1,0.555,0.489,RENT,medical,1
47,62000.0,4.2,17200.0,14500.0,10.7,1,0.305,0.234,MORTGAGE,education,0
36,32000.0,1.8,9600.0,37900.0,7.1,2,0.442,1.184,MORTGAGE,debt_consolidation,0
54,74000.0,2.6,27600.0,58400.0,5.5,1,0.468,0.789,MORTGAGE,education,1
58,42000.0,4.2,10900.0,10500.0,19.0,0,0.29,0.25,MORTGAGE,education,0
36,79000.0,10.5,41100.0,73400.0,5.3,0,0.632,0.929,MORTGAGE,debt_consolidation,0
45,30000.0,10.9,7300.0,22300.0,2.9,0,0.333,0.743,MORTGAGE,debt_consolidation,0
21,36000.0,1.8,20400.0,31700.0,16.5,0,0.672,0.881,RENT,business,0
34,58000.0,3.7,30500.0,41900.0,12.2,2,0.613,0.722,RENT,home_improvement,1
47,83000.0,3.8,21000.0,9900.0,13.5,0,0.267,0.119,MORTGAGE,home_improvement,0
29,104000.0,9.6,22800.0,29500.0,9.0,0,0.253,0.284,OWN,debt_consolidation,0
64,50000.0,6.7,20300.0,46700.0,1.1,0,0.518,0.934,RENT,education,0
63,112000.0,6.4,50800.0,102800.0,8.4,1,0.564,0.918,MORTGAGE,debt_consolidation,1
32,43000.0,8.4,4800.0,39400.0,0.4,0,0.222,0.916,MORTGAGE,medical,0
38,80000.0,3.3,11600.0,5400.0,9.2,0,0.153,0.068,RENT,debt_consolidation,0
29,32000.0,12.1,2800.0,31200.0,11.3,0,0.204,0.975,RENT,debt_consolidation,0
43,59000.0,6.0,26900.0,32700.0,13.4,0,0.522,0.554,MORTGAGE,other,1
26,17000.0,2.1,7300.0,14400.0,7.5,0,0.531,0.847,RENT,education,0
38,30000.0,5.0,3400.0,10900.0,11.7,0,0.157,0.363,RENT,home_improvement,0
45,60000.0,11.5,19300.0,56100.0,3.5,1,0.434,0.935,OWN,debt_consolidation,0
47,27000.0,4.1,12400.0,31800.0,12.8,0,0.601,1.178,OWN,education,1
47,59000.0,10.3,33500.0,20200.0,11.4,2,0.609,0.342,RENT,home_improvement,0
30,74000.0,3.2,7900.0,70400.0,4.0,2,0.221,0.951,RENT,home_improvement,0
55,39000.0,2.6,7100.0,29100.0,10.7,0,0.272,0.746,MORTGAGE,education,1
51,32000.0,9.0,6700.0,11600.0,13.4,0,0.253,0.362,OWN,debt_consolidation,0
54,40000.0,2.1,15000.0,15500.0,8.4,1,0.422,0.388,OWN,education,0
41,32000.0,9.7,2600.0,28500.0,3.9,1,0.188,0.891,OWN,education,1
60,47000.0,7.6,5500.0,17700.0,8.9,1,0.162,0.377,MORTGAGE,education,0
38,51000.0,2.1,23900.0,5400.0,10.8,0,0.481,0.106,OWN,business,0
56,43000.0,5.7,14000.0,45400.0,3.8,1,0.452,1.056,RENT,debt_consolidation,1
29,104000.0,3.5,10000.0,75600.0,3.0,0,0.183,0.727,RENT,home_improvement,0
31,35000.0,7.6,8200.0,32300.0,10.6,0,0.345,0.923,MORTGAGE,education,0
44,92000.0,14.5,7400.0,68400.0,12.1,0,0.17,0.743,MORTGAGE,education,1
45,31000.0,4.3,6700.0,20000.0,18.7,0,0.294,0.645,MORTGAGE,debt_consolidation,0
53,51000.0,8.4,12200.0,47700.0,11.3,0,0.351,0.935,MORTGAGE,home_improvement,0
34,83000.0,6.1,5600.0,7200.0,2.0,1,0.078,0.087,OWN,home_improvement,0
59,82000.0,6.1,2900.0,33500.0,18.2,0,0.084,0.409,RENT,other,0
35,41000.0,5.3,21700.0,31600.0,13.3,0,0.622,0.771,RENT,debt_consolidation,1
44,63000.0,2.1,33600.0,71500.0,0.0,0,0.67,1.135,MORTGAGE,education,1
62,59000.0,7.5,100.0,29700.0,2.8,0,0.062,0.503,MORTGAGE,home_improvement,0
44,38000.0,4.7,14600.0,44500.0,5.5,1,0.525,1.171,RENT,other,0
51,65000.0,1.9,3700.0,59700.0,12.2,0,0.167,0.918,RENT,medical,0
60,113000.0,10.6,54900.0,68700.0,0.0,0,0.559,0.608,OWN,home_improvement,0
63,61000.0,6.4,32200.0,33200.0,7.4,0,0.593,0.544,OWN,other,0
42,63000.0,5.0,23300.0,12500.0,11.9,0,0.394,0.198,MORTGAGE,medical,0
39,66000.0,12.0,24300.0,50000.0,0.0,0,0.459,0.758,MORTGAGE,home_improvement,0
29,25000.0,0.0,5600.0,2800.0,11.7,0,0.237,0.112,OWN,business,0
44,60000.0,11.7,9000.0,32600.0,12.3,0,0.215,0.543,RENT,business,0
61,31000.0,2.0,9300.0,10000.0,3.8,2,0.339,0.323,MORTGAGE,medical,0
42,38000.0,7.0,3000.0,43700.0,2.2,1,0.217,1.15,MORTGAGE,debt_consolidation,0
36,130000.0,3.4,52400.0,60800.0,3.7,0,0.459,0.468,OWN,business,0
25,44000.0,1.8,12400.0,27000.0,0.0,0,0.355,0.614,RENT,education,0
38,35000.0,11.9,3700.0,16900.0,6.4,1,0.164,0.483,OWN,debt_consolidation,0
31,82000.0,14.4,28900.0,17000.0,9.1,1,0.377,0.207,MORTGAGE,education,0
63,32000.0,5.0,15300.0,14600.0,1.9,0,0.533,0.456,RENT,education,0
44,40000.0,7.5,14100.0,37800.0,12.9,0,0.466,0.945,MORTGAGE,debt_consolidation,0
27,86000.0,6.3,27300.0,65700.0,8.5,1,0.409,0.764,RENT,home_improvement,1
23,50000.0,13.8,25400.0,27700.0,9.3,0,0.574,0.554,MORTGAGE,medical,0
58,24000.0,0.0,200.0,23800.0,6.0,0,0.127,0.992,MORTGAGE,business,0
61,63000.0,7.7,23300.0,3500.0,11.7,0,0.377,0.056,MORTGAGE,debt_consolidation,0
54,41000.0,2.7,10100.0,41000.0,14.5,0,0.366,1.0,MORTGAGE,home_improvement,0
26,98000.0,0.0,11400.0,11600.0,6.0,2,0.131,0.118,MORTGAGE,business,0
25,37000.0,4.4,21700.0,38900.0,11.8,0,0.713,1.051,RENT,debt_consolidation,0
29,79000.0,14.3,19100.0,90000.0,11.9,0,0.378,1.139,OWN,medical,0
54,109000.0,3.0,21900.0,108100.0,10.1,0,0.32,0.992,OWN,education,0
54,33000.0,9.6,3300.0,2400.0,16.4,0,0.109,0.073,MORTGAGE,business,0
57,45000.0,11.4,26900.0,29500.0,4.4,1,0.676,0.656,RENT,debt_consolidation,1
25,58000.0,5.9,29800.0,58200.0,5.9,1,0.634,1.003,OWN,debt_consolidation,1
27,33000.0,6.5,1400.0,22300.0,4.1,0,0.124,0.676,OWN,business,0
60,55000.0,0.0,18700.0,25500.0,11.6,1,0.396,0.464,OWN,home_improvement,1
61,44000.0,2.8,3900.0,26000.0,6.6,0,0.16,0.591,RENT,education,0
52,44000.0,10.1,18900.0,6300.0,4.5,0,0.447,0.143,OWN,business,0
25,50000.0,6.3,14500.0,31000.0,16.3,0,0.364,0.62,RENT,education,0
24,51000.0,7.7,3400.0,4200.0,17.0,0,0.077,0.082,MORTGAGE,education,0
23,53000.0,6.6,17700.0,41900.0,6.4,2,0.429,0.791,MORTGAGE,debt_consolidation,0
51,37000.0,15.9,20200.0,18500.0,1.2,1,0.606,0.5,MORTGAGE,medical,0
58,38000.0,4.1,7800.0,10300.0,17.3,0,0.238,0.271,RENT,debt_consolidation,0
48,46000.0,13.2,1400.0,3200.0,10.4,2,0.039,0.07,MORTGAGE,education,0
32,48000.0,6.6,27200.0,53300.0,10.1,0,0.7,1.11,RENT,education,1
54,40000.0,13.6,3400.0,27600.0,8.5,0,0.168,0.69,MORTGAGE,business,0
23,57000.0,0.5,16200.0,45300.0,4.0,0,0.38,0.795,RENT,business,0
57,22000.0,6.8,7200.0,20800.0,5.9,1,0.441,0.945,MORTGAGE,medical,0
60,35000.0,4.2,5000.0,27000.0,11.4,0,0.235,0.771,MORTGAGE,medical,0
52,43000.0,6.6,4600.0,22600.0,5.8,1,0.17,0.526,OWN,home_improvement,0
59,33000.0,11.5,2200.0,25500.0,10.2,0,0.159,0.773,MORTGAGE,education,0
46,102000.0,7.7,4300.0,34700.0,8.1,1,0.083,0.34,MORTGAGE,other,0
41,49000.0,11.5,14900.0,34100.0,2.7,2,0.388,0.696,OWN,business,0
35,53000.0,3.0,26800.0,15200.0,16.1,0,0.54,0.287,OWN,business,0
61,39000.0,2.3,3000.0,43100.0,11.0,0,0.21,1.105,MORTGAGE,other,0
51,49000.0,6.1,20600.0,31200.0,9.7,2,0.497,0.637,MORTGAGE,debt_consolidation,0
29,28000.0,5.8,6900.0,8900.0,10.8,0,0.285,0.318,RENT,debt_consolidation,0
63,45000.0,5.2,1000.0,35400.0,0.0,2,0.117,0.787,MORTGAGE,debt_consolidation,1
23,32000.0,1.7,10300.0,4900.0,5.5,1,0.34,0.153,OWN,education,0
46,43000.0,11.4,6500.0,23600.0,0.4,0,0.217,0.549,OWN,business,0
29,15000.0,4.4,5400.0,15700.0,8.6,1,0.486,1.047,RENT,other,0
50,30000.0,12.4,6300.0,28000.0,9.6,0,0.322,0.933,RENT,medical,0
39,95000.0,6.1,38000.0,81600.0,8.7,0,0.503,0.859,OWN,business,1
40,71000.0,8.9,39100.0,42000.0,13.9,0,0.622,0.592,OWN,other,1
50,89000.0,8.5,13100.0,50200.0,0.5,3,0.215,0.564,MORTGAGE,home_improvement,1
54,92000.0,2.3,51900.0,5800.0,4.0,1,0.572,0.063,RENT,business,0
37,66000.0,7.7,8100.0,48800.0,10.1,0,0.211,0.739,MORTGAGE,medical,0
64,40000.0,14.7,1700.0,28500.0,9.3,0,0.128,0.712,MORTGAGE,home_improvement,0
42,31000.0,7.1,3600.0,1700.0,1.4,0,0.123,0.055,RENT,education,0
28,82000.0,10.1,40100.0,17000.0,14.0,0,0.514,0.207,RENT,debt_consolidation,0
21,50000.0,9.1,20300.0,3200.0,15.7,0,0.414,0.064,RENT,education,0
29,151000.0,7.4,88000.0,51500.0,10.1,0,0.624,0.341,MORTGAGE,medical,0
51,42000.0,6.8,17900.0,2300.0,0.5,1,0.433,0.055,RENT,education,0
44,119000.0,8.5,29500.0,63100.0,8.8,1,0.312,0.53,MORTGAGE,education,1
35,46000.0,9.4,24600.0,27500.0,9.7,2,0.607,0.598,RENT,medical,0
42,89000.0,0.0,51200.0,49200.0,6.6,1,0.642,0.553,MORTGAGE,other,1
57,105000.0,7.1,49900.0,29300.0,14.7,0,0.509,0.279,OWN,education,0
46,31000.0,5.2,10400.0,20200.0,7.4,0,0.414,0.652,MORTGAGE,business,0
23,39000.0,4.2,19300.0,38500.0,18.5,0,0.613,0.987,RENT,education,0
23,31000.0,11.8,3300.0,11900.0,11.9,0,0.153,0.384,MORTGAGE,other,0
42,28000.0,2.7,15100.0,11500.0,9.4,2,0.589,0.411,RENT,medical,0
38,66000.0,0.0,39600.0,44500.0,12.6,0,0.681,0.674,MORTGAGE,business,0
58,45000.0,9.6,18000.0,14300.0,15.7,0,0.438,0.318,RENT,home_improvement,0
46,50000.0,0.0,5900.0,21900.0,12.5,0,0.171,0.438,OWN,medical,0
54,63000.0,0.0,5500.0,35900.0,7.6,0,0.156,0.57,RENT,home_improvement,0
46,21000.0,10.1,12100.0,10400.0,4.7,1,0.636,0.495,OWN,medical,0
36,87000.0,6.7,45500.0,86200.0,2.4,0,0.642,0.991,MORTGAGE,home_improvement,1
49,42000.0,8.1,18900.0,43100.0,0.0,0,0.573,1.026,RENT,medical,0
48,62000.0,4.0,35300.0,31800.0,8.9,1,0.631,0.513,OWN,home_improvement,1
52,65000.0,0.0,19600.0,36700.0,6.1,1,0.369,0.565,MORTGAGE,medical,1
29,91000.0,0.7,48500.0,104700.0,6.3,2,0.671,1.151,MORTGAGE,education,1
49,47000.0,4.8,4600.0,29500.0,13.1,0,0.173,0.628,MORTGAGE,other,0
33,19000.0,0.3,2100.0,22600.0,7.4,0,0.253,1.189,RENT,debt_consolidation,0
55,50000.0,7.4,15400.0,46400.0,17.5,0,0.419,0.928,RENT,home_improvement,0
56,54000.0,3.9,10800.0,19100.0,5.1,0,0.242,0.354,OWN,business,0
48,31000.0,6.8,8000.0,9700.0,3.1,3,0.296,0.313,RENT,other,0
62,52000.0,6.7,24900.0,12100.0,1.7,1,0.507,0.233,OWN,business,1
44,42000.0,7.7,1300.0,41000.0,11.6,0,0.148,0.976,RENT,medical,0
22,27000.0,8.2,11700.0,10900.0,13.8,3,0.482,0.404,MORTGAGE,home_improvement,0
47,66000.0,4.5,3500.0,54600.0,5.0,3,0.152,0.827,MORTGAGE,education,0
55,38000.0,6.8,19300.0,25500.0,2.7,0,0.588,0.671,MORTGAGE,other,1
25,41000.0,7.1,5000.0,41000.0,15.7,0,0.242,1.0,OWN,home_improvement,0
25,40000.0,0.0,17600.0,36500.0,0.7,0,0.55,0.912,RENT,other,0
33,85000.0,8.9,30200.0,10500.0,13.1,2,0.37,0.124,MORTGAGE,home_improvement,0
58,48000.0,6.7,11100.0,21100.0,5.1,1,0.284,0.44,RENT,education,0
44,51000.0,8.5,8200.0,33100.0,10.0,0,0.239,0.649,RENT,medical,0
63,40000.0,0.2,1400.0,39000.0,13.4,0,0.152,0.975,RENT,home_improvement,0
59,60000.0,4.6,12700.0,52300.0,10.4,2,0.316,0.872,MORTGAGE,debt_consolidation,1
45,90000.0,1.1,10800.0,61400.0,6.5,0,0.202,0.682,MORTGAGE,home_improvement,0
50,66000.0,9.4,5400.0,64700.0,15.0,0,0.199,0.98,RENT,debt_consolidation,0
35,67000.0,0.0,29700.0,36900.0,9.4,1,0.509,0.551,OWN,medical,0
24,64000.0,1.8,8200.0,7300.0,26.4,0,0.142,0.114,RENT,home_improvement,0
38,26000.0,8.4,3500.0,27300.0,0.0,1,0.261,1.05,OWN,education,1
47,33000.0,3.2,6700.0,21600.0,0.0,0,0.282,0.655,RENT,home_improvement,1
29,45000.0,1.8,12500.0,44100.0,13.0,1,0.395,0.98,MORTGAGE,home_improvement,0
30,35000.0,10.1,10800.0,17500.0,7.8,0,0.369,0.5,RENT,other,0
21,30000.0,10.3,12000.0,21800.0,12.0,0,0.487,0.727,MORTGAGE,education,0
53,21000.0,9.2,7400.0,9000.0,2.5,1,0.404,0.429,OWN,medical,0
60,27000.0,9.8,7800.0,14100.0,8.3,0,0.352,0.522,MORTGAGE,education,0
57,44000.0,5.0,10400.0,9700.0,10.3,0,0.263,0.22,RENT,education,0
37,48000.0,5.1,7700.0,43300.0,5.3,0,0.269,0.902,MORTGAGE,home_improvement,0
47,34000.0,3.1,14500.0,12700.0,9.2,0,0.471,0.374,MORTGAGE,other,0
63,51000.0,6.8,9700.0,20200.0,1.2,0,0.238,0.396,RENT,medical,0
47,40000.0,3.6,20400.0,18300.0,10.0,1,0.565,0.458,MORTGAGE,education,0
34,80000.0,4.1,28100.0,43800.0,15.2,0,0.417,0.548,OWN,medical,0
35,46000.0,8.7,17500.0,32800.0,1.8,1,0.466,0.713,RENT,other,1
52,67000.0,11.3,20500.0,56000.0,1.5,0,0.406,0.836,MORTGAGE,medical,0
40,54000.0,7.8,30100.0,44700.0,13.9,0,0.657,0.828,OWN,other,1
57,26000.0,14.1,6600.0,14000.0,1.4,0,0.318,0.538,MORTGAGE,medical,0
59,47000.0,2.8,12000.0,28400.0,12.2,0,0.328,0.604,MORTGAGE,business,0
22,28000.0,0.0,15000.0,5900.0,8.3,0,0.561,0.211,RENT,education,0
52,47000.0,9.2,17100.0,30500.0,5.9,1,0.442,0.649,RENT,medical,0
37,35000.0,2.5,9400.0,37100.0,15.3,0,0.396,1.06,RENT,medical,0
43,58000.0,4.8,9100.0,33600.0,12.6,0,0.226,0.579,MORTGAGE,business,0
32,27000.0,0.0,4000.0,30500.0,9.4,1,0.284,1.13,RENT,business,0
37,49000.0,2.0,23600.0,11200.0,0.0,1,0.509,0.229,MORTGAGE,home_improvement,1
35,63000.0,0.0,10600.0,56500.0,11.6,0,0.276,0.897,MORTGAGE,education,0
23,74000.0,4.0,300.0,63900.0,2.6,0,0.108,0.864,RENT,education,0
55,35000.0,4.2,400.0,29200.0,6.9,1,0.112,0.834,MORTGAGE,other,0
27,49000.0,6.4,28800.0,39800.0,8.0,0,0.685,0.812,MORTGAGE,home_improvement,0
37,53000.0,11.6,17800.0,4000.0,17.5,0,0.345,0.075,MORTGAGE,medical,0
29,98000.0,9.0,28800.0,88500.0,6.7,1,0.402,0.903,MORTGAGE,home_improvement,0
28,25000.0,0.0,13800.0,15600.0,0.9,0,0.627,0.624,RENT,debt_consolidation,0
37,33000.0,8.7,7000.0,21500.0,15.3,0,0.29,0.652,MORTGAGE,debt_consolidation,0
61,173000.0,6.5,82500.0,18800.0,11.6,0,0.49,0.109,MORTGAGE,debt_consolidation,0
62,43000.0,5.6,18600.0,11500.0,11.8,0,0.465,0.267,MORTGAGE,other,0
37,21000.0,5.9,6000.0,23100.0,15.4,0,0.418,1.1,MORTGAGE,other,0
43,38000.0,6.9,17700.0,15700.0,16.6,0,0.515,0.413,RENT,debt_consolidation,0
64,15000.0,2.9,8700.0,7500.0,3.5,1,0.64,0.5,MORTGAGE,home_improvement,0
31,55000.0,5.2,6600.0,14700.0,1.0,0,0.152,0.267,RENT,education,0
62,71000.0,11.3,700.0,55200.0,12.2,0,0.103,0.777,RENT,debt_consolidation,0
25,33000.0,2.8,16300.0,29800.0,6.7,0,0.602,0.903,RENT,education,0
30,40000.0,1.4,9700.0,44400.0,7.1,0,0.376,1.11,OWN,other,0
35,74000.0,5.7,24200.0,51500.0,2.4,2,0.411,0.696,MORTGAGE,education,0
22,22000.0,0.9,2900.0,8100.0,10.9,0,0.176,0.368,OWN,medical,0
56,27000.0,0.0,13600.0,3600.0,10.0,0,0.52,0.133,MORTGAGE,other,0
58,44000.0,4.4,19000.0,15700.0,7.2,0,0.475,0.357,OWN,debt_consolidation,0
37,35000.0,12.5,20000.0,26600.0,1.1,0,0.663,0.76,MORTGAGE,business,0
57,43000.0,5.8,12300.0,50300.0,14.0,0,0.426,1.17,MORTGAGE,education,0
54,28000.0,6.8,16400.0,4000.0,9.3,0,0.603,0.143,RENT,medical,0
56,54000.0,0.0,16600.0,26800.0,13.6,0,0.367,0.496,MORTGAGE,other,0
56,46000.0,8.0,17200.0,37600.0,0.0,2,0.472,0.817,MORTGAGE,business,1
46,63000.0,6.4,25500.0,44800.0,8.3,1,0.49,0.711,RENT,home_improvement,0
25,54000.0,3.0,15900.0,43200.0,4.4,0,0.39,0.8,RENT,business,1
61,54000.0,6.8,18200.0,31500.0,8.2,1,0.407,0.583,RENT,home_improvement,0
47,26000.0,6.8,3500.0,9300.0,12.7,0,0.178,0.358,RENT,education,0
60,61000.0,1.2,13300.0,36900.0,9.8,0,0.291,0.605,MORTGAGE,medical,0
63,42000.0,7.5,17700.0,20500.0,8.1,2,0.48,0.488,MORTGAGE,education,0
29,45000.0,11.4,1100.0,39000.0,8.1,0,0.128,0.867,OWN,other,1
38,79000.0,5.0,33200.0,19500.0,0.2,1,0.45,0.247,MORTGAGE,home_improvement,0
29,35000.0,2.1,6400.0,21700.0,3.5,0,0.257,0.62,MORTGAGE,medical,0
23,90000.0,5.2,14700.0,103800.0,13.6,0,0.302,1.153,MORTGAGE,home_improvement,1
63,94000.0,9.8,39100.0,62200.0,5.5,0,0.495,0.662,MORTGAGE,medical,0
61,69000.0,0.5,8900.0,22300.0,13.7,0,0.168,0.323,RENT,other,0
61,32000.0,8.6,18500.0,36000.0,12.1,0,0.713,1.125,MORTGAGE,other,1
59,18000.0,2.9,10700.0,6000.0,12.4,0,0.634,0.333,RENT,business,1
49,80000.0,7.1,22000.0,73100.0,9.7,4,0.385,0.914,MORTGAGE,medical,0
43,52000.0,3.5,12500.0,9100.0,5.8,0,0.261,0.175,RENT,education,0
64,35000.0,3.4,1700.0,36000.0,7.2,0,0.172,1.029,MORTGAGE,home_improvement,0
45,83000.0,12.9,38800.0,21400.0,11.2,0,0.498,0.258,OWN,debt_consolidation,1
49,33000.0,0.0,3200.0,16600.0,0.0,0,0.157,0.503,MORTGAGE,medical,0
30,41000.0,8.2,23000.0,47600.0,14.2,0,0.7,1.161,RENT,business,1
53,62000.0,13.8,36900.0,44400.0,5.5,0,0.681,0.716,MORTGAGE,other,0
57,30000.0,9.1,2200.0,10600.0,7.6,0,0.116,0.353,MORTGAGE,other,1
50,47000.0,0.0,19300.0,2400.0,7.6,0,0.417,0.051,OWN,home_improvement,0
42,80000.0,0.2,22400.0,4600.0,7.8,0,0.287,0.058,MORTGAGE,other,0
